asking_price,building_sf,cap_rate,date,land_acres,lease_years_remaining,listing_type,location,message_id,property_description,property_details,sender_email,subject_raw,thread_id,vehicles_per_day
,,,"Mon, 06 Apr 2026 15:03:49 -0500",,,Active,,19d646c4b24b79d5,New Construction NNN Power Center,National Credit Tenants | Starbucks Outparcel | Major Retail Hub,Sands Investment Group <dan@sandsig.com>,New Construction NNN Power Center | National Credit Tenants | Starbucks Outparcel | Major Retail Hub,19d646c4b24b79d5,
,,,"Mon, 06 Apr 2026 14:03:39 -0500",,13,New,,19d6436296762659,Just Listed,Pizza Hut | 13 Years Remaining | Strong Operator (380+ Units) | Hwy 52 Frontage,Sands Investment Group <adam@sandsig.com>,Just Listed | Pizza Hut | 13 Years Remaining | Strong Operator (380+ Units) | Hwy 52 Frontage,19d6436296762659,
,,,"Mon, 6 Apr 2026 18:33:40 +0000 (GMT)",,,Active,,19d641267a0eea82,Immediate Buyer Needs,,Sands Investment Group <info@sandsig.com>,Immediate Buyer Needs,19d641267a0eea82,
,,,"Mon, 06 Apr 2026 13:03:48 -0500",,15,Active,,19d6400dc0ec3d35,15 Year Ground Lease,Circle K | Texas,Sands Investment Group <stratton@sandsig.com>,15 Year Ground Lease | Circle K | Texas,19d6400dc0ec3d35,
,,9.75,"Mon, 06 Apr 2026 12:03:56 -0500",,,New,,19d63cc120e99b9a,New Listing,High-Demand VA Clinic - Kentucky | 9.75% CAP | Multi-State Patient Base,Sands Investment Group <cole@sandsig.com>,New Listing | High-Demand VA Clinic - Kentucky | 9.75% CAP | Multi-State Patient Base,19d63cc120e99b9a,
,,,"Mon, 06 Apr 2026 11:03:44 -0500",,,Active,"Jacksonville, FL",19d63937e926a15c,"Byrider - Jacksonville, FL",150+ Locations | ABS NNN | Strong Signalized Corner,Sands Investment Group <gary@sandsig.com>,"Byrider - Jacksonville, FL | 150+ Locations | ABS NNN | Strong Signalized Corner",19d63937e926a15c,
800000.0,,,"Mon, 06 Apr 2026 10:03:47 -0500",,,New,,19d6361db29b9746,New Listing,"Stabilized Retail Asset | $800K | Memphis, TN | High-Traffic Location",Sands Investment Group <lkortava@sandsig.com>,"New Listing | Stabilized Retail Asset | $800K | Memphis, TN | High-Traffic Location",19d6361db29b9746,
,,,"Mon, 06 Apr 2026 09:04:04 -0500",,,Active,,19d632657aea2e61,KinderCare (Dark),"ABS NNN | Dayton, OH | Prime Frontage Busy Corridor",Sands Investment Group <agilbert@sandsig.com>,"KinderCare (Dark) | ABS NNN | Dayton, OH | Prime Frontage Busy Corridor",19d632657aea2e61,
,,,"Mon, 06 Apr 2026 08:04:15 -0500",,,New,,19d62f84c063b46a,New Listing,Outback Steakhouse | I-95 Corridor | Absolute NNN With 10% Rent Growth,Sands Investment Group <croberts@sandsig.com>,New Listing | Outback Steakhouse | I-95 Corridor | Absolute NNN With 10% Rent Growth,19d62f84c063b46a,
130.0,,9.0,"Fri, 03 Apr 2026 14:05:25 -0500",,,New,"Growth Madison, WI",19d54d6804b3e411,Just Listed,"900+ Unit Corporate Veterinary Operator | 9.00% CAP | $130k+ AHHI | High-Growth Madison, WI Suburb",Sands Investment Group <kpierson@sandsig.com>,"Just Listed | 900+ Unit Corporate Veterinary Operator | 9.00% CAP | $130k+ AHHI | High-Growth Madison, WI Suburb",19d54d6804b3e411,
,,9.0,"Fri, 03 Apr 2026 13:05:28 -0500",,,Active,,19d5499d4ce0d557,9.00% CAP,"Brand New NNN Seafood Restaurant | Baton Rouge, LA | 3% Annual Rent Increases",Sands Investment Group <jmulloy@sandsig.com>,"9.00% CAP | Brand New NNN Seafood Restaurant | Baton Rouge, LA | 3% Annual Rent Increases",19d5499d4ce0d557,
,,,"Fri, 03 Apr 2026 12:05:16 -0500",,,New,,19d546ae5eeea455,New Listing,Tire Discounters | Menards Outparcel | Corporate Guarantee | High-Traffic Corridor,Sands Investment Group <cadler@sandsig.com>,New Listing | Tire Discounters | Menards Outparcel | Corporate Guarantee | High-Traffic Corridor,19d546ae5eeea455,
,,8.0,"Fri, 03 Apr 2026 11:04:55 -0500",,,Active,,19d5421fabe36c4c,Hat Creek Burger - Dallas MSA,8.00% CAP | NNN | 15+ Year Term | Corporate Guarantee,Sands Investment Group <cayson@sandsig.com>,Hat Creek Burger - Dallas MSA | 8.00% CAP | NNN | 15+ Year Term | Corporate Guarantee,19d5421fabe36c4c,
,11340,12.25,"Fri, 03 Apr 2026 10:04:07 -0500",,,New,,19d53efe57cc4891,New Listing,"Value-Add Retail Opportunity - 11,340 SF | Lease-Up Potential | 12.25% CAP",Sands Investment Group <lkortava@sandsig.com>,"New Listing | Value-Add Retail Opportunity - 11,340 SF | Lease-Up Potential | 12.25% CAP",19d53efe57cc4891,
,10000,,"Fri, 03 Apr 2026 09:04:36 -0500",,,Active,Texas,19d53bbbd3fc95d5,"10,000 SF Turnkey Childcare Center",Business & RE | Tax-Free State - Texas,Sands Investment Group <jason@sandsig.com>,"10,000 SF Turnkey Childcare Center | Business & RE | Tax-Free State - Texas",19d53bbbd3fc95d5,
,,,"Fri, 03 Apr 2026 08:04:53 -0500",,,Price Reduced,,19d53934f6854076,Price Reduction,18-Year Absolute NNN | KFC | 1.5% Annual Increases | 160-Unit Guarantee,Sands Investment Group <tmcgarry@sandsig.com>,Price Reduction | 18-Year Absolute NNN | KFC | 1.5% Annual Increases | 160-Unit Guarantee,19d53934f6854076,
,,,"Thu, 02 Apr 2026 15:03:41 -0500",,,Price Reduced,,19d4fd0a0052483c,Price Reduced,Former Family Dollar | High-Traffic | Near Naval Base - Growing Market,Sands Investment Group <jharris@sandsig.com>,Price Reduced | Former Family Dollar | High-Traffic | Near Naval Base - Growing Market,19d4fd0a0052483c,
,,,"Thu, 02 Apr 2026 14:04:06 -0500",,,New,,19d4fa36c4048a91,Just Listed,Advance Auto Parts | Below Replacement Cost | Absolute NNN,Sands Investment Group <luke@sandsig.com>,Just Listed | Advance Auto Parts | Below Replacement Cost | Absolute NNN,19d4fa36c4048a91,
,,,"Thu, 02 Apr 2026 13:33:38 -0500",,,Early Access,,19d4f7ca92ca7263,Early Access: View 25+ SIG Listings Before They Hit the Market,,Sands Investment Group <Info@sandsig.com>,Early Access: View 25+ SIG Listings Before They Hit the Market,19d4f7ca92ca7263,
,,,"Thu, 02 Apr 2026 13:04:04 -0500",,,Active,,19d4f70fb8eb8bfa,Fully Leased Shopping Center,Walmart-Shadowed Location | Highly Visible Corner Site,Sands Investment Group <cbrazzel@sandsig.com>,Fully Leased Shopping Center | Walmart-Shadowed Location | Highly Visible Corner Site,19d4f70fb8eb8bfa,
,,,"Thu, 02 Apr 2026 12:04:00 -0500",,,New,Texas,19d4f39b22c86bd9,Just Listed,Brand-New Chipotle - Texas | Drive-Thru | 40-Year Potential | Outparcel to Strip Center,Sands Investment Group <tmcgarry@sandsig.com>,Just Listed | Brand-New Chipotle - Texas | Drive-Thru | 40-Year Potential | Outparcel to Strip Center,19d4f39b22c86bd9,
,,,"Thu, 02 Apr 2026 11:04:33 -0500",,,Active,,19d4f03ce33fc53e,KinderCare,NNN Lease | 2021 Build | High-Demand With Low Competition,Sands Investment Group <adieguez@sandsig.com>,KinderCare | NNN Lease | 2021 Build | High-Demand With Low Competition,19d4f03ce33fc53e,
,,,"Thu, 02 Apr 2026 10:05:45 -0500",,,New,,19d4ee1665375d41,Just Listed,Turnkey Auto Service Asset | Business + RE | 50+ Year Operating History,Sands Investment Group <jfriberg@sandsig.com>,Just Listed | Turnkey Auto Service Asset | Business + RE | 50+ Year Operating History,19d4ee1665375d41,
,,6.0,"Thu, 02 Apr 2026 09:05:16 -0500",,,Active,Texas,19d4ea0b0d53ba20,6.00% CAP,Layne's Chicken - Texas | 2025 Renovation | ~14-Yr ABS NNN Ground Lease,Sands Investment Group <jmulloy@sandsig.com>,6.00% CAP | Layne's Chicken - Texas | 2025 Renovation | ~14-Yr ABS NNN Ground Lease,19d4ea0b0d53ba20,
,1632,,"Thu, 02 Apr 2026 08:05:27 -0500",1.19,,Price Reduced,,19d4e87a14d2e3a0,Reduced Price,"Redevelopment Opportunity - ATL MSA | 1.19 Acres & 1,632 SF Building | NRC Zoning",Sands Investment Group <solomon@sandsig.com>,"Reduced Price | Redevelopment Opportunity - ATL MSA | 1.19 Acres & 1,632 SF Building | NRC Zoning",19d4e87a14d2e3a0,
500000.0,,,"Wed, 01 Apr 2026 15:04:34 -0500",0.76,,Active,"Jackson, MS",19d4ab28e32c01c3,$500K,"Owner-User Gas Station | 0.76-Acre Corner - Jackson, MS",Sands Investment Group <jbrown@sandsig.com>,"$500K | Owner-User Gas Station | 0.76-Acre Corner - Jackson, MS",19d4ab28e32c01c3,
,,,"Wed, 1 Apr 2026 19:35:23 +0000 (GMT)",,,Active,,19d4a8b1bd739433,Meet SIG at ICSC Las Vegas,Schedule a Meeting,Sands Investment Group <info@sandsig.com>,Meet SIG at ICSC Las Vegas | Schedule a Meeting,19d4a8b1bd739433,
54.74,,8.18,"Wed, 01 Apr 2026 14:05:25 -0500",,,New,,19d4a8aa154dce40,Just Listed,"Wichita, KS Retail Center | 8.18% CAP | Value-Add | $54.74 PSF",Sands Investment Group <ethan@sandsig.com>,"Just Listed | Wichita, KS Retail Center | 8.18% CAP | Value-Add | $54.74 PSF",19d4a8aa154dce40,
,,,"Wed, 01 Apr 2026 13:05:19 -0500",,,Price Reduced,"Albuquerque, NM",19d4a5da7430d46e,Price Reduced,"Red Robin - Albuquerque, NM | 72,000+ VPD | Busy Mall Outparcel | 25-Year Operating History | ABS NNN",Sands Investment Group <jmulloy@sandsig.com>,"Price Reduced | Red Robin - Albuquerque, NM | 72,000+ VPD | Busy Mall Outparcel | 25-Year Operating History | ABS NNN",19d4a5da7430d46e,
,,,"Wed, 01 Apr 2026 12:05:39 -0500",,,New,,19d4a21644a35478,New Listing,"Childcare Network 246+ Unit Operator | 19+ Year NNN | 2% Annual Increases | Valdosta, GA",Sands Investment Group <skrepistman@sandsig.com>,"New Listing | Childcare Network 246+ Unit Operator | 19+ Year NNN  | 2% Annual Increases | Valdosta, GA",19d4a21644a35478,
,,,"Wed, 01 Apr 2026 11:05:44 -0500",,15,Active,,19d49ed37776d7dc,Meineke,Long-Term 15 Yr NNN | Strong Retail Synergy | Philadelphia MSA,Sands Investment Group <jmansour@sandsig.com>,Meineke | Long-Term 15 Yr NNN | Strong Retail Synergy | Philadelphia MSA,19d49ed37776d7dc,
495.0,,,"Wed, 01 Apr 2026 10:05:49 -0500",,,New,,19d49b57eae532e8,New Listing,Adult Daycare Owner User Opportunity | $495 PSF | High-Demand Corridor,Sands Investment Group <dgarson@sandsig.com>,New Listing | Adult Daycare Owner User Opportunity | $495 PSF | High-Demand Corridor,19d49b57eae532e8,
,23786,,"Wed, 01 Apr 2026 09:05:35 -0500",,,Active,"Trophy Club, TX",19d4977f051e4777,"23,786 SF Vacant Childcare Center","High-Income Area - Trophy Club, TX",Sands Investment Group <abridges@sandsig.com>,"23,786 SF Vacant Childcare Center | High-Income Area - Trophy Club, TX",19d4977f051e4777,
,,,"Wed, 01 Apr 2026 08:06:35 -0500",,,New,,19d495f566488f7f,Just Listed,QSR Drive-Thru Opportunity | San Antonio MSA | Strong Traffic & High Growth,Sands Investment Group <jharris@sandsig.com>,Just Listed | QSR Drive-Thru Opportunity | San Antonio MSA | Strong Traffic & High Growth,19d495f566488f7f,
,,,"Tue, 31 Mar 2026 15:03:58 -0500",,,Active,,19d458618bf27e66,Advance Auto Parts,Below Market Rent | Recently Renovated,Sands Investment Group <jliberatore@sandsig.com>,Advance Auto Parts | Below Market Rent | Recently Renovated,19d458618bf27e66,
,,9.0,"Tue, 31 Mar 2026 14:03:43 -0500",,,New,,19d455019b8c2477,Just Listed,Vet NNN Asset | 9.00% CAP | Below-Market Rent Upside | Specialized Buildout,Sands Investment Group <zboals@sandsig.com>,Just Listed | Vet NNN Asset | 9.00% CAP | Below-Market Rent Upside | Specialized Buildout,19d455019b8c2477,
,,7.1,"Tue, 31 Mar 2026 13:04:42 -0500",,20,Active,Texas,19d45220ebf4f8b9,7.10% CAP,The Learning Experience | 20 Year NNN | Brand New Development | Tax Free State - Texas,Sands Investment Group <agilbert@sandsig.com>,7.10% CAP | The Learning Experience | 20 Year NNN | Brand New Development | Tax Free State - Texas,19d45220ebf4f8b9,
,,,"Tue, 31 Mar 2026 12:04:02 -0500",15.7,,New,,19d44e8477a05d30,Just Listed,15.7 Acres Residential Land | Austin MSA | 224K Avg HH Income | Tax Free State,Sands Investment Group <bdement@sandsig.com>,Just Listed | 15.7 Acres Residential Land | Austin MSA | 224K Avg HH Income | Tax Free State,19d44e8477a05d30,
,,9.0,"Tue, 31 Mar 2026 11:04:45 -0500",,,Active,,19d44b6aca8858ee,Family Dollar,"9.00% CAP | Fresh Renewal | Stanley, WI",Sands Investment Group <evan@sandsig.com>,"Family Dollar | 9.00% CAP | Fresh Renewal | Stanley, WI",19d44b6aca8858ee,
,,,"Tue, 31 Mar 2026 10:05:29 -0500",,,New,,19d4488e3aa64752,Just Listed,Marathon Station | Strong Fuel + C-Store Sales | Route 66 Exposure,Sands Investment Group <rdhingra@sandsig.com>,Just Listed | Marathon Station | Strong Fuel + C-Store Sales | Route 66 Exposure,19d4488e3aa64752,
,,,"Tue, 31 Mar 2026 09:05:17 -0500",,,Price Reduced,,19d445c6e614429a,Reduced Price,Sub-5% Rent-to-Sales | Corporate Guarantee | High-Quality Construction,Sands Investment Group <adam@sandsig.com>,Reduced Price | Sub-5% Rent-to-Sales | Corporate Guarantee | High-Quality Construction,19d445c6e614429a,
673000.0,,,"Tue, 31 Mar 2026 08:05:51 -0500",,,New,,19d4431190236f0f,New Listing,"$673K | Eyecare Medical Office | Long-Standing Location | 7.50% | Akron, OH",Sands Investment Group <bbrigham@sandsig.com>,"New Listing | $673K | Eyecare Medical Office | Long-Standing Location | 7.50% | Akron, OH",19d4431190236f0f,
,,,"Mon, 30 Mar 2026 15:03:46 -0500",,,Price Reduced,"Growth El Paso, TX",19d405f941a1f27c,Price Reduced,"Quick-Lube Chain | Built-to-Suit | 10% Rent Bumps | High-Growth El Paso, TX Market",Sands Investment Group <abridges@sandsig.com>,"Price Reduced | Quick-Lube Chain | Built-to-Suit | 10% Rent Bumps | High-Growth El Paso, TX Market",19d405f941a1f27c,
,,,"Mon, 30 Mar 2026 14:05:26 -0500",,,New,"Longview, TX",19d4039dbaf6d2a6,New Listing,"ABS NNN | Family Dollar - Longview, TX | Tax Free State",Sands Investment Group <cayson@sandsig.com>,"New Listing | ABS NNN | Family Dollar - Longview, TX | Tax Free State",19d4039dbaf6d2a6,
,,,"Mon, 30 Mar 2026 18:35:48 +0000 (GMT)",,,Active,,19d4007d593660ed,Immediate Buyer Needs,,Sands Investment Group <info@sandsig.com>,Immediate Buyer Needs,19d4007d593660ed,
125000.0,,,"Mon, 30 Mar 2026 13:04:57 -0500",,,Active,,19d40024aab73bfa,Cadence Academy,Corporate Guarantee | $125K Avg Income HH,Sands Investment Group <skrepistman@sandsig.com>,Cadence Academy | Corporate Guarantee | $125K Avg Income HH,19d40024aab73bfa,
,,,"Mon, 30 Mar 2026 12:05:47 -0500",,12,New,,19d3fd16578a6951,New Listing,Burger King NNN | Strong Dual Guarantees | ~12 Years | Near a State College,Sands Investment Group <tmcgarry@sandsig.com>,New Listing | Burger King NNN | Strong Dual Guarantees | ~12 Years | Near a State College,19d3fd16578a6951,
,,5.25,"Mon, 30 Mar 2026 11:04:49 -0500",,,Active,,19d3f923aeb6ec12,AutoZone,Absolute NNN Ground Lease | 5.25% CAP,Sands Investment Group <luke@sandsig.com>,AutoZone | Absolute NNN Ground Lease | 5.25% CAP,19d3f923aeb6ec12,
,,,"Mon, 30 Mar 2026 10:05:37 -0500",,,New,,19d3f5a14f00b929,Just Listed,Sunbelt Rentals (SUNB) | New Construction | 10-Year Lease | Investment Grade Credit,Sands Investment Group <stratton@sandsig.com>,Just Listed | Sunbelt Rentals (SUNB) | New Construction | 10-Year Lease | Investment Grade Credit,19d3f5a14f00b929,
,,,"Mon, 30 Mar 2026 09:04:59 -0500",,,Active,"Dayton, OH",19d3f2e64dc26515,15-Year Lease,"NNN Childcare Asset | High Avg HH Income - Dayton, OH MSA",Sands Investment Group <skrepistman@sandsig.com>,"15-Year Lease | NNN Childcare Asset | High Avg HH Income - Dayton, OH MSA",19d3f2e64dc26515,
,,,"Mon, 30 Mar 2026 08:05:43 -0500",,,New,,19d3ee3feb95be70,New Listing,Waterfront RV Park + Storage Income | 24-Site | Lake of the Ozarks,Sands Investment Group <kdeninno@sandsig.com>,New Listing | Waterfront RV Park + Storage Income | 24-Site | Lake of the Ozarks,19d3ee3feb95be70,
,,,"Fri, 27 Mar 2026 15:03:44 -0500",,,Active,,19d30edfa408afb4,15-Year Abs NNN Burger King,"10% Rent Increases | Greenbrier, AR",Sands Investment Group <jmulloy@sandsig.com>,"15-Year Abs NNN Burger King | 10% Rent Increases | Greenbrier, AR",19d30edfa408afb4,
,,,"Fri, 27 Mar 2026 14:03:49 -0500",,,New,,19d30bb0b21dd4a1,New Listing,"67% Occupied Retail Center | Houston, TX | Lease-Up Potential",Sands Investment Group <lkortava@sandsig.com>,"New Listing | 67% Occupied Retail Center | Houston, TX | Lease-Up Potential",19d30bb0b21dd4a1,
300000.0,,,"Fri, 27 Mar 2026 13:04:54 -0500",,,Active,,19d308ae60251988,C-Store & Restaurant,Business & RE | Multiple Income Streams | $300K in Upgrades,Sands Investment Group <jbrown@sandsig.com>,C-Store & Restaurant | Business & RE | Multiple Income Streams | $300K in Upgrades,19d308ae60251988,
,,,"Fri, 27 Mar 2026 12:06:07 -0500",,,New,,19d3074b2be2624d,Just Listed,"Rare ABS NNN Family Dollar | Tyler, TX | 10% Rent Increase Oct. 1st",Sands Investment Group <cayson@sandsig.com>,"Just Listed | Rare ABS NNN Family Dollar | Tyler, TX | 10% Rent Increase Oct. 1st",19d3074b2be2624d,
,,,"Fri, 27 Mar 2026 11:04:54 -0500",,,Active,,19d302beb3b2f6c8,The Learning Experience,"2026 Construction | 16-Year NNN | Columbus, OH Suburb",Sands Investment Group <skrepistman@sandsig.com>,"The Learning Experience | 2026 Construction | 16-Year NNN | Columbus, OH Suburb",19d302beb3b2f6c8,
,,,"Fri, 27 Mar 2026 10:04:04 -0500",,,New,,19d2fe4adaa2269c,Just Listed,"Medical Office Asset | Recent Lease Extension | Near 148-Bed Hospital | Medina, OH",Sands Investment Group <bbrigham@sandsig.com>,"Just Listed | Medical Office Asset | Recent Lease Extension | Near 148-Bed Hospital | Medina, OH",19d2fe4adaa2269c,
,,7.0,"Fri, 27 Mar 2026 09:03:47 -0500",,,Active,,19d2fa9614a04dbb,"Austin, TX",ABS NNN | 7.00% CAP Korean BBQ | New 10-Year Lease | Off I-35 (200K+ VPD),Sands Investment Group <jmulloy@sandsig.com>,"Austin, TX | ABS NNN | 7.00% CAP Korean BBQ | New 10-Year Lease | Off I-35 (200K+ VPD)",19d2fa9614a04dbb,
,,,"Fri, 27 Mar 2026 08:04:07 -0500",,,Price Reduced,,19d2f7ea432dd3d0,Price Reduced,Vacant Owner/User Opportunity | Dallas MSA | Robust Demographics,Sands Investment Group <abridges@sandsig.com>,Price Reduced | Vacant Owner/User Opportunity | Dallas MSA | Robust Demographics,19d2f7ea432dd3d0,
,,,"Thu, 26 Mar 2026 15:05:09 -0500",,10,Active,,19d2bd3440d0ec05,Hajoca Corp,"10 Year NNN Lease | 3% Annual Increases | Grand Junction, CO",Sands Investment Group <max@sandsig.com>,"Hajoca Corp | 10 Year NNN Lease | 3% Annual Increases | Grand Junction, CO",19d2bd3440d0ec05,
,,,"Thu, 26 Mar 2026 14:04:01 -0500",,,New,,19d2b9e1c84a5af6,Just Listed,"New Concept | Boost Coffee - ABS NNN | Corporate + Personal Guarantee | Jacksonville, FL",Sands Investment Group <jmulloy@sandsig.com>,"Just Listed | New Concept | Boost Coffee - ABS NNN | Corporate + Personal Guarantee | Jacksonville, FL",19d2b9e1c84a5af6,
,,,"Thu, 26 Mar 2026 13:33:43 -0500",,,Early Access,,19d2b72290b205a5,Early Access: View 30+ SIG Listings Before They Hit the Market,,Sands Investment Group <Info@sandsig.com>,Early Access: View 30+ SIG Listings Before They Hit the Market,19d2b72290b205a5,
,,,"Thu, 26 Mar 2026 13:04:56 -0500",,,Active,,19d2b656741ed0b9,KinderCare - Dallas MSA,New Construction | Long Term NNN Lease,Sands Investment Group <skrepistman@sandsig.com>,KinderCare - Dallas MSA | New Construction | Long Term NNN Lease,19d2b656741ed0b9,
,,7.1,"Thu, 26 Mar 2026 12:05:31 -0500",,,Price Reduced,,19d2b2d4fab9878f,Reduced Price,"7.10% CAP NNN Applebee’s | Proven Operator (130+ Units) | Fort Wayne, IN MSA",Sands Investment Group <jmulloy@sandsig.com>,"Reduced Price | 7.10% CAP NNN Applebee’s | Proven Operator (130+ Units) | Fort Wayne, IN MSA",19d2b2d4fab9878f,
,,,"Thu, 26 Mar 2026 11:05:23 -0500",4.089,,Active,,19d2b089cca11e84,4.089 Acres of Prime Commercial Land,Two Parcels | High-Visibility Corridor in Tennessee,Sands Investment Group <jbrown@sandsig.com>,4.089 Acres of Prime Commercial Land | Two Parcels | High-Visibility Corridor in Tennessee,19d2b089cca11e84,
,,,"Thu, 26 Mar 2026 10:06:14 -0500",,,New,,19d2ade5bf40b913,New Listing,"Rare ABS. NNN Family Dollar | San Antonio, TX | Top 2% Store Nationwide | Tax Free State",Sands Investment Group <cayson@sandsig.com>,"New Listing | Rare ABS. NNN Family Dollar | San Antonio, TX | Top 2% Store Nationwide | Tax Free State",19d2ade5bf40b913,
,,,"Thu, 26 Mar 2026 09:05:05 -0500",,,Active,,19d2a90ae9ffd19e,Popeyes - Prime Retail Corridor,Zero Landlord Responsibilities | Strong Multi-Unit Franchisee,Sands Investment Group <mcoleman@sandsig.com>,Popeyes - Prime Retail Corridor | Zero Landlord Responsibilities | Strong Multi-Unit Franchisee,19d2a90ae9ffd19e,
,,7.0,"Thu, 26 Mar 2026 08:07:11 -0500",,,New,,19d2a62dff39d287,Just Listed,Pizza Hut - Oklahoma (7.00% CAP) | 13-Year NNN | Strong Operator (129+ Units),Sands Investment Group <jmulloy@sandsig.com>,Just Listed | Pizza Hut - Oklahoma (7.00% CAP) | 13-Year NNN | Strong Operator (129+ Units),19d2a62dff39d287,
,,,"Wed, 25 Mar 2026 15:03:43 -0500",,,Active,,19d26a36cb215367,Call to Offers,Value-Add Small Bay Industrial | NW Arkansas,Sands Investment Group <pgunn@sandsig.com>,Call to Offers | Value-Add Small Bay Industrial | NW Arkansas,19d26a36cb215367,
795000.0,,,"Wed, 25 Mar 2026 14:03:48 -0500",,,New,,19d2678b45e99289,Just Listed,"Freestanding Retail | $795K | Value-Add | Memphis, TN",Sands Investment Group <lkortava@sandsig.com>,"Just Listed | Freestanding Retail | $795K | Value-Add | Memphis, TN",19d2678b45e99289,
,,,"Wed, 25 Mar 2026 13:03:49 -0500",,,Active,,19d2635d7d817d8d,Corporate Arby’s,ABS NNN | 40-Year Operating History | Tax Free State,Sands Investment Group <jmulloy@sandsig.com>,Corporate Arby’s | ABS NNN | 40-Year Operating History | Tax Free State,19d2635d7d817d8d,
,,,"Wed, 25 Mar 2026 12:05:34 -0500",,,New,"Pittsburgh, PA",19d2606c9b6a43f1,Just Listed,"Advance Auto Parts | Two-Tenant Asset | Prime Auto Corridor - Pittsburgh, PA",Sands Investment Group <jliberatore@sandsig.com>,"Just Listed | Advance Auto Parts | Two-Tenant Asset | Prime Auto Corridor - Pittsburgh, PA",19d2606c9b6a43f1,
180000.0,,,"Wed, 25 Mar 2026 11:04:42 -0500",,,Active,,19d25dbcce90c67e,NNN Preschool Investment,15-Yr Term | $180K+ Avg HH Income | Denver MSA,Sands Investment Group <max@sandsig.com>,NNN Preschool Investment | 15-Yr Term | $180K+ Avg HH Income | Denver MSA,19d25dbcce90c67e,
,,,"Wed, 25 Mar 2026 10:05:23 -0500",,,New,,19d25a4dd9b1f97a,New Listing,High-Visibility Burger King | 12-Yr ABS NNN | Strong Dual Personal Guarantees,Sands Investment Group <tmcgarry@sandsig.com>,New Listing | High-Visibility Burger King | 12-Yr ABS NNN | Strong Dual Personal Guarantees,19d25a4dd9b1f97a,
,,,"Wed, 25 Mar 2026 09:03:59 -0500",,,Active,,19d25726f1b6f9c7,For Sale or Lease: Owner-User Distribution Facility (Industrial),Access to I-10 & I-110 | Tax Free State - FL,Sands Investment Group <solomon@sandsig.com>,For Sale or Lease: Owner-User Distribution Facility (Industrial) | Access to I-10 & I-110 | Tax Free State - FL,19d25726f1b6f9c7,
,,8.11,"Wed, 25 Mar 2026 08:04:19 -0500",2.1,,Price Reduced,,19d25385e06ad949,Price Reduction,8.11% CAP - Walgreens | 2.1-Acre Hard Corner with Redevelopment Upside | Long-Term Occupancy,Sands Investment Group <jstrahler@sandsig.com>,Price Reduction | 8.11% CAP - Walgreens | 2.1-Acre Hard Corner with Redevelopment Upside | Long-Term Occupancy ,19d25385e06ad949,
,,,"Tue, 24 Mar 2026 15:03:40 -0500",,,Active,,19d217429072918e,Low Price Point,Annual Increases | Long Term Absolute NNN,Sands Investment Group <clifton@sandsig.com>,Low Price Point | Annual Increases | Long Term Absolute NNN,19d217429072918e,
,,,"Tue, 24 Mar 2026 14:03:44 -0500",8.14,,Active,,19d214f1a1d2cdb4,For Sale or Lease,IOS Development Opportunity | 8.14 Acres | Atlanta MSA - Near Airport,Sands Investment Group <solomon@sandsig.com>,For Sale or Lease | IOS Development Opportunity | 8.14 Acres | Atlanta MSA - Near Airport,19d214f1a1d2cdb4,
,,7.0,"Tue, 24 Mar 2026 13:04:37 -0500",,,Active,,19d2114a1c55ae9e,HG Sply Co. Restaurant,NOI Growth + Inflation Hedge | 7.00% CAP | Strong DFW Submarket | 107K+ VPD,Sands Investment Group <jmulloy@sandsig.com>,HG Sply Co. Restaurant | NOI Growth + Inflation Hedge | 7.00% CAP | Strong DFW Submarket | 107K+ VPD,19d2114a1c55ae9e,
,,,"Tue, 24 Mar 2026 12:05:17 -0500",,,Active,,19d20ded5587dc9b,KFC - 18+ Yr ABS NNN,Strong 140-Unit Guarantee | 50K+ VPD | Prime Real Estate,Sands Investment Group <tmcgarry@sandsig.com>,KFC - 18+ Yr ABS NNN | Strong 140-Unit Guarantee | 50K+ VPD | Prime Real Estate,19d20ded5587dc9b,
,,,"Tue, 24 Mar 2026 11:06:02 -0500",,,Active,,19d20b897020d536,99 Site RV Park,Minnesota | Between I-35 & I-90 Intersect,Sands Investment Group <kdeninno@sandsig.com>,99 Site RV Park | Minnesota | Between I-35 & I-90 Intersect,19d20b897020d536,
,,,"Tue, 24 Mar 2026 10:06:05 -0500",,,New,,19d208ac94d8fc16,Just Listed,Generational Grocery Asset | Recent Lease Extension & Major Renovations | Below-Market Financing,Sands Investment Group <dcoyle@sandsig.com>,Just Listed | Generational Grocery Asset | Recent Lease Extension & Major Renovations | Below-Market Financing,19d208ac94d8fc16,
,,,"Tue, 24 Mar 2026 14:35:07 +0000 (GMT)",,,Active,,19d204556765f21b,SIG Capital Markets,Fed Holds Rates — Yields Climb,Sands Investment Group <info@sandsig.com>,SIG Capital Markets | Fed Holds Rates — Yields Climb,19d204556765f21b,
,,,"Tue, 24 Mar 2026 09:04:43 -0500",,,Active,,19d20386256736fb,NNN Sale-Leaseback Childcare Center,High-Performing Location | 217K+ Residents,Sands Investment Group <abridges@sandsig.com>,NNN Sale-Leaseback Childcare Center | High-Performing Location | 217K+ Residents,19d20386256736fb,
,,,"Tue, 24 Mar 2026 08:05:08 -0500",,,Price Reduced,,19d20039af8c3ed4,Price Reduction,Walgreens | Signalize Hard Corner | Low Rent-to-Sales Ratio | High-Performing Philadelphia Location,Sands Investment Group <jstrahler@sandsig.com>,Price Reduction | Walgreens | Signalize Hard Corner | Low Rent-to-Sales Ratio | High-Performing Philadelphia Location,19d20039af8c3ed4,
,,,"Mon, 23 Mar 2026 15:05:46 -0500",,,Active,,19d1c5e611fc1012,Turnkey Owner-User Education Facility,"Strong Family Demographics & High Demand | Lansing, MI",Sands Investment Group <rsompayrac@sandsig.com>,"Turnkey Owner-User Education Facility | Strong Family Demographics & High Demand | Lansing, MI",19d1c5e611fc1012,
1000000.0,,,"Mon, 23 Mar 2026 14:12:45 -0500",,,New,,19d1c3556eef11e3,Just Listed,Long-Term Pizza Hut | NNN - Under $1M | Top 20% Nationwide | Strong Operator (129-Units),Sands Investment Group <jmulloy@sandsig.com>,Just Listed | Long-Term Pizza Hut | NNN - Under $1M | Top 20% Nationwide | Strong Operator (129-Units),19d1c3556eef11e3,
,,,"Mon, 23 Mar 2026 18:36:29 +0000 (GMT)",,,Active,,19d1bfbf3838e7a0,Immediate Buyer Needs,,Sands Investment Group <info@sandsig.com>,Immediate Buyer Needs,19d1bfbf3838e7a0,
,,9.34,"Mon, 23 Mar 2026 13:05:44 -0500",,,Active,,19d1bf0bb6fe85a4,Missouri MHP Opportunity,"9.34% CAP | 18 Sites + Expansion – Concordia, MO",Sands Investment Group <kdeninno@sandsig.com>,"Missouri MHP Opportunity | 9.34% CAP | 18 Sites + Expansion – Concordia, MO",19d1bf0bb6fe85a4,
,,,"Mon, 23 Mar 2026 12:07:14 -0500",135.92,,New,,19d1bcc1fab77959,New Listing,Austin Land Opportunity | 135.92 Acres | Entitlements in Place | High-Growth Corridor,Sands Investment Group <bdement@sandsig.com>,New Listing | Austin Land Opportunity | 135.92 Acres | Entitlements in Place | High-Growth Corridor,19d1bcc1fab77959,
,,,"Mon, 23 Mar 2026 12:08:16 -0400",,,New,"Prosper, TX",19d1b75e96b55b85,"Just Listed - The Children's Courtyard - Prosper, TX",,Drew Gilbert <agilbert@sandsig.com>,"Just Listed - The Children's Courtyard - Prosper, TX",19d1b75e96b55b85,
,,,"Mon, 23 Mar 2026 10:05:47 -0500",,,New,,19d1b465bcb00c5c,Just Listed,MyEyeDr. | Recent Extension | 30+ Year Location | Goldman Sachs–Backed,Sands Investment Group <bbrigham@sandsig.com>,Just Listed | MyEyeDr. | Recent Extension | 30+ Year Location | Goldman Sachs–Backed,19d1b465bcb00c5c,
,,,"Mon, 23 Mar 2026 09:04:52 -0500",,10,Active,,19d1b11eb29fc0b2,KinderCare - Chicago MSA,10 Yr NNN | High Average HH Income,Sands Investment Group <skrepistman@sandsig.com>,KinderCare - Chicago MSA | 10 Yr NNN | High Average HH Income,19d1b11eb29fc0b2,
,,5.1,"Mon, 23 Mar 2026 08:06:47 -0500",,,Price Reduced,,19d1ae0b9a98307d,Price Reduced - 5.10% CAP Chipotle,"Houston, TX MSA | Corporate Guarantee",Sands Investment Group <jmulloy@sandsig.com>,"Price Reduced - 5.10% CAP Chipotle | Houston, TX MSA | Corporate Guarantee",19d1ae0b9a98307d,
,,,"Fri, 20 Mar 2026 15:04:37 -0500",,,Active,,19d0ce1cfe14b7ae,Corporate Guarantee,White Castle | Columbus MSA | High-Traffic Corridor,Sands Investment Group <jliberatore@sandsig.com>,Corporate Guarantee | White Castle | Columbus MSA | High-Traffic Corridor,19d0ce1cfe14b7ae,
,,,"Fri, 20 Mar 2026 13:04:32 -0500",,,Active,,19d0c75d29bff30f,Owner-User Asset,"Near Publix-Anchored Redevelopment | 280K+ Residents | Decatur, GA",Sands Investment Group <cbrazzel@sandsig.com>,"Owner-User Asset | Near Publix-Anchored Redevelopment | 280K+ Residents | Decatur, GA",19d0c75d29bff30f,
,,,"Fri, 20 Mar 2026 12:04:43 -0500",,,Price Reduced,,19d0c34e15077ca2,Price Reduced,18-Year Absolute NNN | KFC | 1.5% Annual Increases | 160-Unit Guarantee,Sands Investment Group <tmcgarry@sandsig.com>,Price Reduced | 18-Year Absolute NNN | KFC | 1.5% Annual Increases | 160-Unit Guarantee,19d0c34e15077ca2,
,,7.0,"Fri, 20 Mar 2026 11:04:38 -0500",,15,Active,"Houston, TX",19d0c0c6f71ee83a,"3-Unit Early Education Portfolio - Houston, TX MSA",15 Yr ABS NNN Sale-Leasebacks | 7.00% CAP,Sands Investment Group <rsompayrac@sandsig.com>,"3-Unit Early Education Portfolio - Houston, TX MSA | 15 Yr ABS NNN Sale-Leasebacks | 7.00% CAP",19d0c0c6f71ee83a,
,,,"Fri, 20 Mar 2026 10:04:58 -0500",,,New,,19d0bd803c49f017,New Listing,San Antonio Drive-Thru Asset | Scooter’s Coffee | Prominent Frontage,Sands Investment Group <jstrahler@sandsig.com>,New Listing | San Antonio Drive-Thru Asset | Scooter’s Coffee | Prominent Frontage,19d0bd803c49f017,
,,,"Fri, 20 Mar 2026 09:05:46 -0500",,,Active,,19d0b9fd0bab1602,2 Turnkey Car Dealership Portfolio,"Business & RE | Multiple Income Streams | Fort Myers, FL",Sands Investment Group <ccoassin@sandsig.com>,"2 Turnkey Car Dealership Portfolio | Business & RE | Multiple Income Streams | Fort Myers, FL",19d0b9fd0bab1602,
,,,"Fri, 20 Mar 2026 08:05:55 -0500",,,Price Reduced,"Austin, TX",19d0b5a6b4f60d44,Price Reduced,"Action Behavior Center - Austin, TX | 3% Annual Increases | Corporate Guarantee",Sands Investment Group <bdement@sandsig.com>,"Price Reduced | Action Behavior Center - Austin, TX | 3% Annual Increases | Corporate Guarantee",19d0b5a6b4f60d44,
,,,"Thu, 19 Mar 2026 15:04:39 -0500",1.42,,Active,,19d07c3deec38ad4,Walmart-Shadowed Development Site - Atlanta MSA,1.42 Acres | High-Growth Corridor,Sands Investment Group <doug@sandsig.com>,Walmart-Shadowed Development Site - Atlanta MSA | 1.42 Acres | High-Growth Corridor,19d07c3deec38ad4,
115000.0,,,"Thu, 19 Mar 2026 14:04:50 -0500",,,Active,,19d0792a82d8f685,For Lease,Turnkey Childcare Facility | Prime Houston MSA | Strong RE Fundamentals | Avg. HHI Exceeds $115K,Sands Investment Group <agilbert@sandsig.com>,For Lease | Turnkey Childcare Facility | Prime Houston MSA | Strong RE Fundamentals | Avg. HHI Exceeds $115K,19d0792a82d8f685,
,,,"Thu, 19 Mar 2026 13:34:29 -0500",,,Early Access,,19d0764a9da5ef92,Early Access: View 30+ SIG Listings Before They Hit the Market,,Sands Investment Group <Info@sandsig.com>,Early Access: View 30+ SIG Listings Before They Hit the Market,19d0764a9da5ef92,
,,,"Thu, 19 Mar 2026 13:04:47 -0500",,,Active,,19d0751c522d8835,Sub-5% Rent to Sales,Large Corporate Guarantee | High Quality Construction,Sands Investment Group <adam@sandsig.com>,Sub-5% Rent to Sales | Large Corporate Guarantee | High Quality Construction,19d0751c522d8835,
,,,"Thu, 19 Mar 2026 11:05:08 -0500",,,Active,"Growth El Paso, TX",19d06e8b769451c5,Quick-Lube Chain,"Built-to-Suit | 10% Rent Bumps | High-Growth El Paso, TX Market",Sands Investment Group <abridges@sandsig.com>,"Quick-Lube Chain | Built-to-Suit | 10% Rent Bumps | High-Growth El Paso, TX Market",19d06e8b769451c5,
1000000.0,,,"Thu, 19 Mar 2026 10:04:58 -0500",,,Active,,19d06b2b95c3a29e,Pizza Hut - $1M,190-Unit Franchisee Guarantee | College Town in NY,Sands Investment Group <tmcgarry@sandsig.com>,Pizza Hut - $1M | 190-Unit Franchisee Guarantee | College Town in NY,19d06b2b95c3a29e,
,,8.0,"Thu, 19 Mar 2026 09:04:45 -0500",,15,Active,,19d0673311c1bf5d,8.00% CAP,15 Year NNN Early Education Asset | Personal & Corporate Guarantee,Sands Investment Group <skrepistman@sandsig.com>,8.00% CAP | 15 Year NNN Early Education Asset | Personal & Corporate Guarantee,19d0673311c1bf5d,
,,,"Thu, 19 Mar 2026 08:06:06 -0500",,,Price Reduced,,19d06464debdf39e,Price Reduced,"8.26%+ CAP | Medical-Anchored Center | 100% Occupied | St. Louis, MO",Sands Investment Group <aanttila@sandsig.com>,"Price Reduced | 8.26%+ CAP | Medical-Anchored Center | 100% Occupied | St. Louis, MO",19d06464debdf39e,
,,,"Wed, 18 Mar 2026 15:04:48 -0500",,,Active,,19d02953ee6a8285,Mixed-Use Center with Significant Upside,40% Below-Market Rents | Major Vacation Destination,Sands Investment Group <jlevine@sandsig.com>,Mixed-Use Center with Significant Upside | 40% Below-Market Rents | Major Vacation Destination,19d02953ee6a8285,
,,,"Wed, 18 Mar 2026 14:04:41 -0500",0.5,,New,,19d0260eb20096fc,Just Listed,Retail / Showroom Redevelopment | 0.5 Acres | Near New Caesars Casino - Virginia,Sands Investment Group <solomon@sandsig.com>,Just Listed | Retail / Showroom Redevelopment | 0.5 Acres | Near New Caesars Casino - Virginia,19d0260eb20096fc,
,,,"Wed, 18 Mar 2026 13:05:20 -0500",,15,Active,,19d022d6da0a64ff,High-Income Houston Market,Experienced Multi-Unit Operator | 15 Year Lease,Sands Investment Group <skrepistman@sandsig.com>,High-Income Houston Market | Experienced Multi-Unit Operator | 15 Year Lease,19d022d6da0a64ff,
,,,"Wed, 18 Mar 2026 12:34:49 -0500",,,Active,,19d020eff8afe837,SIG March Newsletter: The Population Shift Investors Can’t Ignore,,Sands Investment Group <info@sandsig.com>,SIG March Newsletter: The Population Shift Investors Can’t Ignore,19d020eff8afe837,
,,,"Wed, 18 Mar 2026 12:11:08 -0500",,,New,,19d01ee6961c6191,Just Listed,"Starbucks | High Traffic Corridor | Near I-12, I-55 and a University | Hammond, LA",Sands Investment Group <munir@sandsig.com>,"Just Listed | Starbucks | High Traffic Corridor | Near I-12, I-55 and a University | Hammond, LA",19d01ee6961c6191,
85.0,,,"Wed, 18 Mar 2026 11:05:40 -0500",,,Active,,19d01c9773bba89b,Former Rite Aid,"Windsor, VT | Redevelopment Opportunity $85 PSF",Sands Investment Group <jliberatore@sandsig.com>,"Former Rite Aid | Windsor, VT | Redevelopment Opportunity $85 PSF",19d01c9773bba89b,
29970000.0,,8.51,"Wed, 18 Mar 2026 10:04:44 -0500",,,New,,19d017fe22f37baf,Just Listed,8.51% CAP | Port Conneaut Credit Union | $29.97M in Assets | Corporate Backed NNN Lease | Ohio,Sands Investment Group <cole@sandsig.com>,Just Listed | 8.51% CAP | Port Conneaut Credit Union | $29.97M in Assets | Corporate Backed NNN Lease | Ohio,19d017fe22f37baf,
,,,"Wed, 18 Mar 2026 09:05:08 -0500",,,Active,,19d015b7d10cb0f5,New Construction Chick-fil-A,"Wine Country, CA",Sands Investment Group <max@sandsig.com>,"New Construction Chick-fil-A | Wine Country, CA",19d015b7d10cb0f5,
,,,"Wed, 18 Mar 2026 08:06:14 -0500",,,New,,19d012f685c48255,New Listing,17-Year ABS NNN Urgent Care Portfolio | 4-Units in Central Texas | Top Operator,Sands Investment Group <gearnhart@sandsig.com>,New Listing | 17-Year ABS NNN Urgent Care Portfolio | 4-Units in Central Texas | Top Operator,19d012f685c48255,
,19360,,"Tue, 17 Mar 2026 15:04:54 -0500",4.18,,Active,,19cfd70920073e6d,For Lease or For Sale,"Former Truck Terminal | 19,360 SF on 4.18 Acres | Douglasville, GA",Sands Investment Group <solomon@sandsig.com>,"For Lease or For Sale | Former Truck Terminal | 19,360 SF on 4.18 Acres | Douglasville, GA",19cfd70920073e6d,
,,,"Tue, 17 Mar 2026 14:04:53 -0500",,,New,,19cfd36bd12075dd,Just Listed,"Scooter’s Coffee | Drive-Thru | Off I-10 - 176K+ VPD | San Antonio, TX",Sands Investment Group <jstrahler@sandsig.com>,"Just Listed | Scooter’s Coffee | Drive-Thru | Off I-10 - 176K+ VPD | San Antonio, TX",19cfd36bd12075dd,
,,5.5,"Tue, 17 Mar 2026 13:04:53 -0500",,18,Active,,19cfd019b03919d4,5.50% CAP,"18 Year | New Construction AutoZone | Pottsville, PA",Sands Investment Group <luke@sandsig.com>,"5.50% CAP | 18 Year | New Construction AutoZone | Pottsville, PA",19cfd019b03919d4,
,,,"Tue, 17 Mar 2026 12:04:56 -0500",,,New,,19cfcd04f603a1eb,Just Listed,Taco Bell | 15-Yr NNN Sale Leaseback | Award-Winning Operator,Sands Investment Group <jmulloy@sandsig.com>,Just Listed | Taco Bell | 15-Yr NNN Sale Leaseback | Award-Winning Operator,19cfcd04f603a1eb,
,,,"Tue, 17 Mar 2026 11:05:47 -0500",,15,Active,,19cfc99d43e369a6,7.50%,Southeast Early Education Asset | 15 Year ABS NNN | 2% Annual Increases,Sands Investment Group <agilbert@sandsig.com>,7.50% | Southeast Early Education Asset | 15 Year ABS NNN | 2% Annual Increases,19cfc99d43e369a6,
,,,"Tue, 17 Mar 2026 10:34:50 -0500",,,Active,,19cfc75a03dc1f1a,Deals in the Southwest [For Vamsee],,Sands Investment Group <info@sandsig.com>,Deals in the Southwest [For Vamsee],19cfc75a03dc1f1a,
,,,"Tue, 17 Mar 2026 10:04:42 -0500",7.8,,New,,19cfc5ff50331086,Just Listed,"7.8-Acre Hotel Anchored Development Site | Athens, GA",Sands Investment Group <zfriedman@sandsig.com>,"Just Listed | 7.8-Acre Hotel Anchored Development Site | Athens, GA",19cfc5ff50331086,
935000.0,,8.5,"Tue, 17 Mar 2026 09:05:01 -0500",,,Active,,19cfc316477602f6,Dollar Store for Sale,$935K | 8.50% CAP | 2019 Construction | Texas,Sands Investment Group <cayson@sandsig.com>,Dollar Store for Sale | $935K | 8.50% CAP | 2019 Construction | Texas,19cfc316477602f6,
,,,"Tue, 17 Mar 2026 08:05:05 -0500",,,New,,19cfc001e95a9366,New Listing,Oasis Car Wash Portfolio – 5 Operating Locations in Kansas,Sands Investment Group <dgarson@sandsig.com>,New Listing | Oasis Car Wash Portfolio – 5 Operating Locations in Kansas,19cfc001e95a9366,
,20441,,"Mon, 16 Mar 2026 14:05:36 -0500",,,New,"Decatur, GA",19cf8db15365d707,Just Listed,"20,441 SF Value-Add Asset | High-Demand Market | Prime Area - Decatur, GA",Sands Investment Group <munir@sandsig.com>,"Just Listed | 20,441 SF Value-Add Asset | High-Demand Market | Prime Area - Decatur, GA",19cf8db15365d707,
,,7.5,"Mon, 16 Mar 2026 15:04:47 -0500",,,Active,,19cf8d83e520abc7,7.50% CAP + Bonus Depreciation,Long-Term Corporate NNN Lease | Tax Free State,Sands Investment Group <mattm@sandsig.com>,7.50% CAP + Bonus Depreciation | Long-Term Corporate NNN Lease | Tax Free State,19cf8d83e520abc7,
,,,"Mon, 16 Mar 2026 18:34:54 +0000 (GMT)",,,Active,,19cf8b1aaf131064,Immediate Buyer Needs,,Sands Investment Group <info@sandsig.com>,Immediate Buyer Needs,19cf8b1aaf131064,
,,,"Mon, 16 Mar 2026 12:05:06 -0500",,,New,"El Paso, TX",19cf7a7046ddf414,Just Listed,"2026 Construction McDonald’s | ABS NNN Ground Lease | Strong Traffic Corridor  - El Paso, TX",Sands Investment Group <dave@sandsig.com>,"Just Listed | 2026 Construction McDonald’s | ABS NNN Ground Lease | Strong Traffic Corridor  - El Paso, TX",19cf7a7046ddf414,
,22140,,"Mon, 16 Mar 2026 11:04:59 -0500",,,Active,,19cf773527883116,"22,140 SF Unanchored Strip Center in Virginia",Synergistic Tenant Mix | Motivated Seller,Sands Investment Group <aconley@sandsig.com>,"22,140 SF Unanchored Strip Center in Virginia | Synergistic Tenant Mix | Motivated Seller",19cf773527883116,
,7750,,"Mon, 16 Mar 2026 10:04:44 -0500",,,Active,,19cf73e2ccddd20b,Utility Line Construction Services (Asplundh Subsidiary),"7,750 SF Flex Facility | Tax Free State - FL",Sands Investment Group <luke@sandsig.com>,"Utility Line Construction Services (Asplundh Subsidiary) | 7,750 SF Flex Facility | Tax Free State - FL",19cf73e2ccddd20b,
,,,"Mon, 16 Mar 2026 09:04:45 -0500",,20,Active,,19cf706659cdf957,20 Year ABS NNN,2% Annual Bumps | The Learning Experience | Full Term PG,Sands Investment Group <agilbert@sandsig.com>,20 Year ABS NNN | 2% Annual Bumps | The Learning Experience | Full Term PG,19cf706659cdf957,
,,,"Fri, 13 Mar 2026 15:04:39 -0500",,,Active,,19ce8d469f692ad1,Little Blessings Daycare,Dallas MSA | 15-Year NNN Lease | Tax-Free State,Sands Investment Group <skrepistman@sandsig.com>,Little Blessings Daycare | Dallas MSA | 15-Year NNN Lease | Tax-Free State,19ce8d469f692ad1,
,,7.08,"Fri, 13 Mar 2026 14:05:38 -0500",,,Price Reduced,,19ce897f04def3f3,Price Reduction,7.08% CAP - Prime Daytona Beach Property | Mixed-Use Asset | Retail & Residential Units | Recent Renovations,Sands Investment Group <jharris@sandsig.com>,Price Reduction | 7.08% CAP - Prime Daytona Beach Property | Mixed-Use Asset | Retail & Residential Units | Recent Renovations,19ce897f04def3f3,
62.0,,,"Fri, 13 Mar 2026 13:04:33 -0500",,,Active,,19ce867d455028f6,Bass Pro Shops,Strong Sales | Priced Under $62 PSF | Off I-20 (112k+ VPD) | Next to Sam's Club,Sands Investment Group <dan@sandsig.com>,Bass Pro Shops | Strong Sales | Priced Under $62 PSF | Off I-20 (112k+ VPD) | Next to Sam's Club,19ce867d455028f6,
,,,"Fri, 13 Mar 2026 12:04:54 -0500",,,New,,19ce835f258d87f1,New Listing,Dallas MSA | KinderCare NNN | 13+ Years | Corporate Guarantee,Sands Investment Group <skrepistman@sandsig.com>,New Listing | Dallas MSA | KinderCare NNN | 13+ Years | Corporate Guarantee,19ce835f258d87f1,
,,,"Fri, 13 Mar 2026 11:04:47 -0500",,,Active,,19ce801d018d3588,Fully Leased Shopping Center,Walmart-Shadowed Location | Highly Visible Corner Site,Sands Investment Group <cbrazzel@sandsig.com>,Fully Leased Shopping Center | Walmart-Shadowed Location | Highly Visible Corner Site,19ce801d018d3588,
,,,"Fri, 13 Mar 2026 10:05:27 -0500",,,New,,19ce7c8f183d6ad3,New Listing,Taco Bell - 15-Yr Sale Leaseback | Strong Sales | Award-Winning Operator,Sands Investment Group <jmulloy@sandsig.com>,New Listing | Taco Bell - 15-Yr Sale Leaseback | Strong Sales | Award-Winning Operator,19ce7c8f183d6ad3,
,1632,,"Fri, 13 Mar 2026 09:05:05 -0500",1.19,,Active,,19ce78dd05b3ba13,Redevelopment Opportunity - ATL MSA,"1.19 Acres & 1,632 SF Building | NRC Zoning",Sands Investment Group <solomon@sandsig.com>,"Redevelopment Opportunity - ATL MSA | 1.19 Acres & 1,632 SF Building | NRC Zoning",19ce78dd05b3ba13,
1800000.0,40598,,"Thu, 12 Mar 2026 15:04:43 -0500",,,Active,,19ce3afe4a37fffa,Back on Market,"40,598 SF Luxury Theatre | $1.8M Renovation | Upside Potential | Affluent Area",Sands Investment Group <adam@sandsig.com>,"Back on Market | 40,598 SF Luxury Theatre | $1.8M Renovation | Upside Potential | Affluent Area",19ce3afe4a37fffa,
,,,"Thu, 12 Mar 2026 14:04:38 -0500",,,Price Reduced,,19ce375dc24586b0,Price Reduction,Multi-Tenant NNN Retail | Proven Tenant Mix + Value-Add Potential | Strong Demographics,Sands Investment Group <drew@sandsig.com>,Price Reduction | Multi-Tenant NNN Retail | Proven Tenant Mix + Value-Add Potential | Strong Demographics,19ce375dc24586b0,
,,,"Thu, 12 Mar 2026 13:34:32 -0500",,,Active,,19ce35781f81d273,Just Released: Preview SIG Listings Before They Go Live,,Sands Investment Group <Info@sandsig.com>,Just Released: Preview SIG Listings Before They Go Live,19ce35781f81d273,
,,,"Thu, 12 Mar 2026 13:05:35 -0500",,,Active,"Dayton, OH",19ce342b99057591,15-Year Lease,"NNN Childcare Asset | High Avg HH Income - Dayton, OH MSA",Sands Investment Group <skrepistman@sandsig.com>,"15-Year Lease | NNN Childcare Asset | High Avg HH Income - Dayton, OH MSA",19ce342b99057591,
,,,"Thu, 12 Mar 2026 12:05:19 -0500",,,New,,19ce3147a72b37ab,Just Listed,Corporate Cracker Barrel | Directly Off I-17 - 111K+ VPD | Long-Term ABS NNN,Sands Investment Arizona <gary@sandsig.com>,Just Listed | Corporate Cracker Barrel | Directly Off I-17 - 111K+ VPD | Long-Term ABS NNN,19ce3147a72b37ab,
,,,"Thu, 12 Mar 2026 11:05:44 -0500",,,Active,,19ce2dc07b5f6128,New Construction NNN Power Center,National Credit Tenants | Starbucks Outparcel | Major Retail Hub,Sands Investment Group <dan@sandsig.com>,New Construction NNN Power Center | National Credit Tenants | Starbucks Outparcel | Major Retail Hub,19ce2dc07b5f6128,
,,,"Thu, 12 Mar 2026 10:35:09 -0500",,,Active,,19ce2b4d224922c3,Deals in the Southeast [For Vamsee],,Sands Investment Group <info@sandsig.com>,Deals in the Southeast [For Vamsee],19ce2b4d224922c3,
250.0,,,"Thu, 12 Mar 2026 10:05:45 -0500",,,Price Reduced,,19ce295edc4ac272,$250k Price Reduction,NNN Veterinary Asset - Florida | Tax Free State | 400+ Unit Operator | 3% Annual Increases,Sands Investment Group <gearnhart@sandsig.com>,$250k Price Reduction | NNN Veterinary Asset - Florida | Tax Free State | 400+ Unit Operator | 3% Annual Increases,19ce295edc4ac272,
,,,"Thu, 12 Mar 2026 09:05:16 -0500",,,Active,,19ce26f655bb94d3,New Construction Chick-fil-A,"Wine Country, CA",Sands Investment Group <max@sandsig.com>,"New Construction Chick-fil-A | Wine Country, CA",19ce26f655bb94d3,
,,,"Wed, 11 Mar 2026 15:36:20 -0500",,,New,,19cdeab9d25e952d,Just Listed,4 KFC Locations | 140+ Unit Guarantee | 18+ Year ABS NN Lease,Sands Investment Group <tmcgarry@sandsig.com>,Just Listed | 4 KFC Locations | 140+ Unit Guarantee | 18+ Year ABS NN Lease,19cdeab9d25e952d,
,,7.5,"Wed, 11 Mar 2026 15:04:47 -0500",,,Active,,19cde896814862f8,Pinnacle Oil & Gas,7.50% CAP | Strong Corporate Guarantee | TX - Tax Free,Sands Investment Group <msawyer@sandsig.com>,Pinnacle Oil & Gas | 7.50% CAP | Strong Corporate Guarantee | TX - Tax Free,19cde896814862f8,
,,,"Wed, 11 Mar 2026 14:05:36 -0500",,,Price Reduced,,19cde4aa3794d489,Price Reduced,14-Yr ABS NNN | Centria Autism Therapy,Sands Investment Group <bbrigham@sandsig.com>,Price Reduced | 14-Yr ABS NNN | Centria Autism Therapy,19cde4aa3794d489,
,,,"Wed, 11 Mar 2026 13:05:28 -0500",,,Active,,19cde27d771bd1a7,Chipotle (2024),Outparcel to ALDI/Tractor Supply | 10-Yr Corporate Lease,Sands Investment Group <dan@sandsig.com>,Chipotle (2024) | Outparcel to ALDI/Tractor Supply | 10-Yr Corporate Lease,19cde27d771bd1a7,
,,7.25,"Wed, 11 Mar 2026 12:06:17 -0500",,,New,,19cddff0c0d27470,New Listing,7.25% CAP - Stabilized NNN Shopping Center | ~30k VPD | Prime Retail Corridor,Sands Investment Group <bbaine@sandsig.com>,New Listing | 7.25% CAP - Stabilized NNN Shopping Center | ~30k VPD | Prime Retail Corridor,19cddff0c0d27470,
810000.0,,,"Wed, 11 Mar 2026 11:05:56 -0500",9.4,,Active,,19cddc3786f67490,$810K,"9.4 Acres - Industrial Land | Directly Off I-10 | Near Multiple Air Force Bases | Holt, FL",Sands Investment Group <solomon@sandsig.com>,"$810K | 9.4 Acres - Industrial Land | Directly Off I-10 | Near Multiple Air Force Bases | Holt, FL",19cddc3786f67490,
,,,"Wed, 11 Mar 2026 10:05:15 -0500",,15,New,,19cdd82e7ec14276,Just Listed,15 Yr Corporate Ground Lease Circle K in Texas | 2026 Construction,Sands Investment Group <stratton@sandsig.com>,Just Listed | 15 Yr Corporate Ground Lease Circle K in Texas | 2026 Construction,19cdd82e7ec14276,
,,6.5,"Wed, 11 Mar 2026 09:04:50 -0500",,,Active,,19cdd44b3fe29195,Cadence Academy,"Long Term NNN Corporate Lease | 6.50% CAP | Austin, TX MSA",Sands Investment Group <jmansour@sandsig.com>,"Cadence Academy | Long Term NNN Corporate Lease | 6.50% CAP | Austin, TX MSA",19cdd44b3fe29195,
,,,"Wed, 11 Mar 2026 08:06:11 -0500",,,New,,19cdd15208367c45,Just Listed,Taco Bell - Colorado | 15-Year NNN | Award Winning Operator (185+ Units) | Strong Sales,Sands Investment Group <max@sandsig.com>,Just Listed | Taco Bell - Colorado | 15-Year NNN | Award Winning Operator (185+ Units) | Strong Sales,19cdd15208367c45,
137000.0,,,"Tue, 10 Mar 2026 15:05:39 -0500",,,Active,,19cd9628f82c057c,The Learning Experience,15+ Yr NNN | $137K Avg HH Income - Affluent CT Market,Sands Investment Group <agilbert@sandsig.com>,The Learning Experience | 15+ Yr NNN | $137K Avg HH Income - Affluent CT Market,19cd9628f82c057c,
500000.0,,,"Tue, 10 Mar 2026 14:17:30 -0500",0.76,,New,"Jackson, MS",19cd9478823ca99e,Just Listed,"$500K | Owner-User Gas Station | 0.76-Acre Corner - Jackson, MS",Sands Investment Group <jbrown@sandsig.com>,"Just Listed | $500K | Owner-User Gas Station | 0.76-Acre Corner - Jackson, MS",19cd9478823ca99e,
,,8.55,"Tue, 10 Mar 2026 13:04:53 -0500",,,Active,,19cd8ff194202b3d,100% Leased Shopping Center,Shadow Anchored by Kroger | High Yield - 8.55% CAP,Sands Investment Group <dan@sandsig.com>,100% Leased Shopping Center | Shadow Anchored by Kroger | High Yield - 8.55% CAP,19cd8ff194202b3d,
,,,"Tue, 10 Mar 2026 12:04:59 -0500",,,New,,19cd8d68f2d9170c,New Listing,Corporate KinderCare | Pittsburgh MSA | 144K Population,Sands Investment Group <skrepistman@sandsig.com>,New Listing | Corporate KinderCare | Pittsburgh MSA | 144K Population,19cd8d68f2d9170c,
,,7.13,"Tue, 10 Mar 2026 11:04:57 -0500",,9,Active,,19cd88c2c618605b,7.13% Cap Rate,3% Annal Rent Increases | 9 Yrs of Term Remaining,Sands Investment Group <bpugh@sandsig.com>,7.13% Cap Rate | 3% Annal Rent Increases | 9 Yrs of Term Remaining,19cd88c2c618605b,
,,,"Tue, 10 Mar 2026 10:35:01 -0500",,,Active,,19cd867a74fe1277,Deals in the Midwest [For Vamsee],,Sands Investment Group <info@sandsig.com>,Deals in the Midwest [For Vamsee],19cd867a74fe1277,
,,,"Tue, 10 Mar 2026 10:04:36 -0500",,,Active,,19cd85860d124314,ABS NNN CVS Pharmacy,Chicago MSA | Drive-Thru | Premier Retail Hub,Sands Investment Group <evan@sandsig.com>,ABS NNN CVS Pharmacy | Chicago MSA | Drive-Thru | Premier Retail Hub,19cd85860d124314,
,,,"Tue, 10 Mar 2026 09:04:40 -0500",,,Active,"Savannah, GA",19cd82b9fee5f360,"Popeyes - Savannah, GA",15+ Yr NNN Ground Lease | Strong Franchisee | 128K+ Residents,Sands Investment Group <mcoleman@sandsig.com>,"Popeyes - Savannah, GA | 15+ Yr NNN Ground Lease | Strong Franchisee | 128K+ Residents",19cd82b9fee5f360,
1000000.0,,,"Tue, 10 Mar 2026 08:05:45 -0500",,,New,,19cd7ee91b4ed8b9,Just Listed,2-Store C-Store Portfolio | $1M | Open Fuel Contract | Missouri,Sands Investment Group <dsaboorian@sandsig.com>,Just Listed | 2-Store C-Store Portfolio | $1M | Open Fuel Contract | Missouri,19cd7ee91b4ed8b9,
,,,"Mon, 09 Mar 2026 15:05:26 -0500",,,Active,,19cd43a8b3a433a0,High-Performing Kids ‘R’ Kids,15-Year ABS NNN | Houston MSA - Large Population,Sands Investment Group <rsompayrac@sandsig.com>,High-Performing Kids ‘R’ Kids | 15-Year ABS NNN | Houston MSA - Large Population,19cd43a8b3a433a0,
,,,"Mon, 09 Mar 2026 14:06:17 -0500",,,New,,19cd411e2f22ee25,New Listing,Advance Auto Parts | Below Market Rent | Recently Renovated,Sands Investment Group <jliberatore@sandsig.com>,New Listing | Advance Auto Parts | Below Market Rent | Recently Renovated,19cd411e2f22ee25,
,,,"Mon, 9 Mar 2026 18:34:57 +0000 (GMT)",,,Active,,19cd3e18336de3e6,Immediate Buyer Needs,,Sands Investment Group <info@sandsig.com>,Immediate Buyer Needs,19cd3e18336de3e6,
,,6.65,"Mon, 09 Mar 2026 13:04:33 -0500",,,Active,,19cd3cb8ecf72ef9,b1Bank,6.65% CAP | Newer Construction | Annual Increases | Strong Retail Corridor,Sands Investment Group <evan@sandsig.com>,b1Bank | 6.65% CAP | Newer Construction | Annual Increases | Strong Retail Corridor,19cd3cb8ecf72ef9,
,,,"Mon, 09 Mar 2026 12:04:49 -0500",,,New,,19cd3a071d495e2d,New Listing,Pinnacle Gas - Houston MSA | 15-Year ABS NNN | 70K+ VPD Corner,Sands Investment Group <jonathan@sandsig.com>,New Listing | Pinnacle Gas - Houston MSA | 15-Year ABS NNN | 70K+ VPD Corner,19cd3a071d495e2d,
,,,"Mon, 09 Mar 2026 11:06:01 -0500",21.6,,Active,,19cd36a7feaa25ee,Commercial Diesel Parts & Service,RE & Business | 21.6 Acres - Room to Expand | Tax Free State,Sands Investment Group <solomon@sandsig.com>,Commercial Diesel Parts & Service | RE & Business | 21.6 Acres - Room to Expand | Tax Free State,19cd36a7feaa25ee,
,,,"Mon, 09 Mar 2026 09:04:58 -0500",,,Active,,19cd2f93c2499c1e,8.00%+ CAP,"Medical-Anchored Center | 100% Occupied | St. Louis, MO",Sands Investment Group <aanttila@sandsig.com>,"8.00%+ CAP | Medical-Anchored Center | 100% Occupied | St. Louis, MO",19cd2f93c2499c1e,
,,6.5,"Mon, 09 Mar 2026 08:04:49 -0500",,,Price Reduced,"Donalsonville, GA",19cd2c3a5d6beeb6,Price Reduced - 6.50% CAP,"Burger King - Donalsonville, GA | New 2024 Construction | New 20-Yr NNN",Sands Investment Group <jmulloy@sandsig.com>,"Price Reduced - 6.50% CAP | Burger King - Donalsonville, GA | New 2024 Construction | New 20-Yr NNN",19cd2c3a5d6beeb6,
,,,"Fri, 06 Mar 2026 14:04:50 -0600",,,New,,19cc4cd94c3e9ad9,Just Listed,24-Bed Medical Care Facility | 1-Block from Hospital | Georgia,Sands Investment Group <carlosa@sandsig.com>,Just Listed | 24-Bed Medical Care Facility | 1-Block from Hospital | Georgia,19cc4cd94c3e9ad9,
,,,"Fri, 06 Mar 2026 13:04:41 -0600",,15,Active,,19cc491579b5b34f,Meineke,Long-Term 15 Yr NNN | Strong Retail Synergy | Philadelphia MSA,Sands Investment Group <jmansour@sandsig.com>,Meineke | Long-Term 15 Yr NNN | Strong Retail Synergy | Philadelphia MSA,19cc491579b5b34f,
,,,"Fri, 06 Mar 2026 12:04:40 -0600",,,New,,19cc45d0945c5f98,New Listing,Corporate-Backed KinderCare | Minneapolis MSA | 2% Annual Increases,Sands Investment Group <max@sandsig.com>,New Listing | Corporate-Backed KinderCare | Minneapolis MSA | 2% Annual Increases,19cc45d0945c5f98,
,,7.5,"Fri, 06 Mar 2026 11:05:04 -0600",,,Active,,19cc43052cd499e3,7.50% Cap + Bonus Depreciation,Long-Term Corporate NNN Lease | Tax Free State,Sands Investment Group <mattm@sandsig.com>,7.50% Cap + Bonus Depreciation | Long-Term Corporate NNN Lease | Tax Free State,19cc43052cd499e3,
,,,"Fri, 06 Mar 2026 10:05:01 -0600",,,New,,19cc3f06a6eb976e,Just Listed,Built-to-Suit Dollar General | NNN | Corporate Guarantee | Hard Corner,Sands Investment Group <luke@sandsig.com>,Just Listed | Built-to-Suit Dollar General | NNN | Corporate Guarantee | Hard Corner,19cc3f06a6eb976e,
,,7.0,"Fri, 06 Mar 2026 09:04:53 -0600",,,Active,,19cc3bbb387caf64,Kids ‘R’ Kids - Houston MSA,7.00% CAP | 15-Year ABS NNN Sale Leaseback,Sands Investment Group <rsompayrac@sandsig.com>,Kids ‘R’ Kids - Houston MSA | 7.00% CAP | 15-Year ABS NNN Sale Leaseback,19cc3bbb387caf64,
,,,"Thu, 5 Mar 2026 15:53:53 -0600",,,Active,Texas,19cbffe65ae5e471,3 Rare Abs. NNN Family Dollars - Texas,,Jordan Mulloy <jmulloy@sandsig.com>,3 Rare Abs. NNN Family Dollars - Texas,19cbffe65ae5e471,
,,8.0,"Thu, 05 Mar 2026 14:05:05 -0600",,,New,,19cbfb2fc8e69856,Just Listed,Hat Creek Burger - Dallas MSA | 8.00% CAP | NNN | 15+ Year Term | Corporate Guarantee,Sands Investment Group <cayson@sandsig.com>,Just Listed | Hat Creek Burger - Dallas MSA | 8.00% CAP | NNN | 15+ Year Term | Corporate Guarantee,19cbfb2fc8e69856,
,,,"Thu, 05 Mar 2026 13:34:53 -0600",,,Active,,19cbf87514104daa,Just Released: Preview SIG Listings Before They Go Live,,Sands Investment Group <Info@sandsig.com>,Just Released: Preview SIG Listings Before They Go Live,19cbf87514104daa,
,,,"Thu, 05 Mar 2026 13:04:47 -0600",,,Active,,19cbf6b96a58b08c,KinderCare (Dark),"ABS NNN | Dayton, OH | Prime Frontage Busy Corridor",Sands Investment Group <agilbert@sandsig.com>,"KinderCare (Dark) | ABS NNN | Dayton, OH | Prime Frontage Busy Corridor",19cbf6b96a58b08c,
,12000,,"Thu, 05 Mar 2026 12:05:10 -0600",,,Active,,19cbf3ab732097ab,12 Bay Owner User  Auto Shop,"12,000 SF | Matawan, NJ | 45 Mins from NYC",Sands Investment Group <greath@sandsig.com>,"12 Bay Owner User  Auto Shop | 12,000 SF | Matawan, NJ | 45 Mins from NYC",19cbf3ab732097ab,
300000.0,,,"Thu, 05 Mar 2026 11:04:43 -0600",,,Active,,19cbf034975f56eb,C-Store & Restaurant,Business & RE | Multiple Income Streams | $300K in Upgrades,Sands Investment Group <jbrown@sandsig.com>,C-Store & Restaurant | Business & RE | Multiple Income Streams | $300K in Upgrades,19cbf034975f56eb,
,,,"Thu, 05 Mar 2026 10:04:55 -0600",,,New,,19cbecdf9c0d9cf4,Just Listed,"11-Unit By-Right Development Site – Philadelphia, PA | Prime Hwy Access",Sands Investment Group <drew@sandsig.com>,"Just Listed | 11-Unit By-Right Development Site – Philadelphia, PA | Prime Hwy Access",19cbecdf9c0d9cf4,
,,,"Thu, 05 Mar 2026 09:05:32 -0600",,,Active,,19cbe990cd4a2d07,2 Turnkey Car Dealership Portfolio,"Business & RE | Multiple Income Streams | Fort Myers, FL",Sands Investment Group <ccoassin@sandsig.com>,"2 Turnkey Car Dealership Portfolio | Business & RE | Multiple Income Streams | Fort Myers, FL",19cbe990cd4a2d07,
65.0,,7.5,"Thu, 05 Mar 2026 08:06:17 -0600",,,Active,,19cbe6ac046f3873,Value Add Retail Center for Sale,Texas | 7.50% CAP | $65/SF | Low Rent at $5/SF,Sands Investment Group <cayson@sandsig.com>,Value Add Retail Center for Sale | Texas | 7.50% CAP | $65/SF | Low Rent at $5/SF,19cbe6ac046f3873,
695000.0,,,"Wed, 04 Mar 2026 14:06:09 -0600",2.75,,New,,19cba87ad8a9f6b5,Just Listed,Signalized 2.75 Acres at I-77 & I-271 Interchange | $695K | Affluent Submarket,Sands Investment Group <drew@sandsig.com>,Just Listed | Signalized 2.75 Acres at I-77 & I-271 Interchange | $695K | Affluent Submarket,19cba87ad8a9f6b5,
,,,"Wed, 04 Mar 2026 12:06:04 -0600",,,New,,19cba14ed806f6eb,New Listing,Corporate Guarantee | White Castle | Columbus MSA | High-Traffic Corridor,Sands Investment Group <jliberatore@sandsig.com>,New Listing | Corporate Guarantee | White Castle | Columbus MSA | High-Traffic Corridor,19cba14ed806f6eb,
,,5.25,"Wed, 04 Mar 2026 11:04:34 -0600",,,Active,,19cb9e17ddf8747e,AutoZone,Absolute NNN Ground Lease | 5.25% CAP,Sands Investment Group <luke@sandsig.com>,AutoZone | Absolute NNN Ground Lease | 5.25% CAP,19cb9e17ddf8747e,
,,,"Wed, 04 Mar 2026 10:04:46 -0600",,,New,,19cb99897d0d98b0,New Listing,Low Price Point | Annual Increases | Long Term Abs. NNN,Sands Investment Group <clifton@sandsig.com>,New Listing | Low Price Point | Annual Increases | Long Term Abs. NNN,19cb99897d0d98b0,
,,7.0,"Wed, 04 Mar 2026 09:04:38 -0600",,,Active,,19cb9707b188f0c2,"Austin, TX",ABS NNN | 7.00% CAP Korean BBQ | New 10-Year Lease | Off I-35 (200K+ VPD),Sands Investment Group <jmulloy@sandsig.com>,"Austin, TX | ABS NNN | 7.00% CAP Korean BBQ | New 10-Year Lease | Off I-35 (200K+ VPD)",19cb9707b188f0c2,
,,,"Wed, 04 Mar 2026 08:05:48 -0600",,,Price Reduced,,19cb92ca934c2cc9,For Sale or For Lease,Price Reduction | Pep Boys | Lease Expiring | Re-Tenant / Operator Upside,Sands Investment Group <jess@sandsig.com>,For Sale or For Lease | Price Reduction | Pep Boys | Lease Expiring | Re-Tenant / Operator Upside,19cb92ca934c2cc9,
,,,"Tue, 03 Mar 2026 14:05:39 -0600",,,Price Reduced,,19cb560156695b3e,Price Reduced,KinderCare | NNN Lease | 2021 Build | High-Demand With Low Competition,Sands Investment Group <adieguez@sandsig.com>,Price Reduced | KinderCare | NNN Lease | 2021 Build | High-Demand With Low Competition,19cb560156695b3e,
,,,"Tue, 03 Mar 2026 13:05:22 -0600",4.089,,Active,,19cb52721f7d3843,4.089 Acres of Prime Commercial Land,Two Parcels | High-Visibility Corridor in Tennessee,Sands Investment Group <chris@sandsig.com>,4.089 Acres of Prime Commercial Land | Two Parcels | High-Visibility Corridor in Tennessee,19cb52721f7d3843,
116.47,,,"Tue, 03 Mar 2026 12:04:56 -0600",,,Price Reduced,,19cb4e88e7c1a758,Price Reduced,(Former La-Z-Boy) | $116.47 PSF | High VPD in Strong Retail Corridor,Sands Investment Group <bbaine@sandsig.com>,Price Reduced |(Former La-Z-Boy) | $116.47 PSF | High VPD in Strong Retail Corridor,19cb4e88e7c1a758,
,,,"Tue, 03 Mar 2026 11:05:46 -0600",,,Active,,19cb4b63e8b474d6,High-Entry Cap Strip Center,Lease-Up Opportunity | High-Traffic OKC Corridor,Sands Investment Group <ccoassin@sandsig.com>,High-Entry Cap Strip Center | Lease-Up Opportunity | High-Traffic OKC Corridor,19cb4b63e8b474d6,
,,,"Tue, 03 Mar 2026 10:04:53 -0600",,,Active,,19cb472236becfc5,Value-Add Small Bay Industrial,NW Arkansas,Sands Investment Group <pgunn@sandsig.com>,Value-Add Small Bay Industrial | NW Arkansas,19cb472236becfc5,
,,,"Tue, 03 Mar 2026 09:06:19 -0600",,,Active,,19cb450f616a4c6a,Turnkey Owner-User Education Facility,"Strong Family Demographics & High Demand | Lansing, MI",Sands Investment Group <rsompayrac@sandsig.com>,"Turnkey Owner-User Education Facility | Strong Family Demographics & High Demand | Lansing, MI",19cb450f616a4c6a,
,,7.1,"Mon, 02 Mar 2026 14:05:32 -0600",,20,Price Reduced,Texas,19cb0335c17afa3b,Reduced Price,7.10% CAP | The Learning Experience | 20 Year NNN | Brand New Development | Tax Free State - Texas,Sands Investment Group <agilbert@sandsig.com>,Reduced Price | 7.10% CAP | The Learning Experience | 20 Year NNN | Brand New Development | Tax Free State - Texas,19cb0335c17afa3b,
,,,"Mon, 2 Mar 2026 19:34:53 +0000 (GMT)",,,Active,,19cb00bdfb70d882,Immediate Buyer Needs,,Sands Investment Group <info@sandsig.com>,Immediate Buyer Needs,19cb00bdfb70d882,
,,7.0,"Mon, 02 Mar 2026 13:04:43 -0600",,,Active,,19caff8591dad90f,7.00% CAP NNN Applebee’s,"Proven Operator (130+ Units) | Fort Wayne, IN MSA",Sands Investment Group <jmulloy@sandsig.com>,"7.00% CAP NNN Applebee’s | Proven Operator (130+ Units) | Fort Wayne, IN MSA",19caff8591dad90f,
,,6.0,"Mon, 02 Mar 2026 12:05:00 -0600",,,Price Reduced,Texas,19cafc1d351080fa,Price Reduced - 6.00% CAP,Layne's Chicken - Texas | 2025 Renovation | ~14-Yr ABS NNN Ground Lease,Sands Investment Group <jmulloy@sandsig.com>,Price Reduced - 6.00% CAP | Layne's Chicken - Texas | 2025 Renovation | ~14-Yr ABS NNN Ground Lease,19cafc1d351080fa,
124000.0,,,"Mon, 02 Mar 2026 11:04:52 -0600",,,Active,,19caf8e60a76cacd,Cadence Education,2% Annual Bumps | Chicago MSA | $124K Avg HH Income,Sands Investment Group <skrepistman@sandsig.com>,Cadence Education | 2% Annual Bumps | Chicago MSA | $124K Avg HH Income,19caf8e60a76cacd,
,,,"Mon, 02 Mar 2026 10:05:29 -0600",1.42,,New,,19caf603a8ca644a,Just Listed,Walmart-Shadowed Development Site - Atlanta MSA | 1.42 Acres | High-Growth Corridor,Sands Investment Group <doug@sandsig.com>,Just Listed | Walmart-Shadowed Development Site - Atlanta MSA | 1.42 Acres | High-Growth Corridor,19caf603a8ca644a,
,,5.25,"Mon, 02 Mar 2026 09:05:02 -0600",,,Active,,19caf3e7b5f1494c,AutoZone,Absolute NNN Ground Lease | 5.25% Cap,Sands Investment Group <luke@sandsig.com>,AutoZone|Absolute NNN Ground Lease|5.25% Cap,19caf3e7b5f1494c,
,,9.0,"Mon, 02 Mar 2026 08:05:03 -0600",,,Price Reduced,,19caee00293bceee,Price Reduction,"9.00% CAP | Brand New NNN Seafood Restaurant | Baton Rouge, LA | 3% Annual Rent Increases",Sands Investment Group <jmulloy@sandsig.com>,"Price Reduction | 9.00% CAP | Brand New NNN Seafood Restaurant | Baton Rouge, LA | 3% Annual Rent Increases",19caee00293bceee,
,,,"Fri, 27 Feb 2026 15:04:40 -0600",,,Active,,19ca0f24b7066ebf,Vacant Owner/User Opportunity,Dallas MSA | Robust Demographics,Sands Investment Group <abridges@sandsig.com>,Vacant Owner/User Opportunity | Dallas MSA | Robust Demographics,19ca0f24b7066ebf,
,,,"Fri, 27 Feb 2026 14:04:58 -0600",,,Price Reduced,,19ca0c612374e644,Price Reduced,Mixed-Use Center with Significant Upside | 40% Below-Market Rents | Major Vacation Destination,Sands Investment Group <jlevine@sandsig.com>,Price Reduced | Mixed-Use Center with Significant Upside | 40% Below-Market Rents | Major Vacation Destination,19ca0c612374e644,
,,,"Fri, 27 Feb 2026 13:04:43 -0600",,10,Active,,19ca083e94bbfe63,Hajoca Corp,"10 Year NNN Lease | 3% Annual Increases | Grand Junction, CO",Sands Investment Group <max@sandsig.com>,"Hajoca Corp | 10 Year NNN Lease | 3% Annual Increases | Grand Junction, CO",19ca083e94bbfe63,
,,,"Fri, 27 Feb 2026 12:05:01 -0600",,,Price Reduced,,19ca050efcedd5d9,Price Reduced,"15-Year Abs NNN Burger King | 10% Rent Increases | Greenbrier, AR",Sands Investment Group <jmulloy@sandsig.com>,"Price Reduced | 15-Year Abs NNN Burger King | 10% Rent Increases | Greenbrier, AR",19ca050efcedd5d9,
,,,"Fri, 27 Feb 2026 11:04:42 -0600",,,Active,"Growth El Paso, TX",19ca02393c55ed1f,Quick-Lube Chain,"Built-to-Suit | 10% Rent Bumps | High-Growth El Paso, TX Market",Sands Investment Group <abridges@sandsig.com>,"Quick-Lube Chain | Built-to-Suit | 10% Rent Bumps | High-Growth El Paso, TX Market",19ca02393c55ed1f,
,13465,,"Fri, 27 Feb 2026 10:04:52 -0600",,,New,,19c9fd8bd5945650,Just Listed,"13,465 SF IOS Asset – Bloomington, IL | Road Expansion Upside",Sands Investment Group <nkariv@sandsig.com>,"Just Listed | 13,465 SF IOS Asset – Bloomington, IL | Road Expansion Upside",19c9fd8bd5945650,
,,,"Fri, 27 Feb 2026 09:05:01 -0600",,,Active,,19c9fabb39ec1e02,Little Sunshine’s Playhouse - 2025 Construction,15-Yr NNN | Denver MSA,Sands Investment Group <max@sandsig.com>,Little Sunshine’s Playhouse - 2025 Construction | 15-Yr NNN | Denver MSA,19c9fabb39ec1e02,
,,,"Thu, 26 Feb 2026 15:04:57 -0600",,,Active,,19c9bcd110ed12f0,Burger King - Extremely High Sales,ABS NNN | Backed by GPS Hospitality | Adjacent to Walmart,Sands Investment Group <tom@sandsig.com>,Burger King - Extremely High Sales | ABS NNN | Backed by GPS Hospitality | Adjacent to Walmart,19c9bcd110ed12f0,
,19360,,"Thu, 26 Feb 2026 13:04:54 -0600",4.18,,Active,,19c9b63a96166d98,Former Truck Terminal,"19,360 SF on 4.18 Acres | For Sale or Lease | Douglasville, GA",Sands Investment Group <solomon@sandsig.com>,"Former Truck Terminal | 19,360 SF on 4.18 Acres | For Sale or Lease | Douglasville, GA",19c9b63a96166d98,
,,,"Thu, 26 Feb 2026 12:05:01 -0600",,,New,,19c9b2befa45c233,New Listing,"Owner-User Asset | Near Publix-Anchored Redevelopment | 280K+ Residents | Decatur, GA",Sands Investment Group <cbrazzel@sandsig.com>,"New Listing | Owner-User Asset | Near Publix-Anchored Redevelopment | 280K+ Residents | Decatur, GA",19c9b2befa45c233,
,,8.0,"Thu, 26 Feb 2026 11:05:00 -0600",,,Active,,19c9af71507e7797,8.00% CAP,High-Yield KidTown Academy Investment | New 7-Year Lease | Growing Milwaukee Area,Sands Investment Group <adieguez@sandsig.com>,8.00% CAP | High-Yield KidTown Academy Investment | New 7-Year Lease | Growing Milwaukee Area,19c9af71507e7797,
,,,"Thu, 26 Feb 2026 10:04:48 -0600",,,New,,19c9ac27d84474dc,Just Listed,Corporate Arby’s | ABS NNN | 40-Year Operating History | Tax Free State,Sands Investment Group <jmulloy@sandsig.com>,Just Listed | Corporate Arby’s | ABS NNN | 40-Year Operating History | Tax Free State,19c9ac27d84474dc,
,,,"Thu, 26 Feb 2026 09:04:50 -0600",,,Active,,19c9a8b835a112fa,High Density Mixed-Use Development Sites - Seattle MSA,,Sands Investment Group <drew@sandsig.com>,High Density Mixed-Use Development Sites - Seattle MSA,19c9a8b835a112fa,
,,,"Wed, 25 Feb 2026 15:04:44 -0600",,25,Active,,19c96a60bfaa13aa,Red Robin,"Albuquerque, NM | 72,000+ VPD | Mall Outparcel | 25 Year Operating History | ABS NNN",Sands Investment Group <jmulloy@sandsig.com>,"Red Robin | Albuquerque, NM | 72,000+ VPD | Mall Outparcel | 25 Year Operating History | ABS NNN",19c96a60bfaa13aa,
,,7.75,"Wed, 25 Feb 2026 14:04:55 -0600",,,New,,19c9686c069ccb71,New Listing,"15-Year ABS NNN C-Store – Houston, TX | 70+ Unit Operator | 7.75% CAP",Sands Investment Group <kegan@sandsig.com>,"New Listing | 15-Year ABS NNN C-Store – Houston, TX | 70+ Unit Operator | 7.75% CAP",19c9686c069ccb71,
,,,"Wed, 25 Feb 2026 13:34:28 -0600",,,Active,,19c96569555afe54,Just Released: Preview SIG Listings Before They Go Live,,Sands Investment Group <Info@sandsig.com>,Just Released: Preview SIG Listings Before They Go Live,19c96569555afe54,
,,,"Wed, 25 Feb 2026 13:04:46 -0600",,,Active,"Raleigh, NC",19c964070a5d6293,Prime Location,"NNN Gerber Collision & Glass | Recently Renovated | 25+ Year History | High-Traffic - Raleigh, NC",Sands Investment Group <ccoassin@sandsig.com>,"Prime Location | NNN Gerber Collision & Glass | Recently Renovated | 25+ Year History | High-Traffic - Raleigh, NC",19c964070a5d6293,
,10000,,"Wed, 25 Feb 2026 11:04:53 -0600",,,Active,Texas,19c95d1218d0e627,"10,000 SF Turnkey Childcare Center",Business & RE | Tax-Free State - Texas,Sands Investment Group <jason@sandsig.com>,"10,000 SF Turnkey Childcare Center | Business & RE | Tax-Free State - Texas",19c95d1218d0e627,
,,,"Wed, 25 Feb 2026 10:04:53 -0600",,,Price Reduced,,19c959b088e2d41f,Price Reduction,Turnkey Owner-User Asset | Across Walmart | Business & RE | High Traffic Area,Sands Investment Group <gary@sandsig.com>,Price Reduction | Turnkey Owner-User Asset | Across Walmart | Business & RE | High Traffic Area,19c959b088e2d41f,
85.0,,,"Wed, 25 Feb 2026 09:04:48 -0600",,,Active,,19c956ab975b5801,Former Rite Aid,"Windsor, VT | Redevelopment Opportunity $85 PSF",Sands Investment Group <jliberatore@sandsig.com>,"Former Rite Aid | Windsor, VT | Redevelopment Opportunity $85 PSF",19c956ab975b5801,
,,8.5,"Wed, 25 Feb 2026 08:04:58 -0600",,,New,,19c95356ac477f76,New Listing,8.50% CAP Rate | Significant Pro-Forma Returns | Value-Add Medtail Center,Sands Investment Group <bkohl@sandsig.com>,New Listing | 8.50% CAP Rate | Significant Pro-Forma Returns | Value-Add Medtail Center,19c95356ac477f76,
,,,"Tue, 24 Feb 2026 15:04:46 -0600",,,Active,,19c917df8ec60030,Popeyes - Prime Retail Corridor,Zero Landlord Responsibilities | Strong Multi-Unit Franchisee,Sands Investment Group <mcoleman@sandsig.com>,Popeyes - Prime Retail Corridor | Zero Landlord Responsibilities | Strong Multi-Unit Franchisee,19c917df8ec60030,
,,,"Tue, 24 Feb 2026 14:04:48 -0600",,,New,,19c915027ed2dc20,New Listing,"For Lease - I-95 Exit 19 Redevelopment Site | 63,000 VPD | NC",Sands Investment Group <drew@sandsig.com>,"New Listing | For Lease - I-95 Exit 19 Redevelopment Site | 63,000 VPD | NC",19c915027ed2dc20,63000
,,,"Tue, 24 Feb 2026 13:04:40 -0600",,15,Active,,19c9112b4165db04,Meineke,Long-Term 15 Yr NNN | Strong Retail Synergy | Philadelphia MSA,Sands Investment Group <jmansour@sandsig.com>,Meineke | Long-Term 15 Yr NNN | Strong Retail Synergy | Philadelphia MSA,19c9112b4165db04,
,,,"Tue, 24 Feb 2026 12:04:58 -0600",,,New,,19c90de89329aca6,Just Listed,Build-to-Suit Restaurant | ABS NNN | Drive-Thru | Hard Signalized Corner,Sands Investment Group <adam@sandsig.com>,Just Listed | Build-to-Suit Restaurant | ABS NNN | Drive-Thru | Hard Signalized Corner,19c90de89329aca6,
,,10.5,"Tue, 24 Feb 2026 11:04:47 -0600",,4,Active,,19c90a63f6315e77,Family Dollar,10.50% CAP | 4 Years Remaining,Sands Investment Group <jess@sandsig.com>,Family Dollar | 10.50% CAP | 4 Years Remaining,19c90a63f6315e77,
,,,"Tue, 24 Feb 2026 10:04:48 -0600",,,Active,,19c9067592681f4a,New Price,Advance Auto Parts | Tax Free State - Florida | 57K+ VPD | Corporate Guarantee,Sands Investment Group <jliberatore@sandsig.com>,New Price | Advance Auto Parts | Tax Free State - Florida | 57K+ VPD | Corporate Guarantee,19c9067592681f4a,
,,,"Tue, 24 Feb 2026 09:04:37 -0600",,,Active,,19c903ae90330c89,Long-Term KinderCare NNN Lease,High-Demand With Low Competition,Sands Investment Group <adieguez@sandsig.com>,Long-Term KinderCare NNN Lease | High-Demand With Low Competition,19c903ae90330c89,
,,,"Tue, 24 Feb 2026 08:04:55 -0600",10.07,,Price Reduced,,19c8ff9b1617ba8c,Reduced Price,38-Unit Development Site | Foreclosure/REO Sale | 10.07 Acres in Florida,Sands Investment Group <drew@sandsig.com>,Reduced Price | 38-Unit Development Site | Foreclosure/REO Sale | 10.07 Acres in Florida,19c8ff9b1617ba8c,
,,,"Mon, 23 Feb 2026 15:04:54 -0600",4.0,,Active,,19c8c64131b367dc,High-Traffic KY Truck Stop,Off I-165 | Multiple Revenue Streams | 4-Acre Site,Sands Investment Group <zpassman@sandsig.com>,High-Traffic KY Truck Stop | Off I-165 | Multiple Revenue Streams | 4-Acre Site,19c8c64131b367dc,
,,9.0,"Mon, 23 Feb 2026 14:05:06 -0600",,,New,"Louisville, KY",19c8c3899deff0a9,New Listing,"9.00% CAP | High-Performing Office Asset - Louisville, KY | 4-Units Fully Leased",Sands Investment Group <zboals@sandsig.com>,"New Listing | 9.00% CAP | High-Performing Office Asset - Louisville, KY | 4-Units Fully Leased",19c8c3899deff0a9,
,,,"Mon, 23 Feb 2026 19:35:01 +0000 (GMT)",,,Active,,19c8bff76c707fdb,Immediate Buyer Needs,,Sands Investment Group <info@sandsig.com>,Immediate Buyer Needs,19c8bff76c707fdb,
,,,"Mon, 23 Feb 2026 13:04:46 -0600",,15,Active,"Houston, TX",19c8bec5be6ca224,"15 Yr NNN Cadence Academy - Houston, TX",High Avg HH Income | Tax Free State,Sands Investment Group <skrepistman@sandsig.com>,"15 Yr NNN Cadence Academy - Houston, TX | High Avg HH Income | Tax Free State",19c8bec5be6ca224,
,,,"Mon, 23 Feb 2026 12:04:57 -0600",,,New,,19c8bbe514fa43e1,Just Listed,Multi-Family Development Site | I-75 Frontage | Approved Student Housing Plans,Sands Investment Group <zfriedman@sandsig.com>,Just Listed | Multi-Family Development Site | I-75 Frontage | Approved Student Housing Plans,19c8bbe514fa43e1,
,,,"Mon, 23 Feb 2026 11:05:10 -0600",,,Active,"Columbia, SC",19c8b89f69214e2f,"Bojangles - Columbia, SC",Corporate Guarantee | 108K+ VPD | ABS NNN | 7+ Years,Sands Investment Group <doug@sandsig.com>,"Bojangles - Columbia, SC | Corporate Guarantee | 108K+ VPD | ABS NNN | 7+ Years",19c8b89f69214e2f,
,,,"Mon, 23 Feb 2026 10:04:44 -0600",,,New,,19c8b4a3699ee6ba,Just Listed,"The Learning Experience | 2026 Construction | 16-Year NNN | Columbus, OH Suburb",Sands Investment Group <skrepistman@sandsig.com>,"Just Listed | The Learning Experience | 2026 Construction | 16-Year NNN | Columbus, OH Suburb",19c8b4a3699ee6ba,
,1632,,"Mon, 23 Feb 2026 09:04:52 -0600",1.19,,Active,,19c8b16d52b09431,Redevelopment Opportunity - ATL MSA,"1.19 Acres & 1,632 SF Building | NRC Zoning",Sands Investment Group <solomon@sandsig.com>,"Redevelopment Opportunity - ATL MSA | 1.19 Acres & 1,632 SF Building | NRC Zoning",19c8b16d52b09431,
33.0,,9.7,"Mon, 23 Feb 2026 08:04:53 -0600",,,Active,,19c8ad28efa797a7,Multi-Tenant Center,9.70% Cap Rate | $33 per SF | Value-Add Upside | 91% Leased,Sands Investment Group <amccrary@sandsig.com>,Multi-Tenant Center | 9.70% Cap Rate | $33 per SF | Value-Add Upside | 91% Leased,19c8ad28efa797a7,
,,,"Fri, 20 Feb 2026 15:04:49 -0600",,,Active,,19c7ce4f18694df7,KinderCare - Dallas MSA,New Construction | Long Term NNN Lease,Sands Investment Group <skrepistman@sandsig.com>,KinderCare - Dallas MSA | New Construction | Long Term NNN Lease,19c7ce4f18694df7,
,,,"Fri, 20 Feb 2026 13:04:38 -0600",,,Active,,19c7c8069160fb21,Harbor Freight,17% Bump | #1 Store in the State | Recent Tenant Investment,Sands Investment Group <evan@sandsig.com>,Harbor Freight | 17% Bump | #1 Store in the State | Recent Tenant Investment,19c7c8069160fb21,
,,,"Fri, 20 Feb 2026 12:04:51 -0600",,,New,,19c7c449a4dc0d8a,New Listing,DaVita | Recent Lease Extension | Near a Hospital | Corporate Guarantee,Sands Investment Group <bbrigham@sandsig.com>,New Listing | DaVita | Recent Lease Extension | Near a Hospital | Corporate Guarantee,19c7c449a4dc0d8a,
,,,"Fri, 20 Feb 2026 11:04:55 -0600",,,Active,Texas,19c7c0fcb9313c08,Collision Center,Prime Auto Corridor & High-Visibility | Tax Free State - Texas,Sands Investment Group <bpugh@sandsig.com>,Collision Center | Prime Auto Corridor & High-Visibility | Tax Free State - Texas,19c7c0fcb9313c08,
,,,"Fri, 20 Feb 2026 10:04:53 -0600",,,New,"Calhoun, GA",19c7bd7114479ec9,Just Listed,"Del Taco - Calhoun, GA | 14-Year ABS NNN Lease | 2% Annual Increases",Sands Investment Group <jmulloy@sandsig.com>,"Just Listed | Del Taco - Calhoun, GA | 14-Year ABS NNN Lease | 2% Annual Increases",19c7bd7114479ec9,
,,,"Fri, 20 Feb 2026 09:04:55 -0600",,15,Active,,19c7b9ee105107d0,Absolute NNN Education Asset,15 Years | 2% Annual Increases | Atlanta MSA,Sands Investment Group <agilbert@sandsig.com>,Absolute NNN Education Asset | 15 Years | 2% Annual Increases | Atlanta MSA,19c7b9ee105107d0,
,,,"Thu, 19 Feb 2026 15:04:31 -0600",,,Active,,19c77c51f5e3c539,Starbucks,High-Growth Texas MSA | Corporate Guaranteed NNN Lease | Top 16% Performing Store in TX,Sands Investment Group <mwatson@sandsig.com>,Starbucks | High-Growth Texas MSA | Corporate Guaranteed NNN Lease | Top 16% Performing Store in TX,19c77c51f5e3c539,
,,,"Thu, 19 Feb 2026 14:05:04 -0600",,,New,,19c778a8d1ee87f6,Just Listed,Value-Add Small Bay Industrial | NW Arkansas,Sands Investment Group <pgunn@sandsig.com>,Just Listed | Value-Add Small Bay Industrial | NW Arkansas,19c778a8d1ee87f6,
,,7.5,"Thu, 19 Feb 2026 13:04:53 -0600",,13,Active,,19c7758a79789a25,ABS NNN Two Tenant Asset,7.50% Cap | High Performing Arby's | ~13 Years Remaining | Bonus Depreciation,Sands Investment Group <evan@sandsig.com>,ABS NNN Two Tenant Asset | 7.50% Cap | High Performing Arby's | ~13 Years Remaining | Bonus Depreciation,19c7758a79789a25,
,,,"Thu, 19 Feb 2026 12:04:56 -0600",,,New,,19c771f8decb73db,Just Listed,New Chipotle - Houston MSA | Corporate Guarantee,Sands Investment Group <jmulloy@sandsig.com>,Just Listed | New Chipotle - Houston MSA | Corporate Guarantee,19c771f8decb73db,
,,,"Thu, 19 Feb 2026 11:04:49 -0600",,,Active,,19c76f156cd516c7,NNN Sale-Leaseback Childcare Center,High-Performing Location | 217K+ Residents,Sands Investment Group <abridges@sandsig.com>,NNN Sale-Leaseback Childcare Center | High-Performing Location | 217K+ Residents,19c76f156cd516c7,
,,,"Thu, 19 Feb 2026 10:04:49 -0600",3.05,,New,,19c76b8865097d26,New Listing,"3.05 Acre Medical Office Development Site | Atlanta MSA | Easy Access to 46,000 VPD",Sands Investment Group <zfriedman@sandsig.com>,"New Listing | 3.05 Acre Medical Office Development Site | Atlanta MSA | Easy Access to 46,000 VPD",19c76b8865097d26,46000
,,,"Thu, 19 Feb 2026 09:04:52 -0600",,,Active,,19c767f6e20c9f07,Phillips 66 C-Store,Long-Standing Business | 2% Annual Increases | Corporate Guarantee,Sands Investment Group <jbrown@sandsig.com>,Phillips 66 C-Store | Long-Standing Business | 2% Annual Increases | Corporate Guarantee,19c767f6e20c9f07,
,,,"Wed, 18 Feb 2026 15:04:39 -0600",,,Active,,19c729b814357075,Cadence Academy - Chicago MSA,2% Annual Increases | 19 Feeder Schools,Sands Investment Group <skrepistman@sandsig.com>,Cadence Academy - Chicago MSA | 2% Annual Increases | 19 Feeder Schools,19c729b814357075,
,,,"Wed, 18 Feb 2026 20:06:39 +0000 (GMT)",,,Active,,19c725cb976f89e5,SIG February Newsletter: The New Reality of the Office Comeback,,Sands Investment Group <info@sandsig.com>,SIG February Newsletter: The New Reality of the Office Comeback,19c725cb976f89e5,
,,,"Wed, 18 Feb 2026 13:34:38 -0600",,,Active,,19c724cd629fef85,Just Released: Preview SIG Listings Before They Go Live,,Sands Investment Group <Info@sandsig.com>,Just Released: Preview SIG Listings Before They Go Live,19c724cd629fef85,
,,7.0,"Wed, 18 Feb 2026 13:04:55 -0600",,,Active,,19c722f1c9ee8630,HG Sply Co. Restaurant,NOI Growth + Inflation Hedge | 7.00% CAP | Strong DFW Submarket | 107K+ VPD,Sands Investment Group <jmulloy@sandsig.com>,HG Sply Co. Restaurant | NOI Growth + Inflation Hedge | 7.00% CAP | Strong DFW Submarket | 107K+ VPD,19c722f1c9ee8630,
,,,"Wed, 18 Feb 2026 12:05:03 -0600",,,New,,19c71edfb822d0bf,Just Listed,Flexible Industrial Asset with Income & Upside | Recent Renovations | Philadelphia MSA,Sands Investment Group <jcary@sandsig.com>,Just Listed | Flexible Industrial Asset with Income & Upside | Recent Renovations | Philadelphia MSA,19c71edfb822d0bf,
,,,"Wed, 18 Feb 2026 11:05:00 -0600",,,Active,,19c71c2a6b71c1eb,2 Mixed-Use Developments - Future Apartments,High-Growth Washington Market,Sands Investment Group <solomon@sandsig.com>,2 Mixed-Use Developments - Future Apartments | High-Growth Washington Market,19c71c2a6b71c1eb,
,,,"Wed, 18 Feb 2026 10:04:48 -0600",,,New,,19c718dcae7e3c3e,Just Listed,Turnkey Reactivation C-Stores | 2 Locations in Arkansas | Expansion Upside | Open Fuel Contract,Sands Investment Group <dsaboorian@sandsig.com>,Just Listed | Turnkey Reactivation C-Stores | 2 Locations in Arkansas | Expansion Upside | Open Fuel Contract,19c718dcae7e3c3e,
,,7.0,"Wed, 18 Feb 2026 09:06:01 -0600",,20,Active,Texas,19c7167fe573f548,7.00% CAP,The Learning Experience | 20 Year NNN | Brand New Development | Tax Free State - Texas,Sands Investment Group <agilbert@sandsig.com>,7.00% CAP | The Learning Experience | 20 Year NNN | Brand New Development | Tax Free State - Texas,19c7167fe573f548,
,,,"Tue, 17 Feb 2026 15:14:46 -0600",,,Active,,19c6d7b4dc0223b8,Brand New 2025 Starbucks,15-Yr Lease | 50K+ VPD | FL Panhandle,Sands Investment Group <jmulloy@sandsig.com>,Brand New 2025 Starbucks | 15-Yr Lease | 50K+ VPD | FL Panhandle,19c6d7b4dc0223b8,
,,6.5,"Tue, 17 Feb 2026 14:04:52 -0600",,,Price Reduced,,19c6d43eec6f747b,Price Reduction,Checkers - 6.50% CAP | 17+ Year ABS NNNSale Leaseback | Double Drive-Thru | Hard Corner | Large Lot,Sands Investment Group <jmulloy@sandsig.com>,Price Reduction | Checkers - 6.50% CAP | 17+ Year ABS NNNSale Leaseback | Double Drive-Thru | Hard Corner | Large Lot,19c6d43eec6f747b,
177.0,,,"Tue, 17 Feb 2026 13:04:44 -0600",,,Active,,19c6d08565b9effe,KinderCare - ABS NNN,"Corporate Guarantee (2,300+) | 3-Mile Average HHI $177,622 - Atlanta MSA",Sands Investment Group <agilbert@sandsig.com>,"KinderCare - ABS NNN | Corporate Guarantee (2,300+) | 3-Mile Average HHI $177,622 - Atlanta MSA",19c6d08565b9effe,
,,7.5,"Tue, 17 Feb 2026 11:05:10 -0600",,,Active,,19c6ca285e9b0845,7.50% CAP,ABS NNN Gas Station & C-Store | Bonus Depreciation | 2% Annual Increases,Sands Investment Group <jbrown@sandsig.com>,7.50% CAP | ABS NNN Gas Station & C-Store | Bonus Depreciation | 2% Annual Increases,19c6ca285e9b0845,
,,,"Tue, 17 Feb 2026 10:35:00 -0600",,,Active,,19c6c79549c2475b,Deals in the Southwest [For Vamsee],,Sands Investment Group <info@sandsig.com>,Deals in the Southwest [For Vamsee],19c6c79549c2475b,
,,,"Tue, 17 Feb 2026 10:04:59 -0600",1.85,,New,,19c6c70da8bc1bb6,New Listing,High-Growth Corridor Retail Pad - 1.85 Acres | Signalized Corner | New Braunfels TX,Sands Investment Group <bdement@sandsig.com>,New Listing | High-Growth Corridor Retail Pad - 1.85 Acres | Signalized Corner | New Braunfels TX,19c6c70da8bc1bb6,
,,,"Tue, 17 Feb 2026 09:04:51 -0600",,,Active,,19c6c3878b970df3,For Sale or Lease: Owner-User Distribution Facility (Industrial),Access to I-10 & I-110 | Tax Free State - FL,Sands Investment Group <solomon@sandsig.com>,For Sale or Lease: Owner-User Distribution Facility (Industrial) | Access to I-10 & I-110 | Tax Free State - FL,19c6c3878b970df3,
,,,"Mon, 16 Feb 2026 15:04:29 -0600",21.6,,Active,,19c684af007d0fd8,Commercial Diesel Parts & Service,RE & Business | 21.6 Acres - Room to Expand | Tax Free State,Sands Investment Group <solomon@sandsig.com>,Commercial Diesel Parts & Service | RE & Business | 21.6 Acres - Room to Expand | Tax Free State,19c684af007d0fd8,
,,,"Mon, 16 Feb 2026 14:04:55 -0600",,,Price Reduced,"Jacksonville, FL",19c68107016985c8,Price Reduced,"Byrider - Jacksonville, FL | 150+ Locations | ABS NNN | Strong Signalized Corner",Sands Investment Group <gary@sandsig.com>,"Price Reduced | Byrider - Jacksonville, FL | 150+ Locations | ABS NNN | Strong Signalized Corner",19c68107016985c8,
,,,"Mon, 16 Feb 2026 19:34:43 +0000 (GMT)",,,Active,,19c67f2b1210dc1e,Immediate Buyer Needs,,Sands Investment Group <info@sandsig.com>,Immediate Buyer Needs,19c67f2b1210dc1e,
,,,"Mon, 16 Feb 2026 13:04:52 -0600",,10,Active,,19c67e014b4309c5,KinderCare - Chicago MSA,10 Yr NNN | High Average HH Income,Sands Investment Group <skrepistman@sandsig.com>,KinderCare - Chicago MSA | 10 Yr NNN | High Average HH Income,19c67e014b4309c5,
,,,"Mon, 16 Feb 2026 12:05:06 -0600",,,Price Reduced,,19c67a9c3966fe33,Price Reduced,Top Performing Location | Incredible Unit Level Performance | Irreplaceable Real Estate,Sands Investment Group <tmcgarry@sandsig.com>,Price Reduced | Top Performing Location | Incredible Unit Level Performance | Irreplaceable Real Estate,19c67a9c3966fe33,
810000.0,,,"Mon, 16 Feb 2026 11:04:57 -0600",9.4,,Active,,19c677f7198214d0,$810K,"9.4 Acres - Industrial Land | Directly Off I-10 | Near Multiple Air Force Bases | Holt, FL",Sands Investment Group <solomon@sandsig.com>,"$810K | 9.4 Acres - Industrial Land | Directly Off I-10 | Near Multiple Air Force Bases | Holt, FL",19c677f7198214d0,
775000.0,,,"Mon, 16 Feb 2026 10:04:46 -0600",,,Price Reduced,,19c673e4d1c9d96f,Reduced Price,Vacant 4-Unit Medical Office | $775K | Atlanta MSA | Value-Add Lease-Up Opportunity,Sands Investment Group <lkortava@sandsig.com>,Reduced Price | Vacant 4-Unit Medical Office | $775K | Atlanta MSA | Value-Add Lease-Up Opportunity,19c673e4d1c9d96f,
,,7.0,"Mon, 16 Feb 2026 09:04:44 -0600",,15,Active,"Houston, TX",19c6707634fa230f,"3-Unit Early Education Portfolio - Houston, TX MSA",15 Yr ABS NNN Sale-Leasebacks | 7.00% CAP,Sands Investment Group <rsompayrac@sandsig.com>,"3-Unit Early Education Portfolio - Houston, TX MSA | 15 Yr ABS NNN Sale-Leasebacks | 7.00% CAP",19c6707634fa230f,
935000.0,,8.5,"Fri, 13 Feb 2026 14:04:48 -0600",,,Active,,19c589c71803a822,Family Dollar for Sale,$935K | 8.50% Cap | 2019 Build | Texas,Sands Investment Group <cayson@sandsig.com>,Family Dollar for Sale | $935K | 8.50% Cap | 2019 Build | Texas,19c589c71803a822,
,,,"Fri, 13 Feb 2026 13:04:43 -0600",,,Active,,19c5870afe975b6e,15-Year Abs NNN Burger King,"10% Rent Increases | Greenbrier, AR",Sands Investment Group <jmulloy@sandsig.com>,"15-Year Abs NNN Burger King | 10% Rent Increases | Greenbrier, AR",19c5870afe975b6e,
,,7.0,"Fri, 13 Feb 2026 12:05:51 -0600",,,Price Reduced,,19c5830482ec715d,Price Reduced - 7.00% CAP,"The Children's Courtyard | Allen, TX | 1,500+ Unit Corp. Guarantee",Sands Investment Group <agilbert@sandsig.com>,"Price Reduced - 7.00% CAP | The Children's Courtyard | Allen, TX | 1,500+ Unit Corp. Guarantee",19c5830482ec715d,
,,,"Fri, 13 Feb 2026 11:06:01 -0600",,,Active,,19c58128bda4b747,Early Option Execution,6+ Yrs of Term | Rent Increase Next Year,Sands Investment Group <bpugh@sandsig.com>,Early Option Execution | 6+ Yrs of Term | Rent Increase Next Year,19c58128bda4b747,
,,,"Fri, 13 Feb 2026 10:34:44 -0600",,,Active,,19c57e7fbff61055,Medical Deals for Vamsee,,Sands Investment Group <info@sandsig.com>,Medical Deals for Vamsee,19c57e7fbff61055,
12.75,,,"Fri, 13 Feb 2026 10:05:04 -0600",2.67,,New,,19c57c9b00e54ae7,Just Listed,"New Braunfels, TX Retail Pad Site | 2.67 Acres | $12.75 PSF",Sands Investment Group <bdement@sandsig.com>,"Just Listed | New Braunfels, TX Retail Pad Site | 2.67 Acres | $12.75 PSF",19c57c9b00e54ae7,
,,,"Fri, 13 Feb 2026 09:05:16 -0600",,,Active,,19c57968e3da66ce,For Sale or For Lease,"Vacant Turnkey Early Education Asset | 3.6± Acres | Cleveland, OH",Sands Investment Group <agilbert@sandsig.com>,"For Sale or For Lease | Vacant Turnkey Early Education Asset | 3.6± Acres | Cleveland, OH",19c57968e3da66ce,
,22140,,"Thu, 12 Feb 2026 15:04:44 -0600",,,Active,,19c53b4843e2b962,"22,140 SF Unanchored Strip Center in Virginia",Synergistic Tenant Mix | Motivated Seller,Sands Investment Group <aconley@sandsig.com>,"22,140 SF Unanchored Strip Center in Virginia | Synergistic Tenant Mix | Motivated Seller",19c53b4843e2b962,
170000.0,,,"Thu, 12 Feb 2026 14:04:49 -0600",,,Price Reduced,,19c537dfb8576668,Price Reduced,Everbrook Academy | Backed by Learning Care Group | $170K+ Avg HH Income | Tax Free State,Sands Investment Group <agilbert@sandsig.com>,Price Reduced | Everbrook Academy | Backed by Learning Care Group | $170K+ Avg HH Income | Tax Free State,19c537dfb8576668,
,,,"Thu, 12 Feb 2026 13:05:03 -0600",,,Active,Texas,19c534994a79c10a,Layne's Chicken - Texas,2025 Renovation | 15-Yr ABS NNN Ground Lease | Emerging Growth Brand,Sands Investment Group <jmulloy@sandsig.com>,Layne's Chicken - Texas | 2025 Renovation | 15-Yr ABS NNN Ground Lease | Emerging Growth Brand,19c534994a79c10a,
,,11.0,"Thu, 12 Feb 2026 12:05:01 -0600",,15,Active,,19c530833aaa741b,15 Year Absolute Triple Net Sale-Leaseback,11.00% CAP | Annual Rent Increases | Corporate Guaranty,Sands Investment Group <clifton@sandsig.com>,15 Year Absolute Triple Net Sale-Leaseback | 11.00% CAP | Annual Rent Increases | Corporate Guaranty,19c530833aaa741b,
,,,"Thu, 12 Feb 2026 11:05:49 -0600",,,Price Reduced,,19c52dcee2086c24,Price Reduced,100% Leased - Value-Add Shopping Center | Austin MSA | Below Market Rents,Sands Investment Group <ethan@sandsig.com>,Price Reduced | 100% Leased - Value-Add Shopping Center | Austin MSA | Below Market Rents,19c52dcee2086c24,
,,,"Thu, 12 Feb 2026 10:35:04 -0600",,,Active,,19c52ba592994360,Deals in the Southeast [For Vamsee],,Sands Investment Group <info@sandsig.com>,Deals in the Southeast [For Vamsee],19c52ba592994360,
,,,"Thu, 12 Feb 2026 10:04:46 -0600",,,New,,19c52a9ebf15da27,Just Listed,400+ Unit National Operator | NNN Asset | CPI Annual Increases | Philadelphia MSA,Sands Investment Group <gearnhart@sandsig.com>,Just Listed | 400+ Unit National Operator | NNN Asset | CPI Annual Increases | Philadelphia MSA,19c52a9ebf15da27,
1710000.0,,,"Thu, 12 Feb 2026 09:04:44 -0600",,15,Active,,19c52717a934214a,Fee Simple,Corporate Valvoline Lease | $1.71M | 15 Year Lease,Sands Investment Group <tmcgarry@sandsig.com>,Fee Simple | Corporate Valvoline Lease | $1.71M | 15 Year Lease,19c52717a934214a,
,,,"Thu, 12 Feb 2026 08:05:05 -0600",,20,New,,19c523fbd0172c28,New Listing,20 Year ABS NNN | 2% Annual Bumps | The Learning Experience | Full Term PG,Sands Investment Group <agilbert@sandsig.com>,New Listing | 20 Year ABS NNN | 2% Annual Bumps | The Learning Experience | Full Term PG,19c523fbd0172c28,
,,7.13,"Wed, 11 Feb 2026 15:04:50 -0600",,,New,,19c4e8cb354a2d78,Just Listed,Little Sunshine’s Playhouse | ABS NNN | 7.13% CAP | Max Enrollment | High-Income Sacramento Submarket,Sands Investment Group <jonathan@sandsig.com>,Just Listed | Little Sunshine’s Playhouse | ABS NNN | 7.13% CAP | Max Enrollment | High-Income Sacramento Submarket,19c4e8cb354a2d78,
,,,"Wed, 11 Feb 2026 13:05:01 -0600",,,Active,"Raleigh, NC",19c4e2289cd828dc,Prime Location,"NNN Gerber Collision & Glass | Recently Renovated | 25+ Year History | High-Traffic - Raleigh, NC",Sands Investment Group <ccoassin@sandsig.com>,"Prime Location | NNN Gerber Collision & Glass | Recently Renovated | 25+ Year History | High-Traffic - Raleigh, NC",19c4e2289cd828dc,
,23786,,"Wed, 11 Feb 2026 12:04:57 -0600",,,New,"Trophy Club, TX",19c4def5831a79e4,New Listing,"23,786 SF Vacant Childcare Center | High-Income Area - Trophy Club, TX",Sands Investment Group <abridges@sandsig.com>,"New Listing | 23,786 SF Vacant Childcare Center | High-Income Area - Trophy Club, TX",19c4def5831a79e4,
,,,"Wed, 11 Feb 2026 11:04:57 -0600",,,Active,,19c4db5c066c2493,Phillips 66 ABS NNN Gas Station,Corporate Guarantee | Prime Location - High Traffic,Sands Investment Group <jbrown@sandsig.com>,Phillips 66 ABS NNN Gas Station | Corporate Guarantee | Prime Location - High Traffic,19c4db5c066c2493,
,,,"Wed, 11 Feb 2026 10:04:44 -0600",,,New,,19c4d7f340d7d51e,Just Listed,"Scooter’s Coffee | Drive-Thru Pad | Hard Corner - 50K+ VPD | Odessa, TX",Sands Investment Group <jharris@sandsig.com>,"Just Listed | Scooter’s Coffee | Drive-Thru Pad | Hard Corner - 50K+ VPD | Odessa, TX",19c4d7f340d7d51e,
,,7.0,"Wed, 11 Feb 2026 09:04:50 -0600",,20,Active,Texas,19c4d4e333b7d4b0,7.00% CAP,The Learning Experience | 20 Year NNN | Brand New Development | Tax Free State - Texas,Sands Investment Group <agilbert@sandsig.com>,7.00% CAP | The Learning Experience | 20 Year NNN | Brand New Development | Tax Free State - Texas,19c4d4e333b7d4b0,
,,,"Wed, 11 Feb 2026 08:04:58 -0600",,,New,,19c4d053afd51af0,Just Listed,"Rapidly Growing Collision Operator | 3% Annual Increases | Corporate Guarantee | Amarillo, TX",Sands Investment Group <wbeightol@sandsig.com>,"Just Listed | Rapidly Growing Collision Operator | 3% Annual Increases | Corporate Guarantee | Amarillo, TX",19c4d053afd51af0,
,,,"Tue, 10 Feb 2026 15:05:49 -0600",,,New,,19c49617981491ae,New Listing,"High-Yield Academy | 2% Annual Increases | Strong Demand | Suwanee, GA",Sands Investment Group <adieguez@sandsig.com>,"New Listing | High-Yield Academy | 2% Annual Increases | Strong Demand | Suwanee, GA",19c49617981491ae,
,,,"Tue, 10 Feb 2026 13:04:35 -0600",,,Active,,19c49060053b1df7,Fully Leased Shopping Center,Walmart-Shadowed Location | Highly Visible Corner Site,Sands Investment Group <cbrazzel@sandsig.com>,Fully Leased Shopping Center | Walmart-Shadowed Location | Highly Visible Corner Site,19c49060053b1df7,
,,,"Tue, 10 Feb 2026 12:04:56 -0600",,15,New,,19c48bdf49bfd481,Just Listed,"New Construction | 15 Year NNN Lease | Childcare Asset | 640+ Unit National Brand | Tulsa, OK MSA",Sands Investment Group <skrepistman@sandsig.com>,"Just Listed | New Construction | 15 Year NNN Lease | Childcare Asset | 640+ Unit National Brand | Tulsa, OK MSA",19c48bdf49bfd481,
,,,"Tue, 10 Feb 2026 11:04:54 -0600",,,Active,,19c48945203a2485,Concentra Urgent Care,Trophy Location - Adjacent to Walmart | Off I-95 (142K+ VPD),Sands Investment Group <jmansour@sandsig.com>,Concentra Urgent Care | Trophy Location - Adjacent to Walmart | Off I-95 (142K+ VPD),19c48945203a2485,
,,,"Tue, 10 Feb 2026 10:35:03 -0600",,,Active,,19c48707aed25143,Deals in the Midwest [For Vamsee],,Sands Investment Group <info@sandsig.com>,Deals in the Midwest [For Vamsee],19c48707aed25143,
,,,"Tue, 10 Feb 2026 09:06:12 -0600",,,Active,,19c4829822ab40c9,"Austin, TX MSA",9+ Years - Early Education NNN | Corporate Guarantee,Sands Investment Group <abridges@sandsig.com>,"Austin, TX MSA | 9+ Years - Early Education NNN | Corporate Guarantee",19c4829822ab40c9,
,,,"Tue, 10 Feb 2026 08:05:26 -0600",,,New,,19c47df2b2a368a8,Just Listed,20-Yr ABS NNN Big O Tires | High-Traffic - Nashville Corridor | Multi-Unit Operator,Sands Investment Group <lrowan@sandsig.com>,Just Listed | 20-Yr ABS NNN Big O Tires | High-Traffic - Nashville Corridor | Multi-Unit Operator,19c47df2b2a368a8,
137000.0,,,"Mon, 09 Feb 2026 15:34:37 -0600",,,New,,19c445b19446ecac,Just Listed,The Learning Experience | 15+ Yr NNN | $137K Avg HH Income - Affluent CT Market,Sands Investment Group <agilbert@sandsig.com>,Just Listed | The Learning Experience | 15+ Yr NNN | $137K Avg HH Income - Affluent CT Market,19c445b19446ecac,
,,,"Mon, 09 Feb 2026 15:05:18 -0600",,,Price Reduced,,19c44401d4db5b96,Price Reduced,Big O Tires | Backed By Award-Winning Franchisee | Tax Free State | Busy Corridor - 50K+ VPD,Sands Investment Group <lrowan@sandsig.com>,Price Reduced | Big O Tires | Backed By Award-Winning Franchisee | Tax Free State | Busy Corridor - 50K+ VPD,19c44401d4db5b96,
,,7.5,"Mon, 09 Feb 2026 14:04:54 -0600",,,New,,19c44020d7d1edf9,New Listing,Pinnacle Oil & Gas | 7.50% CAP | Strong Corporate Guarantee | TX - Tax Free,Sands Investment Group <msawyer@sandsig.com>,New Listing | Pinnacle Oil & Gas | 7.50% CAP | Strong Corporate Guarantee | TX - Tax Free,19c44020d7d1edf9,
,,,"Mon, 9 Feb 2026 19:34:42 +0000 (GMT)",,,Active,,19c43e626900fe0f,Immediate Buyer Needs,,Sands Investment Group <info@sandsig.com>,Immediate Buyer Needs,19c43e626900fe0f,
,,7.38,"Mon, 09 Feb 2026 13:04:36 -0600",,,Active,,19c43d255199b117,Fully Leased Medical & Office Park,7.38% CAP | DaVita Anchored | Development Opportunity,Sands Investment Group <bpatterson@sandsig.com>,Fully Leased Medical & Office Park | 7.38% CAP | DaVita Anchored | Development Opportunity,19c43d255199b117,
,,,"Mon, 09 Feb 2026 12:04:40 -0600",,,New,,19c439ecc5d920bc,New Listing,Vacant Family Dollar Portfolio | 2 Freestanding Sites | IN & GA,Sands Investment Group <munir@sandsig.com>,New Listing | Vacant Family Dollar Portfolio | 2 Freestanding Sites | IN & GA,19c439ecc5d920bc,
,,,"Mon, 09 Feb 2026 11:04:51 -0600",4.089,,Active,,19c436a3e38f3f9f,4.089 Acres of Prime Commercial Land,Two Parcels | High-Visibility Corridor in Tennessee,Sands Investment Group <zpassman@sandsig.com>,4.089 Acres of Prime Commercial Land | Two Parcels | High-Visibility Corridor in Tennessee,19c436a3e38f3f9f,
,,7.5,"Mon, 09 Feb 2026 10:05:54 -0600",,,Price Reduced,,19c4332b1131c42a,Price Reduction - 7.50% CAP,"La Petite Academy | San Antonio, TX | Abs. NNN | 1,500+ Unit Corp. Guarantee",Sands Investment Group <agilbert@sandsig.com>,"Price Reduction - 7.50% CAP | La Petite Academy | San Antonio, TX | Abs. NNN | 1,500+ Unit Corp. Guarantee",19c4332b1131c42a,
,,,"Mon, 09 Feb 2026 09:04:33 -0600",,,Active,"Donalsonville, GA",19c42f972739fc62,"Burger King - Donalsonville, GA",New 2024 Construction | 18+ Yr NNN,Sands Investment Group <jmulloy@sandsig.com>,"Burger King - Donalsonville, GA | New 2024 Construction | 18+ Yr NNN",19c42f972739fc62,
207.41,,,"Mon, 09 Feb 2026 08:05:14 -0600",,,New,"Murrells Inlet, SC",19c42b93e3dfa644,New Listing,"Value-Add Retail Strip Center | $207.41 PSF | High Tourism Area - Murrells Inlet, SC",Sands Investment Group <cbrazzel@sandsig.com>,"New Listing | Value-Add Retail Strip Center | $207.41 PSF | High Tourism Area - Murrells Inlet, SC",19c42b93e3dfa644,
,,,"Fri, 06 Feb 2026 15:04:41 -0600",,,Active,,19c34cdd263c4f38,Fully Leased Shopping Center,Walmart-Shadowed Location | Highly Visible Corner Site,Sands Investment Group <cbrazzel@sandsig.com>,Fully Leased Shopping Center | Walmart-Shadowed Location | Highly Visible Corner Site,19c34cdd263c4f38,
,,,"Fri, 06 Feb 2026 14:04:42 -0600",,,Price Reduced,,19c349b24f3f8421,Price Reduced,Vacant Owner/User Opportunity | Dallas MSA | Robust Demographics,Sands Investment Group <abridges@sandsig.com>,Price Reduced | Vacant Owner/User Opportunity | Dallas MSA | Robust Demographics,19c349b24f3f8421,
,,,"Fri, 06 Feb 2026 13:04:44 -0600",,,Active,,19c346c6c81253df,Dallas MSA,Cadence Academy | 2% Annual Increases | Tax Free State,Sands Investment Group <skrepistman@sandsig.com>,Dallas MSA | Cadence Academy | 2% Annual Increases | Tax Free State,19c346c6c81253df,
,,,"Fri, 06 Feb 2026 12:04:45 -0600",,,New,,19c34214de6a39b5,Just Listed,"8.68% Pro Forma CAP | Retail Value-Add Opportunity | Memphis, TN",Sands Investment Group <lkortava@sandsig.com>,"Just Listed | 8.68% Pro Forma CAP | Retail Value-Add Opportunity | Memphis, TN",19c34214de6a39b5,
300000.0,,,"Fri, 06 Feb 2026 11:05:51 -0600",,,Active,,19c33f6432297475,C-Store & Restaurant,Business & RE | Multiple Income Streams | $300K in Upgrades,Sands Investment Group <zpassman@sandsig.com>,C-Store & Restaurant | Business & RE | Multiple Income Streams | $300K in Upgrades,19c33f6432297475,
,,,"Fri, 06 Feb 2026 10:04:31 -0600",,15,Price Reduced,,19c33bc34a0f1db6,Reduced Price - 7.50%,Southeast Early Education Asset | 15 Year ABS NNN | 2% Annual Increases,Sands Investment Group <agilbert@sandsig.com>,Reduced Price - 7.50% | Southeast Early Education Asset | 15 Year ABS NNN | 2% Annual Increases,19c33bc34a0f1db6,
,,,"Fri, 06 Feb 2026 09:04:38 -0600",,,Active,"Asheville, NC",19c337e1d1f5080d,ABS NNN Joe Hudson’s CC,"Opportunity Zone - Asheville, NC | 65+ Year Operating History",Sands Investment Group <ccoassin@sandsig.com>,"ABS NNN Joe Hudson’s CC | Opportunity Zone - Asheville, NC | 65+ Year Operating History",19c337e1d1f5080d,
94000000.0,,,"Fri, 06 Feb 2026 08:04:53 -0600",,,Price Reduced,,19c3357db63c3cdc,Price Reduced,High-Performing Bank Branch - $94M in Deposits | Build-to-Suit | Corporate Guarantee,Sands Investment Group <bkohl@sandsig.com>,Price Reduced | High-Performing Bank Branch - $94M in Deposits | Build-to-Suit | Corporate Guarantee,19c3357db63c3cdc,
,,,"Thu, 05 Feb 2026 15:05:12 -0600",5.62,,New,,19c2f9ff9afb85fa,Just Listed,5.62-Acre Industrial-Zoned Site | Rapid Population Growth | TX - Tax Free State,Sands Investment Group <zfriedman@sandsig.com>,Just Listed | 5.62-Acre Industrial-Zoned Site | Rapid Population Growth | TX - Tax Free State,19c2f9ff9afb85fa,
,,,"Thu, 05 Feb 2026 14:05:12 -0600",8.58,,New,,19c2f6a07cd02194,Just Listed,Prime Shovel-Ready Industrial Site Near I-20 | Atlanta MSA | 8.58-Acres,Sands Investment Group <cmohale@sandsig.com>,Just Listed | Prime Shovel-Ready Industrial Site Near I-20 | Atlanta MSA | 8.58-Acres,19c2f6a07cd02194,
180000.0,,,"Thu, 05 Feb 2026 13:04:42 -0600",,,Active,,19c2f3c1916f6ab7,NNN Preschool Investment,15-Yr Term | $180K+ Avg HH Income | Denver MSA,Sands Investment Group <max@sandsig.com>,NNN Preschool Investment | 15-Yr Term | $180K+ Avg HH Income | Denver MSA,19c2f3c1916f6ab7,
,,,"Thu, 05 Feb 2026 12:04:48 -0600",,,New,"Growth El Paso, TX",19c2efa928fbfc82,Just Listed,"Quick-Lube Chain | Built-to-Suit | 10% Rent Bumps | High-Growth El Paso, TX Market",Sands Investment Group <abridges@sandsig.com>,"Just Listed | Quick-Lube Chain | Built-to-Suit | 10% Rent Bumps | High-Growth El Paso, TX Market",19c2efa928fbfc82,
,,7.0,"Thu, 05 Feb 2026 11:05:26 -0600",,,Active,,19c2ed0c7ed234e2,7.00% CAP,"Value Add Trophy Real Estate | 100% Leased NNN Industrial Flex | Hilton Head Island, SC",Sands Investment Group <stratton@sandsig.com>,"7.00% CAP | Value Add Trophy Real Estate | 100% Leased NNN Industrial Flex | Hilton Head Island, SC",19c2ed0c7ed234e2,
,,,"Thu, 05 Feb 2026 10:06:00 -0600",,,New,,19c2e8dd6310707f,Just Listed,"Tropical Smoothie | Biggest Operator 115+ Stores | Anchored by Lowe's, Home Depot, Target & Publix",Sands Investment Group <jonathan@sandsig.com>,"Just Listed | Tropical Smoothie | Biggest Operator 115+ Stores | Anchored by Lowe's, Home Depot, Target & Publix",19c2e8dd6310707f,
,,,"Thu, 05 Feb 2026 09:04:33 -0600",,,Active,,19c2e67622470e48,Caliber Collision,13+ Years Remaining | Corporate Guarantee,Sands Investment Group <lrowan@sandsig.com>,Caliber Collision | 13+ Years Remaining | Corporate Guarantee,19c2e67622470e48,
7.0,,,"Thu, 05 Feb 2026 08:04:49 -0600",,,New,,19c2e23e3c6c48f7,Just Listed,Low-Rent ($7 PSF) | Strong-Performing Kohl’s | ABS NNN | Grocery-Shadow Anchored,Sands Investment Group <chris@sandsig.com>,Just Listed | Low-Rent ($7 PSF) | Strong-Performing Kohl’s | ABS NNN | Grocery-Shadow Anchored,19c2e23e3c6c48f7,
,,8.5,"Wed, 04 Feb 2026 15:04:50 -0600",,,New,,19c2a86c70838d14,Just Listed,Walgreens | Long-Standing Store | 8.50% CAP | ABS NNN | Highly Visible on Prime Corridor,Sands Investment Group <tmcgarry@sandsig.com>,Just Listed | Walgreens | Long-Standing Store | 8.50% CAP | ABS NNN | Highly Visible on Prime Corridor,19c2a86c70838d14,
,,,"Wed, 04 Feb 2026 14:04:46 -0600",,,New,,19c2a460be6c4be2,Just Listed,High-Performing Kids ‘R’ Kids | 15-Year ABS NNN | Houston MSA - Large Population,Sands Investment Group <rsompayrac@sandsig.com>,Just Listed | High-Performing Kids ‘R’ Kids | 15-Year ABS NNN | Houston MSA - Large Population,19c2a460be6c4be2,
5000000.0,,5.75,"Wed, 04 Feb 2026 13:04:32 -0600",,,Active,,19c2a13addaa2ae0,Chipotle & LensCrafters,NNN | 5.75% CAP | $5M,Sands Investment Group <cayson@sandsig.com>,Chipotle & LensCrafters | NNN | 5.75% CAP | $5M,19c2a13addaa2ae0,
,,,"Wed, 04 Feb 2026 12:04:44 -0600",,,New,,19c29e24d0c95fd0,New Listing,CareVet NNN Lease | 200+ Locations Nationwide | Atlanta MSA | Institutional-Backed,Sands Investment Group <gabe@sandsig.com>,New Listing | CareVet NNN Lease | 200+ Locations Nationwide | Atlanta MSA | Institutional-Backed,19c29e24d0c95fd0,
,,7.0,"Wed, 04 Feb 2026 11:05:02 -0600",,20,Active,Texas,19c29ad01246df7c,7.00% CAP,The Learning Experience | 20 Year NNN | Brand New Development | Tax Free State - Texas,Sands Investment Group <jliberatore@sandsig.com>,7.00% CAP | The Learning Experience | 20 Year NNN | Brand New Development | Tax Free State - Texas,19c29ad01246df7c,
,,8.0,"Wed, 04 Feb 2026 10:04:32 -0600",,,Price Reduced,"Milwaukee, WI",19c2973b73ac6e3f,Price Reduced,"ABS NNN Daycare Asset | 8.00% CAP | New 10-Year Lease | Prime Corridor - Milwaukee, WI",Sands Investment Group <bkohl@sandsig.com>,"Price Reduced | ABS NNN Daycare Asset | 8.00% CAP | New 10-Year Lease | Prime Corridor - Milwaukee, WI",19c2973b73ac6e3f,
,,7.0,"Wed, 04 Feb 2026 09:04:42 -0600",,,Active,,19c29424bc2a547c,7.00% CAP NNN Applebee’s,"Proven Operator (130+ Units) | Fort Wayne, IN MSA",Sands Investment Group <jmulloy@sandsig.com>,"7.00% CAP NNN Applebee’s | Proven Operator (130+ Units) | Fort Wayne, IN MSA",19c29424bc2a547c,
,,,"Wed, 04 Feb 2026 08:05:03 -0600",,,Price Reduced,,19c29044111b2dff,Price Reduced,Shopping Center | Upside Through Lease-Up | Near a University,Sands Investment Group <aconley@sandsig.com>,Price Reduced | Shopping Center | Upside Through Lease-Up | Near a University,19c29044111b2dff,
,,,"Tue, 03 Feb 2026 15:04:41 -0600",,,New,,19c25538b6d230f9,Just Listed,"The Children's Courtyard | Prosper, TX | Abs. NNN | Learning Care Group Corp. Guarantee (1,500+ Units)",Sands Investment Group <agilbert@sandsig.com>,"Just Listed | The Children's Courtyard | Prosper, TX | Abs. NNN | Learning Care Group Corp. Guarantee (1,500+ Units)",19c25538b6d230f9,
,,7.0,"Tue, 03 Feb 2026 14:06:13 -0600",,,New,,19c251d06a511110,Just Listed,"Austin, TX | 7.00% CAP Korean BBQ | New 10-Year Lease | Off I-35 (200K+ VPD)",Sands Investment Group <jmulloy@sandsig.com>,"Just Listed | Austin, TX | 7.00% CAP Korean BBQ | New 10-Year Lease | Off I-35 (200K+ VPD)",19c251d06a511110,
,,,"Tue, 03 Feb 2026 13:04:40 -0600",,,Active,,19c24f8bc7bc3779,Turnkey Owner-User Asset,Across Walmart | Business & RE | High Traffic Area,Sands Investment Group <andrewadam@sandsig.com>,Turnkey Owner-User Asset | Across Walmart | Business & RE | High Traffic Area,19c24f8bc7bc3779,
,,,"Tue, 03 Feb 2026 11:04:52 -0600",,,Active,,19c2486d15058915,High Sales,ABS NNN | Backed by GPS Hospitality | Adjacent to Walmart | For Sale,Sands Investment Group <tom@sandsig.com>,High Sales | ABS NNN | Backed by GPS Hospitality | Adjacent to Walmart | For Sale,19c2486d15058915,
,,,"Tue, 03 Feb 2026 10:04:30 -0600",,,Price Reduced,,19c24535e1f5a672,Price Reduced,99 Site RV Park | Minnesota | Between I-35 & I-90 Intersect,Sands Investment Group <kdeninno@sandsig.com>,Price Reduced | 99 Site RV Park | Minnesota | Between I-35 & I-90 Intersect,19c24535e1f5a672,
,,7.5,"Tue, 03 Feb 2026 09:04:39 -0600",,15,Active,,19c2416bd5a66df7,Fully Renovated 2024,"15 Year NNN | Oklahoma City, OK | 7.50% CAP",Sands Investment Group <skrepistman@sandsig.com>,"Fully Renovated 2024 | 15 Year NNN | Oklahoma City, OK | 7.50% CAP",19c2416bd5a66df7,
,,,"Tue, 03 Feb 2026 08:04:54 -0600",,,New,,19c23d2caa94b7e6,New Listing,8-Unit Mixed-Use Center | 100% Occupied | Southwest Atlanta - Off Major Interstates,Sands Investment Group <lkortava@sandsig.com>,New Listing | 8-Unit Mixed-Use Center | 100% Occupied | Southwest Atlanta - Off Major Interstates,19c23d2caa94b7e6,
1800000.0,40598,,"Mon, 02 Feb 2026 15:06:05 -0600",,,Active,,19c202eb1833ae00,Back on Market,"40,598 SF Luxury Theatre | $1.8M Renovation | Upside Potential | Affluent Area",Sands Investment Group <adam@sandsig.com>,"Back on Market | 40,598 SF Luxury Theatre | $1.8M Renovation | Upside Potential | Affluent Area",19c202eb1833ae00,
,,,"Mon, 02 Feb 2026 14:05:38 -0600",,10,New,,19c1ff7cce1ba9c3,Just Listed,"Hajoca Corp | 10 Year NNN Lease | 3% Annual Increases | Grand Junction, CO",Sands Investment Group <max@sandsig.com>,"Just Listed | Hajoca Corp | 10 Year NNN Lease | 3% Annual Increases | Grand Junction, CO",19c1ff7cce1ba9c3,
,,,"Mon, 2 Feb 2026 19:34:58 +0000 (GMT)",,,Active,,19c1fd9e148d77a0,Immediate Buyer Needs,,Sands Investment Group <info@sandsig.com>,Immediate Buyer Needs,19c1fd9e148d77a0,
,,8.0,"Mon, 02 Feb 2026 13:04:33 -0600",,15,Active,,19c1fc722f484387,8.00% CAP,15 Year NNN Early Education Asset | Personal & Corporate Guarantee,Sands Investment Group <skrepistman@sandsig.com>,8.00% CAP | 15 Year NNN Early Education Asset | Personal & Corporate Guarantee,19c1fc722f484387,
,,,"Mon, 02 Feb 2026 12:04:34 -0600",,,Price Reduced,,19c1f92d6a3e9825,Price Reduced,"Absolute NNN Pizza Hut | 16+ Years Remaining | East Liverpool, OH",Sands Investment Group <jonathan@sandsig.com>,"Price Reduced | Absolute NNN Pizza Hut | 16+ Years Remaining | East Liverpool, OH",19c1f92d6a3e9825,
,,,"Mon, 02 Feb 2026 11:04:44 -0600",,,Active,,19c1f5c7cb618855,2 Turnkey Car Dealership Portfolio,"Business & RE | Multiple Income Streams | Fort Myers, FL",Sands Investment Group <ccoassin@sandsig.com>,"2 Turnkey Car Dealership Portfolio | Business & RE | Multiple Income Streams | Fort Myers, FL",19c1f5c7cb618855,
,,8.73,"Mon, 02 Feb 2026 10:04:37 -0600",,,New,,19c1f1a62a5b6ef4,Just Listed,"100% Leased, 18-Tenant Asset | 8.73% CAP | Atlanta MSA",Sands Investment Group <lkortava@sandsig.com>,"Just Listed | 100% Leased, 18-Tenant Asset | 8.73% CAP | Atlanta MSA",19c1f1a62a5b6ef4,
,,,"Mon, 02 Feb 2026 09:04:48 -0600",,,Active,Texas,19c1f00ecc9dd97c,Value-Add C-Store,90K+ VPD | Surrounded by National Tenants | Tax Free State - Texas,Sands Investment Group <brysedorph@sandsig.com>,Value-Add C-Store | 90K+ VPD | Surrounded by National Tenants | Tax Free State - Texas,19c1f00ecc9dd97c,
,,7.25,"Mon, 02 Feb 2026 08:04:46 -0600",,,Price Reduced,,19c1eaebe2428f2b,Reduced Price - 7.25% CAP,"ABS NNN Everbrook Academy | Learning Care Group Corp. Guarantee (1,500+ Locations)",Sands Investment Group <agilbert@sandsig.com>,"Reduced Price - 7.25% CAP | ABS NNN Everbrook Academy | Learning Care Group Corp. Guarantee (1,500+ Locations)",19c1eaebe2428f2b,
177.0,,,"Fri, 30 Jan 2026 15:04:32 -0600",,,Active,,19c10c09c969f291,KinderCare - ABS NNN,"Corporate Guarantee (2,300+) | 3-Mile Average HHI $177,622 - Atlanta MSA",Sands Investment Group <agilbert@sandsig.com>,"KinderCare - ABS NNN | Corporate Guarantee (2,300+) | 3-Mile Average HHI $177,622 - Atlanta MSA",19c10c09c969f291,
,,9.25,"Fri, 30 Jan 2026 14:04:34 -0600",,,Active,,19c1081eaf6078a0,Price Redux,9.25% CAP | Long-Established Medical Practice | 3% Annual Increases,Sands Investment Group <bbrigham@sandsig.com>,Price Redux | 9.25% CAP | Long-Established Medical Practice | 3% Annual Increases,19c1081eaf6078a0,
,,,"Fri, 30 Jan 2026 13:04:38 -0600",,,Active,,19c1055906c8521f,Top Performing Location,Incredible Unit Level Performance | Irreplaceable Real Estate,Sands Investment Group <tmcgarry@sandsig.com>,Top Performing Location | Incredible Unit Level Performance | Irreplaceable Real Estate,19c1055906c8521f,
,39846,,"Fri, 30 Jan 2026 12:04:42 -0600",,,New,,19c1014e4a0a9778,New Listing,"100% Occupied Retail Plaza | Below-Market | 39,846 SF | Fayetteville, NC",Sands Investment Group <lkortava@sandsig.com>,"New Listing | 100% Occupied Retail Plaza | Below-Market | 39,846 SF | Fayetteville, NC",19c1014e4a0a9778,
85.0,,,"Fri, 30 Jan 2026 11:05:24 -0600",,,Active,,19c0fead4fae9be7,Former Rite Aid,"Windsor, VT | Redevelopment Opportunity $85 PSF",Sands Investment Group <jliberatore@sandsig.com>,"Former Rite Aid | Windsor, VT | Redevelopment Opportunity $85 PSF",19c0fead4fae9be7,
,,,"Fri, 30 Jan 2026 10:04:41 -0600",,,New,,19c0fa651b492d75,New Listing,AFC Urgent Care | Situated Within a High-Traffic Shopping Center | Charlotte MSA,Sands Investment Group <cole@sandsig.com>,New Listing | AFC Urgent Care | Situated Within a High-Traffic Shopping Center | Charlotte MSA,19c0fa651b492d75,
,,,"Fri, 30 Jan 2026 09:04:55 -0600",,,Active,,19c0f8cc6cac6f6b,Pep Boys,Lease Expiring | Re-Tenant / Operator Upside,Sands Investment Group <jess@sandsig.com>,Pep Boys | Lease Expiring | Re-Tenant / Operator Upside,19c0f8cc6cac6f6b,
,,,"Fri, 30 Jan 2026 14:35:00 +0000 (GMT)",,,Active,,19c0f542c5ef4f74,"A Look Back at 2025: Results, Growth and Momentum",,Sands Investment Group <info@sandsig.com>,"A Look Back at 2025: Results, Growth and Momentum",19c0f542c5ef4f74,
,,8.29,"Fri, 30 Jan 2026 08:04:45 -0600",,,Price Reduced,,19c0f3a85cb1090c,Price Reduced,8.29% CAP - Prime Daytona Beach Property | Mixed-Use Asset | Retail & Residential Units | Recent Renovations,Sands Investment Group <jharris@sandsig.com>,Price Reduced | 8.29% CAP - Prime Daytona Beach Property | Mixed-Use Asset | Retail & Residential Units | Recent Renovations,19c0f3a85cb1090c,
,,,"Thu, 29 Jan 2026 15:34:42 -0600",,,Active,,19c0bb57fb76acf9,Phillips 66 C-Store,Long-Standing Business | 2% Annual Increases | Corporate Guarantee,Sands Investment Group <jbrown@sandsig.com>,Phillips 66 C-Store | Long-Standing Business | 2% Annual Increases | Corporate Guarantee,19c0bb57fb76acf9,
,,10.5,"Thu, 29 Jan 2026 15:04:39 -0600",,,Active,,19c0b9bf44a89901,Family Dollar / Dollar Tree,10.50% CAP | Zero Competition Nearby | Strong Corporate Guarantee,Sands Investment Group <jess@sandsig.com>,Family Dollar / Dollar Tree | 10.50% CAP | Zero Competition Nearby | Strong Corporate Guarantee,19c0b9bf44a89901,
,,,"Thu, 29 Jan 2026 14:04:54 -0600",,,New,Texas,19c0b5c909290187,Just Listed,Collision Center | Prime Auto Corridor & High-Visibility | Tax Free State - Texas,Sands Investment Group <bpugh@sandsig.com>,Just Listed | Collision Center | Prime Auto Corridor & High-Visibility | Tax Free State - Texas,19c0b5c909290187,
,,7.0,"Thu, 29 Jan 2026 13:04:33 -0600",,,New,,19c0b29ee38a48a5,New Listing,Kids ‘R’ Kids - Houston MSA | 7.00% CAP | 15-Year ABS NNN Sale Leaseback,Sands Investment Group <rsompayrac@sandsig.com>,New Listing | Kids ‘R’ Kids - Houston MSA | 7.00% CAP | 15-Year ABS NNN Sale Leaseback,19c0b29ee38a48a5,
1000000.0,,,"Thu, 29 Jan 2026 12:04:47 -0600",20.0,,New,,19c0afaad0ec92f0,Just Listed,Under $1M | 20-Acre Truck Stop Development Site at I-40 | Amarillo MSA,Sands Investment Group <scargile@sandsig.com>,Just Listed | Under $1M | 20-Acre Truck Stop Development Site at I-40 | Amarillo MSA,19c0afaad0ec92f0,
,,,"Thu, 29 Jan 2026 11:04:49 -0600",,,Active,,19c0acb6adf3e7e1,High-Entry Cap Strip Center,Lease-Up Opportunity | High-Traffic OKC Corridor,Sands Investment Group <ccoassin@sandsig.com>,High-Entry Cap Strip Center | Lease-Up Opportunity | High-Traffic OKC Corridor,19c0acb6adf3e7e1,
,,,"Thu, 29 Jan 2026 10:05:00 -0600",,,New,,19c0a80fac0cff2c,New Listing,"ABS NNN Corp. Valvoline | Low Price Point | 100% Bonus Depreciation | Cincinnati, OH",Sands Investment Group <hmikula@sandsig.com>,"New Listing | ABS NNN Corp. Valvoline | Low Price Point | 100% Bonus Depreciation | Cincinnati, OH",19c0a80fac0cff2c,
,,,"Thu, 29 Jan 2026 09:04:50 -0600",,,Active,,19c0a5e4e9160d09,19-Year Absolute NNN,KFC | 1.5% Annual Increases | 160-Unit Guarantee,Sands Investment Group <tmcgarry@sandsig.com>,19-Year Absolute NNN | KFC | 1.5% Annual Increases | 160-Unit Guarantee,19c0a5e4e9160d09,
,,7.5,"Thu, 29 Jan 2026 08:04:47 -0600",,,Active,,19c0a26dc9d95c5f,New Pricing - 7.50% CAP,"La Petite Academy | Aurora, IL | 1,500+ Unit Corp. Guarantee | Chicago MSA",Sands Investment Group <agilbert@sandsig.com>,"New Pricing - 7.50% CAP | La Petite Academy | Aurora, IL | 1,500+ Unit Corp. Guarantee | Chicago MSA",19c0a26dc9d95c5f,
,,,"Wed, 28 Jan 2026 15:34:36 -0600",,,Active,,19c06901b114d468,Turnkey C-Store + Popeyes With Drive-Thru,Strong Income & Upside | Tax Free State,Sands Investment Group <rahill@sandsig.com>,Turnkey C-Store + Popeyes With Drive-Thru | Strong Income & Upside | Tax Free State,19c06901b114d468,
,,,"Wed, 28 Jan 2026 15:04:37 -0600",,,Active,,19c0676a5a62cc33,KinderCare (Dark),"ABS NNN | Dayton, OH | Prime Frontage Busy Corridor",Sands Investment Group <agilbert@sandsig.com>,"KinderCare (Dark) | ABS NNN | Dayton, OH | Prime Frontage Busy Corridor",19c0676a5a62cc33,
,19360,,"Wed, 28 Jan 2026 14:06:04 -0600",4.18,,New,,19c0638392a4cc61,Just Listed,"Former Truck Terminal | 19,360 SF on 4.18 Acres | For Sale or Lease | Douglasville, GA",Sands Investment Group <solomon@sandsig.com>,"Just Listed | Former Truck Terminal | 19,360 SF on 4.18 Acres | For Sale or Lease | Douglasville, GA",19c0638392a4cc61,
,,,"Wed, 28 Jan 2026 13:04:34 -0600",,,Active,"Columbia, SC",19c060ba273c2c04,"Bojangles - Columbia, SC",Corporate Guarantee | 108K+ VPD | ABS NNN | 7+ Years,Sands Investment Group <doug@sandsig.com>,"Bojangles - Columbia, SC | Corporate Guarantee | 108K+ VPD | ABS NNN | 7+ Years",19c060ba273c2c04,
,,,"Wed, 28 Jan 2026 12:04:41 -0600",,,New,,19c05d7a0959fb37,Just Listed,"14-Unit Value-Add Apartments | Government-Backed Cash Flow | Memphis, TN",Sands Investment Group <jfriberg@sandsig.com>,"Just Listed | 14-Unit Value-Add Apartments | Government-Backed Cash Flow | Memphis, TN",19c05d7a0959fb37,
,,,"Wed, 28 Jan 2026 11:04:49 -0600",,,Active,,19c05a4ac166b815,Caliber Collision,NYC MSA | Below Market Rent | Excellent Visibility & Urban Accessibility,Sands Investment Group <andrewadam@sandsig.com>,Caliber Collision | NYC MSA | Below Market Rent | Excellent Visibility & Urban Accessibility,19c05a4ac166b815,
,,,"Wed, 28 Jan 2026 10:04:43 -0600",26.56,,New,,19c055b039558337,New Listing,Unrestricted 26.56 Acres of Land | Prime SW Austin Growth Corridor,Sands Investment Group <bdement@sandsig.com>,New Listing | Unrestricted 26.56 Acres of Land | Prime SW Austin Growth Corridor,19c055b039558337,
,,,"Wed, 28 Jan 2026 09:20:46 -0600",,,Active,,19c0541cb12fd368,Back on Market,Southwood Town Center | Prime Tallahassee Location | NNN Asset With Upside Potential,Sands Investment Group <jharris@sandsig.com>,Back on Market | Southwood Town Center | Prime Tallahassee Location | NNN Asset With Upside Potential,19c0541cb12fd368,
,,,"Wed, 28 Jan 2026 08:04:42 -0600",,,Price Reduced,,19c050212dfb11bb,Price Reduced,Pizza Hut - ABS NNN | Top Operator (120-Units) | Ideal 1031 Exchange Opportunity,Sands Investment Group <jonathan@sandsig.com>,Price Reduced | Pizza Hut - ABS NNN | Top Operator (120-Units) | Ideal 1031 Exchange Opportunity,19c050212dfb11bb,
,,,"Tue, 27 Jan 2026 15:34:36 -0600",,10,Active,,19c01686887d4246,Rare 10 Year ABS NNN,"Industrial Outdoor Storage | Strong Guarantee | Boise, ID MSA",Sands Investment Group <tmiller@sandsig.com>,"Rare 10 Year ABS NNN | Industrial Outdoor Storage | Strong Guarantee | Boise, ID MSA",19c01686887d4246,
,,,"Tue, 27 Jan 2026 15:04:43 -0600",,15,Active,,19c014d4a311509c,High-Income Houston Market,Experienced Multi-Unit Operator | 15 Year Lease,Sands Investment Group <skrepistman@sandsig.com>,High-Income Houston Market | Experienced Multi-Unit Operator | 15 Year Lease,19c014d4a311509c,
809000.0,,,"Tue, 27 Jan 2026 14:06:11 -0600",,,New,,19c01111b31b3c44,Just Listed,$809K Gross Income Shopping Center | Prime Corner Location With High Traffic,Sands Investment Group <lkortava@sandsig.com>,Just Listed | $809K Gross Income Shopping Center | Prime Corner Location With High Traffic,19c01111b31b3c44,
,,7.5,"Tue, 27 Jan 2026 13:04:46 -0600",,,Active,,19c00ea945f7f27a,7.50% CAP,ABS NNN Gas Station & C-Store | Bonus Depreciation | 2% Annual Increases,Sands Investment Group <jbrown@sandsig.com>,7.50% CAP | ABS NNN Gas Station & C-Store | Bonus Depreciation | 2% Annual Increases,19c00ea945f7f27a,
,,,"Tue, 27 Jan 2026 12:04:55 -0600",,,New,TX,19c00a21be3a236f,Just Listed,Auto Asset - Redevelopment Upside | 35-Year Operator | Signalized Corner | Tax Free State - TX,Sands Investment Group <jfriberg@sandsig.com>,Just Listed | Auto Asset - Redevelopment Upside | 35-Year Operator | Signalized Corner | Tax Free State - TX,19c00a21be3a236f,
,,,"Tue, 27 Jan 2026 11:04:56 -0600",,,Active,,19c007f47162b329,Planet Fitness & DaVita,Busy Retail Corridor in Georgia | Long Term NNN Leases,Sands Investment Group <munir@sandsig.com>,Planet Fitness & DaVita | Busy Retail Corridor in Georgia | Long Term NNN Leases,19c007f47162b329,
,,,"Tue, 27 Jan 2026 10:04:35 -0600",,,New,,19c00332d9dbf020,Just Listed,400+ Unit Operator of Veterinary Clinics | Chicago MSA - High-Income Trade Area,Sands Investment Group <gearnhart@sandsig.com>,Just Listed | 400+ Unit Operator of Veterinary Clinics | Chicago MSA - High-Income Trade Area,19c00332d9dbf020,
,,,"Tue, 27 Jan 2026 09:04:42 -0600",,,Active,,19c0012aa5cb7af3,Back to Market,Best Car Wash Credit in the Industry,Sands Investment Group <tmcgarry@sandsig.com>,Back to Market | Best Car Wash Credit in the Industry,19c0012aa5cb7af3,
,,,"Tue, 27 Jan 2026 08:04:58 -0600",,,Price Reduced,,19bffc75001388af,Price Reduced,"New Construction Chick-fil-A | Wine Country, CA",Sands Investment Group <max@sandsig.com>,"Price Reduced | New Construction Chick-fil-A | Wine Country, CA",19bffc75001388af,
,,,"Mon, 26 Jan 2026 15:34:41 -0600",,15,Active,,19bfc40f543c3d17,Meineke,Long-Term 15 Yr NNN | Strong Retail Synergy | Philadelphia MSA,Sands Investment Group <jmansour@sandsig.com>,Meineke | Long-Term 15 Yr NNN | Strong Retail Synergy | Philadelphia MSA,19bfc40f543c3d17,
,,,"Mon, 26 Jan 2026 15:04:39 -0600",,,Active,,19bfc2a31b721ba3,Little Blessings Daycare,Dallas MSA | 15-Year NNN Lease | Tax-Free State,Sands Investment Group <skrepistman@sandsig.com>,Little Blessings Daycare | Dallas MSA | 15-Year NNN Lease | Tax-Free State,19bfc2a31b721ba3,
,,,"Mon, 26 Jan 2026 14:06:12 -0600",,,Active,,19bfbea12b074370,Pacific Dental - Orlando MSA,Corporate Guarantee | Low Rental Rate | Signalized Corner,Sands Investment Group <gearnhart@sandsig.com>,Pacific Dental - Orlando MSA | Corporate Guarantee | Low Rental Rate | Signalized Corner,19bfbea12b074370,
,,,"Mon, 26 Jan 2026 19:34:45 +0000 (GMT)",,,Active,,19bfbcd2c1ee9f59,Immediate Buyer Needs,,Sands Investment Group <info@sandsig.com>,Immediate Buyer Needs,19bfbcd2c1ee9f59,
,,,"Mon, 26 Jan 2026 13:04:40 -0600",,,Active,,19bfbbbbce4f1213,b1Bank,Class A New Construction | Annual Increases | Strong Retail Corridor,Sands Investment Group <mfilecki@sandsig.com>,b1Bank | Class A New Construction | Annual Increases | Strong Retail Corridor,19bfbbbbce4f1213,
350000.0,,,"Mon, 26 Jan 2026 12:04:39 -0600",,,New,"Unit Retail Building in Jacksonville, FL",19bfb7c5dcef23c7,Just Listed,"$350K | Vacant 2-Unit Retail Building in Jacksonville, FL",Sands Investment Group <lkortava@sandsig.com>,"Just Listed | $350K | Vacant 2-Unit Retail Building in Jacksonville, FL",19bfb7c5dcef23c7,
,,,"Mon, 26 Jan 2026 11:05:13 -0600",,,Active,,19bfb555fc73156c,Gas Station Development,Pre-Approved For Shell or Chevron | Hard Corner,Sands Investment Group <munir@sandsig.com>,Gas Station Development | Pre-Approved For Shell or Chevron | Hard Corner,19bfb555fc73156c,
,,,"Mon, 26 Jan 2026 10:04:45 -0600",,,New,"Brunswick, GA",19bfb1d99bab8f23,New Listing,"Strategic I-95 Truck Stop | Year-Round Tourism - Brunswick, GA",Sands Investment Group <rstaples@sandsig.com>,"New Listing | Strategic I-95 Truck Stop | Year-Round Tourism - Brunswick, GA",19bfb1d99bab8f23,
,,,"Mon, 26 Jan 2026 09:04:54 -0600",,15,Active,"Akron, OH",19bfaea0857e7e60,New 15 Year Lease,"121,000+ VPD | Freddy’s NNN | Prime Retail Corridor - Akron, OH",Sands Investment Group <mwatson@sandsig.com>,"New 15 Year Lease | 121,000+ VPD | Freddy’s NNN | Prime Retail Corridor - Akron, OH",19bfaea0857e7e60,
,,,"Mon, 26 Jan 2026 08:04:48 -0600",,,New,,19bfa9fb083333e6,New Listing,"New 15-Year NNN Urgent Care | Strong Operator | Pensacola, FL - Tax Free State",Sands Investment Group <mwatson@sandsig.com>,"New Listing | New 15-Year NNN Urgent Care | Strong Operator | Pensacola, FL - Tax Free State",19bfa9fb083333e6,
,,,"Fri, 23 Jan 2026 13:04:50 -0600",,,Active,,19bec492bcd66144,Vacant Owner/User Opportunity,Dallas MSA | Robust Demographics,Sands Investment Group <abridges@sandsig.com>,Vacant Owner/User Opportunity | Dallas MSA | Robust Demographics,19bec492bcd66144,
,,,"Fri, 23 Jan 2026 12:04:41 -0600",4.62,,New,,19bec08660a1d1f9,Just Listed,"Prime 4.62-Acre Hotel Development Site with Loop 10 Frontage | Athens, GA",Sands Investment Group <zfriedman@sandsig.com>,"Just Listed | Prime 4.62-Acre Hotel Development Site with Loop 10 Frontage | Athens, GA",19bec08660a1d1f9,
,,6.35,"Fri, 23 Jan 2026 11:04:43 -0600",,,Active,,19bebdc551bbe2cb,Checkers - 6.35% CAP,Long Term Sale Leaseback | Double Drive-Thru | ABS NNN | Hard Corner | Large Lot,Sands Investment Group <jmulloy@sandsig.com>,Checkers - 6.35% CAP | Long Term Sale Leaseback | Double Drive-Thru | ABS NNN | Hard Corner | Large Lot,19bebdc551bbe2cb,
,3200,,"Fri, 23 Jan 2026 10:04:50 -0600",,,Active,"Jackson, MS",19beb9a2d06f7867,For Lease,"3,200 SF Class A Medical Space | 8 Treatment Rooms | Near I-55 - Jackson, MS",Sands Investment Group <cole@sandsig.com>,"For Lease | 3,200 SF Class A Medical Space | 8 Treatment Rooms | Near I-55 - Jackson, MS",19beb9a2d06f7867,
,,,"Fri, 23 Jan 2026 09:04:48 -0600",4.0,,Active,,19beb77036704373,High-Traffic KY Truck Stop,Off I-165 | Multiple Revenue Streams | 4-Acre Site,Sands Investment Group <zpassman@sandsig.com>,High-Traffic KY Truck Stop | Off I-165 | Multiple Revenue Streams | 4-Acre Site,19beb77036704373,
,,,"Fri, 23 Jan 2026 08:04:38 -0600",,,Price Reduced,,19beb38cb4775d3f,Price Reduced,"Turnkey Owner-User Education Facility | Strong Family Demographics & High Demand | Lansing, MI",Sands Investment Group <rsompayrac@sandsig.com>,"Price Reduced | Turnkey Owner-User Education Facility | Strong Family Demographics & High Demand | Lansing, MI",19beb38cb4775d3f,
,,8.0,"Thu, 22 Jan 2026 13:04:40 -0600",,,Active,,19be73bf193bf6b7,8.00% CAP,High-Yield KidTown Academy Investment | New 7-Year Lease | Growing Milwaukee Area,Sands Investment Group <adieguez@sandsig.com>,8.00% CAP | High-Yield KidTown Academy Investment | New 7-Year Lease | Growing Milwaukee Area,19be73bf193bf6b7,
,,,"Thu, 22 Jan 2026 12:04:34 -0600",,,New,,19be6e1c5c0c1ee9,New Listing,Joint Venture Opportunity | Medical Office Expansion Development | Strong Demand,Sands Investment Group <bart@sandsig.com>,New Listing | Joint Venture Opportunity | Medical Office Expansion Development | Strong Demand,19be6e1c5c0c1ee9,
,,,"Thu, 22 Jan 2026 11:04:41 -0600",4.089,,Active,,19be6b8ccadb10f9,4.089 Acres of Prime Commercial Land,Two Parcels | High-Visibility Corridor in Tennessee,Sands Investment Group <zpassman@sandsig.com>,4.089 Acres of Prime Commercial Land | Two Parcels | High-Visibility Corridor in Tennessee,19be6b8ccadb10f9,
,,,"Thu, 22 Jan 2026 10:04:54 -0600",,,Price Reduced,"Austin, TX",19be68e7c3920326,Price Reduction,"Action Behavior Center - Austin, TX | 3% Annual Increases | Corporate Guarantee",Sands Investment Group <bdement@sandsig.com>,"Price Reduction | Action Behavior Center - Austin, TX | 3% Annual Increases | Corporate Guarantee",19be68e7c3920326,
,,,"Wed, 21 Jan 2026 13:04:42 -0600",,,Active,,19be1fe6ab1efa34,NNN Pinnacle Treatment Center Near I-75,Strong Tenant Backing | Top Retail Corridor,Sands Investment Group <mwatson@sandsig.com>,NNN Pinnacle Treatment Center Near I-75 | Strong Tenant Backing | Top Retail Corridor,19be1fe6ab1efa34,
,,,"Wed, 21 Jan 2026 12:04:45 -0600",,,Active,,19be1cf24ca421a2,"SIG January Newsletter: Walmart, the World Cup, and the Future of CRE",,Sands Investment Group <info@sandsig.com>,"SIG January Newsletter: Walmart, the World Cup, and the Future of CRE",19be1cf24ca421a2,
,,7.0,"Wed, 21 Jan 2026 11:04:52 -0600",,15,Active,"Houston, TX",19be18f999e8d3b2,"3-Unit Early Education Portfolio - Houston, TX MSA",15 Yr ABS NNN Sale-Leasebacks | 7.00% CAP,Sands Investment Group <rsompayrac@sandsig.com>,"3-Unit Early Education Portfolio - Houston, TX MSA | 15 Yr ABS NNN Sale-Leasebacks | 7.00% CAP",19be18f999e8d3b2,
,22140,,"Wed, 21 Jan 2026 10:04:31 -0600",,,Active,,19be16578ad8d81a,New Price,"22,140 SF Unanchored Strip Center in Virginia | Synergistic Tenant Mix | Motivated Seller",Sands Investment Group <aconley@sandsig.com>,"New Price | 22,140 SF Unanchored Strip Center in Virginia | Synergistic Tenant Mix | Motivated Seller",19be16578ad8d81a,
,,,"Wed, 21 Jan 2026 09:04:42 -0600",,18,Active,,19be126325b55a3f,McDonald’s & Valero,18 Yr ABS NNN | 2% Annual Increases | Corporate Guarantee,Sands Investment Group <jmahon@sandsig.com>,McDonald’s & Valero | 18 Yr ABS NNN | 2% Annual Increases | Corporate Guarantee,19be126325b55a3f,
,,,"Tue, 20 Jan 2026 14:05:39 -0600",1.5,,Active,,19bdd185db127ef7,Exclusive Norfolk Medical Campus Opportunity,Fully Leased MOB + Entitled 1.5-Acre Development Site,Sands Investment Group <bpatterson@sandsig.com>,Exclusive Norfolk Medical Campus Opportunity | Fully Leased MOB + Entitled 1.5-Acre Development Site,19bdd185db127ef7,
,,6.5,"Tue, 20 Jan 2026 12:04:50 -0600",,,Price Reduced,,19bdc9f82669e83d,Price Reduced,"Cadence Academy | Long Term NNN Corporate Lease | 6.50% CAP | Austin, TX MSA",Sands Investment Group <jmansour@sandsig.com>,"Price Reduced | Cadence Academy | Long Term NNN Corporate Lease | 6.50% CAP | Austin, TX MSA",19bdc9f82669e83d,
,,,"Tue, 20 Jan 2026 11:05:39 -0600",,20,Active,,19bdc72eb4a92208,Taco Bell,20 Year NNN | Top 15% Store | Excellent Rent Coverage,Sands Investment Group <jmulloy@sandsig.com>,Taco Bell | 20 Year NNN | Top 15% Store | Excellent Rent Coverage,19bdc72eb4a92208,
,,,"Tue, 20 Jan 2026 10:34:57 -0600",,,Active,,19bdc49d843461f1,Deals in the Southwest [For Vamsee],,Sands Investment Group <info@sandsig.com>,Deals in the Southwest [For Vamsee],19bdc49d843461f1,
,,,"Tue, 20 Jan 2026 10:04:34 -0600",,,New,,19bdc290d5f78b40,Just Listed,"Absolute NNN Pizza Hut | 16+ Years Remaining | East Liverpool, OH",Sands Investment Group <jonathan@sandsig.com>,"Just Listed | Absolute NNN Pizza Hut | 16+ Years Remaining | East Liverpool, OH",19bdc290d5f78b40,
,,,"Tue, 20 Jan 2026 09:04:43 -0600",,,Active,,19bdbff694d86044,Long-Term ABS NNN Medical Asset,2% Annual Increases | Expanding Texas-Based Operator,Sands Investment Group <rsompayrac@sandsig.com>,Long-Term ABS NNN Medical Asset | 2% Annual Increases | Expanding Texas-Based Operator,19bdbff694d86044,
24700000.0,,,"Tue, 20 Jan 2026 08:05:01 -0600",,,Price Reduced,,19bdbbc5f8bdac16,Price Reduced,Epika Fleet Service - NNN | Backed by Ares ($24.7B) | Prime CA Freight Location,Sands Investment Group <tmiller@sandsig.com>,Price Reduced | Epika Fleet Service - NNN | Backed by Ares ($24.7B) | Prime CA Freight Location,19bdbbc5f8bdac16,
,,8.73,"Mon, 19 Jan 2026 14:05:26 -0600",,,Price Reduced,,19bd7dda4791f504,Price Reduction,"8.73% CAP | Brand New NNN Seafood Restaurant | Baton Rouge, LA | 3% Annual Rent Increases",Sands Investment Group <jmulloy@sandsig.com>,"Price Reduction | 8.73% CAP | Brand New NNN Seafood Restaurant | Baton Rouge, LA | 3% Annual Rent Increases",19bd7dda4791f504,
,,,"Mon, 19 Jan 2026 19:34:37 +0000 (GMT)",,,Active,,19bd7c086223dde1,Immediate Buyer Needs,,Sands Investment Group <info@sandsig.com>,Immediate Buyer Needs,19bd7c086223dde1,
,,,"Mon, 19 Jan 2026 13:04:41 -0600",,,Active,,19bd7ac2b479c6f7,NNN Sale-Leaseback Childcare Center,High-Performing Location | 217K+ Residents,Sands Investment Group <abridges@sandsig.com>,NNN Sale-Leaseback Childcare Center | High-Performing Location | 217K+ Residents,19bd7ac2b479c6f7,
,,,"Mon, 19 Jan 2026 12:04:43 -0600",,,New,,19bd76f099353292,Just Listed,"15-Year Abs NNN Burger King | 10% Rent Increases | Greenbrier, AR",Sands Investment Group <jmulloy@sandsig.com>,"Just Listed | 15-Year Abs NNN Burger King | 10% Rent Increases | Greenbrier, AR",19bd76f099353292,
,,7.75,"Mon, 19 Jan 2026 11:05:32 -0600",,18,Active,,19bd7424bc15adc6,7.75% CAP,Exxon Truck Stop | Corporate Guarantee | 18 Yr ABS NNN,Sands Investment Group <jmahon@sandsig.com>,7.75% CAP | Exxon Truck Stop | Corporate Guarantee | 18 Yr ABS NNN,19bd7424bc15adc6,
,,9.4,"Mon, 19 Jan 2026 10:04:45 -0600",,,Price Reduced,,19bd70938fa728de,Price Reduced,"9.40% CAP | High-Visibility Hotel With Upside | 40 Rooms | Prime I-35 Location – Oklahoma City, OK",Sands Investment Group <gmogerman@sandsig.com>,"Price Reduced | 9.40% CAP | High-Visibility Hotel With Upside | 40 Rooms | Prime I-35 Location – Oklahoma City, OK",19bd70938fa728de,
,,,"Mon, 19 Jan 2026 09:05:01 -0600",,25,Active,,19bd6d8a8ae197a0,Red Robin,"Albuquerque, NM | 72,000+ VPD | Mall Outparcel | 25 Year Operating History | ABS NNN",Sands Investment Group <jmulloy@sandsig.com>,"Red Robin | Albuquerque, NM | 72,000+ VPD | Mall Outparcel | 25 Year Operating History | ABS NNN",19bd6d8a8ae197a0,
,15500,,"Mon, 19 Jan 2026 08:05:07 -0600",,,New,,19bd69516b8b42c6,Just Listed,"Value-Add Retail Strip Center on High-Traffic US-378 | 15,500 SF | Lexington, SC",Sands Investment Group <lkortava@sandsig.com>,"Just Listed | Value-Add Retail Strip Center on High-Traffic US-378 | 15,500 SF | Lexington, SC",19bd69516b8b42c6,
,,,"Fri, 16 Jan 2026 11:05:16 -0600",,,Active,,19bc7e0929c3fb9c,Phillips 66 ABS NNN Gas Station,Corporate Guarantee | Prime Location - High Traffic,Sands Investment Group <zpassman@sandsig.com>,Phillips 66 ABS NNN Gas Station | Corporate Guarantee | Prime Location - High Traffic,19bc7e0929c3fb9c,
,16670,,"Thu, 15 Jan 2026 14:04:40 -0600",,,New,,19bc351cf3e8db87,Just Listed,"Value-Add Medical Office Building | 16,670 SF in Established MOB Corridor | Vernon, CT",Sands Investment Group <bart@sandsig.com>,"Just Listed | Value-Add Medical Office Building | 16,670 SF in Established MOB Corridor | Vernon, CT",19bc351cf3e8db87,
1000000.0,,6.79,"Thu, 15 Jan 2026 13:04:40 -0600",,,Active,,19bc312d2a116dfa,Under $1M,Bite-Sized Medical Office | 6.79% CAP | Under Market Rents | Near a Hospital,Sands Investment Group <aconley@sandsig.com>,Under $1M | Bite-Sized Medical Office | 6.79% CAP | Under Market Rents | Near a Hospital,19bc312d2a116dfa,
,,,"Thu, 15 Jan 2026 12:04:47 -0600",,,New,,19bc2d55de1af8ae,New Listing,Murphy USA | New Construction | Abs NNN | Low Rent | 50K+ VPD,Sands Investment Group <cayson@sandsig.com>,New Listing | Murphy USA | New Construction | Abs NNN | Low Rent | 50K+ VPD,19bc2d55de1af8ae,
,,,"Thu, 15 Jan 2026 11:04:43 -0600",,,Active,,19bc2acf47f0d35f,NNN Veterinary Asset - Florida Keys,Tax Free State | 400+ Unit Operator | 3% Annual Increases,Sands Investment Group <gearnhart@sandsig.com>,NNN Veterinary Asset - Florida Keys | Tax Free State | 400+ Unit Operator | 3% Annual Increases,19bc2acf47f0d35f,
,,,"Thu, 15 Jan 2026 10:36:25 -0600",,,Active,,19bc28d82b1916eb,Deals in the Southeast [For Vamsee],,Sands Investment Group <info@sandsig.com>,Deals in the Southeast [For Vamsee],19bc28d82b1916eb,
,,,"Thu, 15 Jan 2026 10:04:44 -0600",,,Price Reduced,Texas,19bc2733b38dd644,Price Reduced,Layne's Chicken - Texas | 2025 Renovation | 15-Yr ABS NNN Ground Lease | Emerging Growth Brand,Sands Investment Group <jmulloy@sandsig.com>,Price Reduced | Layne's Chicken - Texas | 2025 Renovation | 15-Yr ABS NNN Ground Lease | Emerging Growth Brand,19bc2733b38dd644,
,,,"Thu, 15 Jan 2026 09:04:46 -0600",,,Active,,19bc23e07f8cde7d,USPS – New 5-Year Lease,U.S. Government-Backed Tenant | Long-Term Stability,Sands Investment Group <zpassman@sandsig.com>,USPS – New 5-Year Lease | U.S. Government-Backed Tenant | Long-Term Stability,19bc23e07f8cde7d,
,,,"Thu, 15 Jan 2026 08:04:52 -0600",,15,New,,19bc2019cf51aa66,New Listing,Absolute NNN Education Asset | 15 Years | 2% Annual Increases | Atlanta MSA,Sands Investment Group <agilbert@sandsig.com>,New Listing | Absolute NNN Education Asset | 15 Years | 2% Annual Increases | Atlanta MSA,19bc2019cf51aa66,
,,,"Wed, 14 Jan 2026 14:04:47 -0600",,,New,,19bbe1dba6248496,New Listing,"True Value-Add Shopping Center | Over 25K VPD with Direct Access | Slidell, LA",Sands Investment Group <ethan@sandsig.com>,"New Listing | True Value-Add Shopping Center | Over 25K VPD with Direct Access | Slidell, LA",19bbe1dba6248496,
,,7.0,"Wed, 14 Jan 2026 13:04:31 -0600",,14,Active,,19bbdf7115bb403b,Grease Monkey,"7.00% CAP | 14 Years Remaining - Absolute NNN | Clemson, SC Area",Sands Investment Group <jliberatore@sandsig.com>,"Grease Monkey | 7.00% CAP | 14 Years Remaining - Absolute NNN | Clemson, SC Area",19bbdf7115bb403b,
,,,"Wed, 14 Jan 2026 12:04:44 -0600",,,New,,19bbdae7910aabac,Just Listed,Long-Term KinderCare NNN Lease | High-Demand With Low Competition,Sands Investment Group <adieguez@sandsig.com>,Just Listed | Long-Term KinderCare NNN Lease | High-Demand With Low Competition,19bbdae7910aabac,
,,,"Wed, 14 Jan 2026 11:05:17 -0600",,,Active,"Grove, OK",19bbd8592d93a462,"Lakefront Cabin Resort & ResidentialCommunity - Grove, OK",,Sands Investment Group <kdeninno@sandsig.com>,"Lakefront Cabin Resort & ResidentialCommunity - Grove, OK",19bbd8592d93a462,
,,,"Wed, 14 Jan 2026 10:04:43 -0600",,,Price Reduced,,19bbd52b13b3ac00,Price Reduced,Cadence Academy - Chicago MSA | 2% Annual Increases | 19 Feeder Schools,Sands Investment Group <skrepistman@sandsig.com>,Price Reduced | Cadence Academy - Chicago MSA | 2% Annual Increases | 19 Feeder Schools,19bbd52b13b3ac00,
,,,"Wed, 14 Jan 2026 09:04:45 -0600",,,Active,,19bbd2c9376d8fb4,8.00%+ CAP,"Medical-Anchored Center | 100% Occupied | St. Louis, MO",Sands Investment Group <aanttila@sandsig.com>,"8.00%+ CAP | Medical-Anchored Center | 100% Occupied | St. Louis, MO",19bbd2c9376d8fb4,
,,,"Wed, 14 Jan 2026 08:05:18 -0600",,,New,,19bbcdb9e7ae4de7,Just Listed,"Vacant Turnkey Early Education Asset | 3.6± Acres | For Sale or Lease | Cleveland, OH",Sands Investment Group <agilbert@sandsig.com>,"Just Listed | Vacant Turnkey Early Education Asset | 3.6± Acres | For Sale or Lease | Cleveland, OH",19bbcdb9e7ae4de7,
,,,"Mon, 12 Jan 2026 12:04:45 -0600",,,New,,19bb362ebaca71d7,Just Listed,AutoZone - 5 New Locations | NNN Ground Lease | Sold Individually or Portfolio,Sands Investment Group <luke@sandsig.com>,Just Listed | AutoZone - 5 New Locations | NNN Ground Lease | Sold Individually or Portfolio,19bb362ebaca71d7,
,,,"Mon, 12 Jan 2026 11:01:28 -0600",,,Active,,19bb3322b92e014c,Now Open: Brand-New 2025 Dutch Bros,15-Year Absolute NNN | Tax-Free State | Corporate Guarantee,Sands Investment Group <jmulloy@sandsig.com>,Now Open: Brand-New 2025 Dutch Bros | 15-Year Absolute NNN | Tax-Free State | Corporate Guarantee,19bb3322b92e014c,
,,,"Mon, 12 Jan 2026 10:30:38 -0600",,,Active,,19bb313278c1338f,Medical Deals for Vamsee,,Sands Investment Group <info@sandsig.com>,Medical Deals for Vamsee,19bb313278c1338f,
,,8.01,"Mon, 12 Jan 2026 10:00:44 -0600",,,Active,,19bb2f0c20ecc7dd,New Price,National Urgent Care Tenant | Prime Military Adjacent | 8.01% CAP | Signalized Hard Corner,Sands Investment Group <pmessina@sandsig.com>,New Price | National Urgent Care Tenant | Prime Military Adjacent | 8.01% CAP | Signalized Hard Corner,19bb2f0c20ecc7dd,
,,7.0,"Mon, 12 Jan 2026 09:00:41 -0600",,20,Active,Texas,19bb2d40a5f4b20c,7.00% CAP,The Learning Experience | 20 Year NNN | Brand New Development | Tax Free State - Texas,Sands Investment Group <agilbert@sandsig.com>,7.00% CAP | The Learning Experience | 20 Year NNN | Brand New Development | Tax Free State - Texas,19bb2d40a5f4b20c,
,,,"Mon, 12 Jan 2026 08:01:04 -0600",,,New,,19bb282be7e2e68d,New Listing,Former Family Dollar | High-Traffic | Near Naval Base - Growing Market,Sands Investment Group <jharris@sandsig.com>,New Listing | Former Family Dollar | High-Traffic | Near Naval Base - Growing Market,19bb282be7e2e68d,
,,,"Fri, 09 Jan 2026 15:00:40 -0600",,20,Active,"Marietta, GA",19ba49644e8f9a8c,Scooter’s Coffee - 20 Year ABS NNN,"Signalized Intersection - Marietta, GA",Sands Investment Group <jliberatore@sandsig.com>,"Scooter’s Coffee - 20 Year ABS NNN | Signalized Intersection - Marietta, GA",19ba49644e8f9a8c,
,,,"Fri, 09 Jan 2026 14:00:36 -0600",,,Price Reduced,,19ba4597593d0947,Price Reduced,Value-Add | Dense Retail Corridor | High Performing Family Dollar | Seller Financing Available,Sands Investment Group <aanttila@sandsig.com>,Price Reduced | Value-Add | Dense Retail Corridor | High Performing Family Dollar | Seller Financing Available,19ba4597593d0947,
,,,"Fri, 09 Jan 2026 13:00:31 -0600",,,Active,,19ba42be4a41136e,Turnkey Owner-User Education Facility,"Strong Family Demographics & High Demand | Lansing, MI",Sands Investment Group <rsompayrac@sandsig.com>,"Turnkey Owner-User Education Facility | Strong Family Demographics & High Demand | Lansing, MI",19ba42be4a41136e,
,,7.18,"Fri, 09 Jan 2026 12:00:43 -0600",,,Price Reduced,,19ba3ebd65f60b09,Price Reduced,Corporate Guarantee | 7.18% CAP - Collision Center Portfolio,Sands Investment Group <bpugh@sandsig.com>,Price Reduced | Corporate Guarantee | 7.18% CAP - Collision Center Portfolio,19ba3ebd65f60b09,
,,,"Fri, 09 Jan 2026 11:00:32 -0600",,,Active,,19ba3c01f2838a60,Phillips 66 C-Store,Long-Standing Business | 2% Annual Increases | Corporate Guarantee,Sands Investment Group <jbrown@sandsig.com>,Phillips 66 C-Store | Long-Standing Business | 2% Annual Increases | Corporate Guarantee,19ba3c01f2838a60,
1580000.0,,,"Fri, 09 Jan 2026 10:00:35 -0600",,,Price Reduced,,19ba37e8d4885dab,Price Reduced,CVS for Sale | Low Rent | $1.58M Price | 15+ Year Lease | ABS NNN,Sands Investment Group <cayson@sandsig.com>,Price Reduced | CVS for Sale | Low Rent | $1.58M Price | 15+ Year Lease | ABS NNN,19ba37e8d4885dab,
,,,"Fri, 09 Jan 2026 09:00:39 -0600",,,Active,,19ba36131870b61f,Fully Leased Shopping Center,Walmart-Shadowed Location | Highly Visible Corner Site,Sands Investment Group <cbrazzel@sandsig.com>,Fully Leased Shopping Center | Walmart-Shadowed Location | Highly Visible Corner Site,19ba36131870b61f,
,,,"Fri, 09 Jan 2026 08:01:02 -0600",,,Price Reduced,,19ba310d64910ed9,Price Reduced,Rare Amazon Credit | High Barrier Market | New Construction,Sands Investment Group <bkohl@sandsig.com>,Price Reduced | Rare Amazon Credit | High Barrier Market | New Construction,19ba310d64910ed9,
177.0,,,"Thu, 08 Jan 2026 15:00:37 -0600",,,Active,,19b9f704ff7267f7,KinderCare - ABS NNN,"Corporate Guarantee (2,300+) | 3-Mile Average HHI $177,622 - Atlanta MSA",Sands Investment Group <agilbert@sandsig.com>,"KinderCare - ABS NNN | Corporate Guarantee (2,300+) | 3-Mile Average HHI $177,622 - Atlanta MSA",19b9f704ff7267f7,
,,7.23,"Thu, 08 Jan 2026 14:00:54 -0600",,,New,,19b9f35384edbe2c,New Listing,100% Occupied Retail Strip Center | 7.23% CAP | Excellent Visibility | Alabama,Sands Investment Group <lkortava@sandsig.com>,New Listing | 100% Occupied Retail Strip Center | 7.23% CAP | Excellent Visibility | Alabama,19b9f35384edbe2c,
,,,"Thu, 08 Jan 2026 13:00:46 -0600",,,Active,,19b9f0918b47e793,Absolute NNN Pizza Hut,10+ Yrs Remaining | Top-Performing SoCal Unit | Strong Franchisee Guarantee,Sands Investment Group <tmcgarry@sandsig.com>,Absolute NNN Pizza Hut | 10+ Yrs Remaining | Top-Performing SoCal Unit | Strong Franchisee Guarantee,19b9f0918b47e793,
,,,"Thu, 08 Jan 2026 12:00:55 -0600",5.73,,New,,19b9ec5f5ad7a074,Just Listed,5.73-Acre Medical Office Development Site | 700+ FT Frontage | Fast-Growing GA County,Sands Investment Group <zfriedman@sandsig.com>,Just Listed | 5.73-Acre Medical Office Development Site | 700+ FT Frontage | Fast-Growing GA County,19b9ec5f5ad7a074,
,,,"Thu, 08 Jan 2026 11:00:52 -0600",,,Active,,19b9e9e56f979007,2 Mixed-Use Developments - Future Apartments,High-Growth Washington Market,Sands Investment Group <solomon@sandsig.com>,2 Mixed-Use Developments - Future Apartments | High-Growth Washington Market,19b9e9e56f979007,
,,,"Thu, 08 Jan 2026 10:00:44 -0600",,,New,,19b9e57d924e35d7,Just Listed,Starbucks | High-Growth Texas MSA | Corporate Guaranteed NNN Lease,Sands Investment Group <dave@sandsig.com>,Just Listed | Starbucks | High-Growth Texas MSA | Corporate Guaranteed NNN Lease,19b9e57d924e35d7,
300000.0,,,"Thu, 08 Jan 2026 09:00:47 -0600",,,Active,,19b9e33c60ea82a1,C-Store & Restaurant,Business & RE | Multiple Income Streams | $300K in Upgrades,Sands Investment Group <zpassman@sandsig.com>,C-Store & Restaurant | Business & RE | Multiple Income Streams | $300K in Upgrades,19b9e33c60ea82a1,
,,,"Thu, 08 Jan 2026 08:00:54 -0600",,,New,"Dayton, OH",19b9df83f5333b6a,Just Listed,"15-Year Lease | NNN Childcare Asset | High Avg HH Income - Dayton, OH MSA",Sands Investment Group <skrepistman@sandsig.com>,"Just Listed | 15-Year Lease | NNN Childcare Asset | High Avg HH Income - Dayton, OH MSA",19b9df83f5333b6a,
85.0,,,"Wed, 07 Jan 2026 15:00:36 -0600",,,Active,,19b9a4cb04e953bb,Former Rite Aid,"Windsor, VT | Redevelopment Opportunity $85 PSF",Sands Investment Group <jliberatore@sandsig.com>,"Former Rite Aid | Windsor, VT | Redevelopment Opportunity $85 PSF",19b9a4cb04e953bb,
,,,"Wed, 07 Jan 2026 13:30:33 -0600",,,Active,,19b99fa95d665372,Just Released: Preview SIG Listings Before They Go Live,,Sands Investment Group <Info@sandsig.com>,Just Released: Preview SIG Listings Before They Go Live,19b99fa95d665372,
,,,"Wed, 07 Jan 2026 13:00:39 -0600",8.14,,Active,,19b99e2e54ce098d,8.14 Acres Industrial Land + Renovated Structure,Metro Atlanta Corridor,Sands Investment Group <solomon@sandsig.com>,8.14 Acres Industrial Land + Renovated Structure | Metro Atlanta Corridor,19b99e2e54ce098d,
,,7.0,"Wed, 07 Jan 2026 12:00:41 -0600",,,New,,19b999f2e8ae7862,New Listing,"7.00% CAP NNN Applebee’s | Proven Operator (130+ Units) | Fort Wayne, IN MSA",Sands Investment Group <jmulloy@sandsig.com>,"New Listing | 7.00% CAP NNN Applebee’s | Proven Operator (130+ Units) | Fort Wayne, IN MSA",19b999f2e8ae7862,
,22140,,"Wed, 07 Jan 2026 11:00:45 -0600",,,Active,,19b9976455a84931,"22,140 SF Unanchored Strip Center in Virginia",Synergistic Tenant Mix | Motivated Seller,Sands Investment Group <aconley@sandsig.com>,"22,140 SF Unanchored Strip Center in Virginia | Synergistic Tenant Mix | Motivated Seller",19b9976455a84931,
,,,"Wed, 07 Jan 2026 10:00:47 -0600",,,New,,19b9930cf2db08cc,New Listing,"Rare Chevy Chase Circle Trophy Asset | Washington, DC - 80,000+ VPD",Sands Investment Group <bkohl@sandsig.com>,"New Listing | Rare Chevy Chase Circle Trophy Asset |Washington, DC - 80,000+ VPD",19b9930cf2db08cc,
,,,"Wed, 07 Jan 2026 09:00:40 -0600",,,Active,,19b991581c1dea16,Back to Market,Best Car Wash Credit in the Industry,Sands Investment Group <tmcgarry@sandsig.com>,Back to Market | Best Car Wash Credit in the Industry,19b991581c1dea16,
,,7.0,"Wed, 07 Jan 2026 08:00:51 -0600",,,New,,19b98c3df602e259,Just Listed,"7.00% CAP | Value Add Trophy Real Estate | 100% Leased NNN Industrial Flex | Hilton Head Island, SC",Sands Investment Group <stratton@sandsig.com>,"Just Listed | 7.00% CAP | Value Add Trophy Real Estate | 100% Leased NNN Industrial Flex | Hilton Head Island, SC",19b98c3df602e259,
,,8.0,"Tue, 06 Jan 2026 15:00:29 -0600",,,Active,,19b9521f84c9db25,8.00% CAP,High-Yield KidTown Academy Investment | New 7-Year Lease | Growing Milwaukee Area,Sands Investment Group <adieguez@sandsig.com>,8.00% CAP | High-Yield KidTown Academy Investment | New 7-Year Lease | Growing Milwaukee Area,19b9521f84c9db25,
,,,"Tue, 06 Jan 2026 14:00:36 -0600",,,Active,,19b94e6ed27a2e05,Applebee’s NNN,"Adjacent to Walmart | Strong Guarantee | Lubbock, TX",Sands Investment Group <kblaha@sandsig.com>,"Applebee’s NNN | Adjacent to Walmart | Strong Guarantee | Lubbock, TX",19b94e6ed27a2e05,
,1632,,"Tue, 06 Jan 2026 13:00:40 -0600",1.19,,Active,,19b94b5cc73a80ff,Redevelopment Opportunity - ATL MSA,"1.19 Acres & 1,632 SF Building | NRC Zoning",Sands Investment Group <solomon@sandsig.com>,"Redevelopment Opportunity - ATL MSA | 1.19 Acres & 1,632 SF Building | NRC Zoning",19b94b5cc73a80ff,
,,,"Tue, 06 Jan 2026 12:00:34 -0600",,,New,,19b9481e0ecfa37a,Just Listed,Value-Add Retail Outparcel to Menards | 9.69% Pro Forma Cap | High-Traffic - Detroit MSA,Sands Investment Group <bkohl@sandsig.com>,Just Listed | Value-Add Retail Outparcel to Menards | 9.69% Pro Forma Cap | High-Traffic - Detroit MSA,19b9481e0ecfa37a,
,,,"Tue, 06 Jan 2026 11:00:34 -0600",,,Active,,19b944bd98b0a960,100% Leased Multi-Tenant Medical Asset,Modern Construction | San Antonio MSA,Sands Investment Group <abridges@sandsig.com>,100% Leased Multi-Tenant Medical Asset | Modern Construction | San Antonio MSA,19b944bd98b0a960,
,,,"Tue, 06 Jan 2026 10:00:42 -0600",,,New,,19b9414448edcc44,Just Listed,"Lakefront Mobile Home & RV Park | Strong Occupancy | Grove, OK",Sands Investment Group <kdeninno@sandsig.com>,"Just Listed | Lakefront Mobile Home & RV Park | Strong Occupancy | Grove, OK",19b9414448edcc44,
37.0,51000,,"Tue, 06 Jan 2026 09:00:44 -0600",,,Active,,19b93e5705c84cae,"51,000 SF Shopping Center",PSF $37 | 91% Leased | Value-Add Upside,Sands Investment Group <amccrary@sandsig.com>,"51,000 SF Shopping Center | PSF $37 | 91% Leased | Value-Add Upside",19b93e5705c84cae,
,,,"Tue, 06 Jan 2026 08:00:55 -0600",,,New,,19b93a06a4d66307,Just Listed,High-Entry Cap Strip Center | Lease-Up Opportunity | High-Traffic OKC Corridor,Sands Investment Group <ccoassin@sandsig.com>,Just Listed | High-Entry Cap Strip Center | Lease-Up Opportunity | High-Traffic OKC Corridor,19b93a06a4d66307,
,,7.5,"Mon, 05 Jan 2026 15:00:39 -0600",,,Active,,19b8ffe63c097689,7.50% CAP,ABS NNN Gas Station & C-Store | Bonus Depreciation | 2% Annual Increases,Sands Investment Group <jbrown@sandsig.com>,7.50% CAP | ABS NNN Gas Station & C-Store | Bonus Depreciation | 2% Annual Increases,19b8ffe63c097689,
595000.0,,,"Mon, 05 Jan 2026 14:00:50 -0600",1.0,,New,,19b8fc0a0bbf30e0,New Listing,$595K | 1-Acre Corner Development Site | Multiple Permitted Uses | High-Growth Area,Sands Investment Group <zfriedman@sandsig.com>,New Listing | $595K | 1-Acre Corner Development Site | Multiple Permitted Uses | High-Growth Area,19b8fc0a0bbf30e0,
,,,"Mon, 5 Jan 2026 19:31:06 +0000 (GMT)",,,Active,,19b8fa449a47431c,Immediate Buyer Needs,,Sands Investment Group <info@sandsig.com>,Immediate Buyer Needs,19b8fa449a47431c,
,,,"Mon, 05 Jan 2026 13:00:28 -0600",,,Active,,19b8f9d0d9ed151a,Harbor Freight,17% Bump | Recent Tenant Investment | Long Term Occupancy,Sands Investment Group <mfilecki@sandsig.com>,Harbor Freight | 17% Bump | Recent Tenant Investment | Long Term Occupancy,19b8f9d0d9ed151a,
,,,"Mon, 05 Jan 2026 12:00:37 -0600",,,New,,19b8f53205fc2a87,Just Listed,"Kohl’s & PetSmart - Top-Performing Tenants | Built-In Rent Increases | Port Charlotte, FL",Sands Investment Group <bkohl@sandsig.com>,"Just Listed | Kohl’s & PetSmart - Top-Performing Tenants | Built-In Rent Increases | Port Charlotte, FL",19b8f53205fc2a87,
