Date,Open,High,Low,Close,Adj Close,Volume
2014-01-01,1090.050048828125,1092.25,1075.550048828125,1076.6500244140625,909.7110595703125,529952
2014-01-02,1083.0,1094.5,1078.074951171875,1083.5,915.4990234375,1726948
2014-01-03,1082.3499755859375,1114.550048828125,1073.625,1111.0999755859375,938.8194580078125,2618174
2014-01-06,1114.5,1122.0,1098.5,1119.800048828125,946.1707153320312,2311810
2014-01-07,1120.0,1128.2249755859375,1099.5,1103.074951171875,932.0389404296875,2897486
2014-01-08,1106.0,1122.0,1105.0,1116.324951171875,943.2340087890625,2550020
2014-01-09,1114.375,1127.75,1111.050048828125,1120.9749755859375,947.163330078125,2582206
2014-01-10,1130.0,1154.9000244140625,1117.5,1140.449951171875,963.6185302734375,3369334
2014-01-13,1142.5,1192.0,1142.5,1184.375,1000.7327270507812,3814316
2014-01-14,1186.0,1192.4000244140625,1160.0,1163.375,982.9888916015625,2974964
2014-01-15,1171.2249755859375,1189.0999755859375,1163.5,1176.800048828125,994.3324584960938,3048854
2014-01-16,1190.0,1190.050048828125,1162.5,1175.1500244140625,992.9381713867188,2997962
2014-01-17,1149.0,1149.0,1103.0250244140625,1106.5250244140625,934.9537963867188,7564756
2014-01-20,1109.4749755859375,1175.0,1107.75,1169.0999755859375,987.8264770507812,6010558
2014-01-21,1167.0,1169.625,1137.550048828125,1140.1500244140625,963.3651733398438,3132282
2014-01-22,1143.550048828125,1148.425048828125,1132.050048828125,1137.0250244140625,960.7249145507812,2384030
2014-01-23,1134.050048828125,1138.3499755859375,1118.6500244140625,1126.2249755859375,951.5991821289062,2290762
2014-01-24,1122.0,1141.625,1117.5,1124.3499755859375,950.0150146484375,1850266
2014-01-27,1113.0,1129.75,1110.050048828125,1114.800048828125,943.6243286132812,2532948
2014-01-28,1116.0,1123.925048828125,1098.050048828125,1106.175048828125,936.32373046875,2852166
2014-01-29,1120.0,1120.0,1102.5,1104.9000244140625,935.2442626953125,1698076
2014-01-30,1099.0250244140625,1113.5,1095.0,1108.800048828125,938.545166015625,2225250
2014-01-31,1112.550048828125,1134.9000244140625,1110.5,1120.5250244140625,948.4702758789062,2174246
2014-02-03,1111.0,1122.125,1095.4000244140625,1097.2249755859375,928.7474975585938,1362480
2014-02-04,1087.0,1087.5,1056.0250244140625,1075.675048828125,910.507080078125,2694166
2014-02-05,1081.9000244140625,1100.0,1070.0,1097.199951171875,928.7268676757812,1853650
2014-02-06,1090.0,1094.949951171875,1072.5,1087.625,920.6220703125,1922652
2014-02-07,1095.0,1097.5,1065.5,1072.199951171875,907.5655517578125,1990912
2014-02-10,1072.0,1072.0,1042.550048828125,1046.7750244140625,886.0444946289062,4019270
2014-02-11,1050.0,1063.25,1048.0,1050.8499755859375,889.4937744140625,3568786
2014-02-12,1059.0,1061.800048828125,1047.5,1052.7249755859375,891.0805053710938,3074348
2014-02-13,1053.5,1069.199951171875,1048.25,1066.875,903.0581665039062,2094350
2014-02-14,1068.949951171875,1092.375,1064.050048828125,1083.949951171875,917.5110473632812,1910062
2014-02-17,1080.0,1093.0,1073.5999755859375,1082.699951171875,916.4531860351562,1670394
2014-02-18,1082.5,1095.5,1077.925048828125,1083.0,916.7071533203125,1526916
2014-02-19,1085.0,1107.5,1081.125,1098.9749755859375,930.22900390625,1072918
2014-02-20,1103.0,1111.0,1091.4000244140625,1094.675048828125,926.589599609375,1587924
2014-02-21,1099.0,1106.5,1095.375,1102.8499755859375,933.5089111328125,1717860
2014-02-24,1102.0,1102.625,1085.050048828125,1088.949951171875,921.7431030273438,2450424
2014-02-25,1094.5,1099.75,1090.0,1094.449951171875,926.399169921875,3305374
2014-02-26,1097.0,1097.5,1088.574951171875,1091.074951171875,923.542236328125,3859712
2014-02-28,1080.5,1140.0,1080.074951171875,1137.875,963.1561279296875,3988192
2014-03-03,1135.9000244140625,1149.5,1114.0,1120.0250244140625,948.0469360351562,1606078
2014-03-04,1116.5999755859375,1127.0,1112.0,1120.324951171875,948.3008422851562,2030332
2014-03-05,1127.425048828125,1143.125,1121.2750244140625,1125.949951171875,953.0618286132812,2302006
2014-03-06,1126.425048828125,1130.0,1116.074951171875,1120.375,948.3431396484375,1314562
2014-03-07,1122.75,1125.0250244140625,1076.4000244140625,1114.25,943.1588745117188,4698472
2014-03-10,1114.050048828125,1114.25,1067.5,1071.324951171875,906.8247680664062,3829768
2014-03-11,1077.5,1088.824951171875,1061.0,1075.824951171875,910.6336669921875,2550254
2014-03-12,1076.5,1094.875,1076.5,1089.7249755859375,922.3992309570312,1669788
2014-03-13,1074.0250244140625,1101.0,1068.425048828125,1074.7750244140625,909.7449340820312,2019884
2014-03-14,1070.5,1080.25,1062.1500244140625,1069.7750244140625,905.5127563476562,2161246
2014-03-18,1067.75,1075.9000244140625,1052.125,1061.0,898.0848388671875,2565842
2014-03-19,1037.5,1037.5,1006.5250244140625,1019.7000122070312,863.1265869140625,8652662
2014-03-20,1019.0,1061.449951171875,1005.7000122070312,1054.0999755859375,892.2447509765625,5728956
2014-03-21,1062.5,1072.5,1042.5,1063.5,900.2010498046875,4680776
2014-03-24,1068.4749755859375,1078.9749755859375,1063.074951171875,1076.300048828125,911.0359497070312,2183014
2014-03-25,1072.0,1086.0,1065.0,1073.324951171875,908.5176391601562,2249968
2014-03-26,1074.0250244140625,1079.25,1043.7750244140625,1046.75,886.0234985351562,3192350
2014-03-27,1050.4749755859375,1057.5,1032.5250244140625,1047.125,886.3405151367188,5012476
2014-03-28,1048.5,1061.425048828125,1040.0250244140625,1051.050048828125,889.662841796875,2971162
2014-03-31,1052.0,1072.4749755859375,1041.0,1066.574951171875,902.80419921875,2683268
2014-04-01,1072.5,1092.5,1072.449951171875,1088.3499755859375,921.235595703125,2755932
2014-04-02,1095.0,1101.0,1080.5250244140625,1086.125,919.3521728515625,3763016
2014-04-03,1086.425048828125,1091.0,1073.800048828125,1083.25,916.918701171875,1581194
2014-04-04,1086.0,1093.5,1065.0,1069.425048828125,905.216552734375,1694656
2014-04-07,1065.050048828125,1082.9749755859375,1060.3499755859375,1076.9000244140625,911.5436401367188,2594986
2014-04-09,1076.0,1081.0,1052.5,1070.199951171875,905.872314453125,3350500
2014-04-10,1070.199951171875,1074.324951171875,1057.5999755859375,1063.074951171875,899.8413696289062,2152886
2014-04-11,1059.0,1087.449951171875,1050.0,1082.050048828125,915.9031372070312,2340742
2014-04-15,1090.5,1129.0,1087.0250244140625,1126.375,953.4218139648438,3597244
2014-04-16,1132.0,1132.0,1092.0999755859375,1098.1500244140625,929.5309448242188,3475910
2014-04-17,1110.0,1113.5,1071.3499755859375,1111.449951171875,940.7887573242188,7681438
2014-04-21,1110.0,1121.449951171875,1105.6500244140625,1110.875,940.3018188476562,1842594
2014-04-22,1116.9749755859375,1124.949951171875,1109.949951171875,1110.5250244140625,940.0054931640625,1486274
2014-04-23,1115.699951171875,1121.949951171875,1100.550048828125,1106.875,936.9161376953125,1938992
2014-04-24,1106.875,1106.875,1106.875,1106.875,936.9161376953125,0
2014-04-25,1113.5,1117.5,1096.5999755859375,1102.625,933.3186645507812,3160448
2014-04-28,1102.625,1111.3499755859375,1090.050048828125,1095.675048828125,927.435791015625,2550766
2014-04-29,1093.0,1103.175048828125,1088.449951171875,1097.125,928.6630249023438,1846180
2014-04-30,1092.550048828125,1102.800048828125,1090.5,1094.5999755859375,926.52587890625,2397378
2014-05-02,1090.625,1109.949951171875,1090.625,1104.2249755859375,934.6730346679688,1917778
2014-05-05,1105.4000244140625,1114.5,1102.074951171875,1106.8499755859375,936.8949584960938,1314478
2014-05-06,1106.8499755859375,1110.800048828125,1095.0,1099.449951171875,930.6310424804688,961232
2014-05-07,1095.5250244140625,1101.5,1070.050048828125,1082.7750244140625,916.516845703125,4716182
2014-05-08,1082.550048828125,1090.9000244140625,1073.824951171875,1081.0250244140625,915.0352783203125,2606900
2014-05-09,1076.0,1092.3499755859375,1076.0,1079.949951171875,914.125244140625,1799440
2014-05-12,1076.5,1083.3499755859375,1061.574951171875,1079.675048828125,913.892578125,2886064
2014-05-13,1082.9000244140625,1119.5,1082.9000244140625,1105.4749755859375,935.731201171875,2547484
2014-05-14,1107.199951171875,1118.8499755859375,1100.550048828125,1108.050048828125,937.9108276367188,1389228
2014-05-15,1108.050048828125,1112.5,1085.574951171875,1096.574951171875,928.1978149414062,2520196
2014-05-16,1100.0250244140625,1126.699951171875,1050.125,1080.375,914.4853515625,5241798
2014-05-19,1075.0,1080.0,999.75,1018.3499755859375,861.984130859375,6516606
2014-05-20,1014.0,1080.0,1014.0,1034.0999755859375,875.3156127929688,4702114
2014-05-21,1030.5999755859375,1044.5,1027.9000244140625,1041.425048828125,881.5159301757812,4116946
2014-05-22,1048.375,1062.0,1037.550048828125,1055.9749755859375,893.8316650390625,4216842
2014-05-23,1059.5,1074.5,1048.0,1063.949951171875,900.58203125,3094780
2014-05-26,1074.5,1084.800048828125,1066.800048828125,1077.0,911.6286010742188,2650850
2014-05-27,1080.074951171875,1092.300048828125,1059.0,1065.7249755859375,902.084716796875,1795094
2014-05-28,1070.0,1079.375,1061.2249755859375,1075.2750244140625,910.1685180664062,1887488
2014-05-29,1072.5,1090.0,1067.5999755859375,1079.9749755859375,914.1467895507812,2820710
2014-05-30,1079.4000244140625,1083.5,1065.074951171875,1070.675048828125,906.274658203125,2585648
2014-06-02,1072.0,1078.875,1058.0250244140625,1064.925048828125,901.4075927734375,1095158
2014-06-03,1064.925048828125,1069.0,1052.5999755859375,1064.300048828125,900.8783569335938,2484628
2014-06-04,1065.0,1067.449951171875,1038.5,1044.625,884.2244262695312,2141062
2014-06-05,1041.550048828125,1058.199951171875,1034.0,1052.074951171875,890.5304565429688,4348470
2014-06-06,1050.074951171875,1053.9000244140625,1028.0,1042.125,890.5731811523438,3361586
2014-06-09,1043.5,1059.0,1040.0,1056.9000244140625,903.1995849609375,2666196
2014-06-10,1057.5,1080.4749755859375,1057.5,1079.074951171875,922.1498413085938,2628068
2014-06-11,1082.5,1107.0,1069.0999755859375,1103.4749755859375,943.00146484375,3544562
2014-06-12,1124.5,1127.0,1091.9000244140625,1118.675048828125,955.9910278320312,2734338
2014-06-13,1119.0,1119.5,1092.5250244140625,1106.7750244140625,945.8215942382812,1904022
2014-06-16,1105.0,1138.4749755859375,1105.0,1134.875,969.8347778320312,2439906
2014-06-17,1142.449951171875,1148.5,1135.5,1139.925048828125,974.15087890625,1918144
2014-06-18,1146.5,1146.5,1110.6500244140625,1113.5250244140625,951.5899047851562,1948824
2014-06-19,1115.0,1144.5,1105.050048828125,1138.0250244140625,972.5267944335938,1896354
2014-06-20,1142.449951171875,1149.5,1131.0,1146.199951171875,979.5128784179688,1155674
2014-06-23,1146.5,1149.949951171875,1127.0250244140625,1134.425048828125,969.4503784179688,1262734
2014-06-24,1134.5,1159.75,1127.5,1154.5250244140625,986.62744140625,1479100
2014-06-25,1155.0,1160.0,1146.5,1155.2750244140625,987.2688598632812,1028422
2014-06-26,1148.0,1172.074951171875,1145.574951171875,1153.824951171875,986.0293579101562,2036182
2014-06-27,1158.5,1203.449951171875,1157.5,1199.7750244140625,1025.296875,3058836
2014-06-30,1200.2750244140625,1217.5,1188.300048828125,1212.699951171875,1036.3421630859375,2146470
2014-07-01,1209.449951171875,1209.5,1191.1500244140625,1195.375,1021.5363159179688,1092790
2014-07-02,1200.0,1205.875,1191.75,1200.800048828125,1026.173095703125,907740
2014-07-03,1199.5,1222.5,1196.0,1208.949951171875,1033.1378173828125,1526762
2014-07-04,1206.199951171875,1212.75,1200.5,1205.25,1029.975830078125,536136
2014-07-07,1210.0250244140625,1249.0,1205.199951171875,1244.2750244140625,1063.3255615234375,2204902
2014-07-08,1242.4749755859375,1243.074951171875,1216.625,1224.7249755859375,1046.618408203125,2500588
2014-07-09,1235.0,1236.324951171875,1190.800048828125,1199.074951171875,1024.698486328125,1554242
2014-07-10,1199.7750244140625,1209.800048828125,1167.5,1175.9000244140625,1004.8939819335938,1990562
2014-07-11,1185.5,1205.0,1180.550048828125,1197.2249755859375,1023.1181640625,1329446
2014-07-14,1209.4000244140625,1219.5,1192.625,1213.125,1036.705322265625,1587924
2014-07-15,1213.0999755859375,1215.0,1196.875,1199.6500244140625,1025.1903076171875,1389656
2014-07-16,1204.824951171875,1212.0,1193.425048828125,1200.925048828125,1026.280029296875,1407240
2014-07-17,1205.0,1214.9000244140625,1187.5,1190.9749755859375,1017.7764892578125,1790220
2014-07-18,1226.0,1242.5,1217.5,1220.5999755859375,1043.09375,3507488
2014-07-21,1234.0,1234.925048828125,1221.5250244140625,1231.875,1052.729248046875,981072
2014-07-22,1232.5,1270.0,1230.949951171875,1266.199951171875,1082.0623779296875,2399016
2014-07-23,1270.0,1298.1500244140625,1266.1500244140625,1293.074951171875,1105.02880859375,2065858
2014-07-24,1297.449951171875,1301.0,1283.5,1297.5999755859375,1108.895751953125,1481418
2014-07-25,1297.0,1307.175048828125,1283.5,1302.875,1113.403564453125,1806914
2014-07-28,1288.574951171875,1299.824951171875,1277.5,1294.6500244140625,1108.501953125,1314922
2014-07-30,1292.4000244140625,1305.0,1286.300048828125,1297.5250244140625,1110.963134765625,1899252
2014-07-31,1287.550048828125,1299.0,1284.625,1290.0250244140625,1104.5418701171875,2407210
2014-08-01,1287.5,1293.9749755859375,1255.0,1258.199951171875,1077.292236328125,2381882
2014-08-04,1266.0,1270.949951171875,1244.0,1263.0250244140625,1081.423583984375,1828636
2014-08-05,1272.449951171875,1272.5,1245.050048828125,1261.8499755859375,1080.4176025390625,1404656
2014-08-06,1258.074951171875,1267.425048828125,1245.125,1253.324951171875,1073.1185302734375,1837562
2014-08-07,1245.0,1247.5,1229.5250244140625,1234.9000244140625,1057.3428955078125,1672656
2014-08-08,1232.5,1253.8499755859375,1232.5,1239.3499755859375,1061.153076171875,1464790
2014-08-11,1245.449951171875,1247.7750244140625,1227.5,1234.199951171875,1056.7431640625,1290896
2014-08-12,1244.949951171875,1244.949951171875,1220.0999755859375,1235.875,1058.177001953125,984552
2014-08-13,1235.0,1265.0,1235.0,1250.0250244140625,1070.2928466796875,2768378
2014-08-14,1257.0,1266.0,1245.0250244140625,1249.875,1070.16455078125,1578056
2014-08-18,1245.5250244140625,1252.5,1235.0,1243.800048828125,1064.9632568359375,1373260
2014-08-19,1250.0,1252.449951171875,1217.5,1219.25,1043.9434814453125,3234156
2014-08-20,1222.25,1227.5250244140625,1215.0250244140625,1218.0999755859375,1042.957763671875,2056758
2014-08-21,1223.5,1230.0,1215.0,1216.2249755859375,1041.3526611328125,2265450
2014-08-22,1222.0,1234.0999755859375,1217.9000244140625,1232.0999755859375,1054.9454345703125,3096238
2014-08-25,1235.0,1264.25,1233.449951171875,1261.0250244140625,1079.7115478515625,3143512
2014-08-26,1264.5,1275.0,1250.0,1266.9000244140625,1084.7418212890625,1815490
2014-08-27,1267.0,1283.699951171875,1257.0250244140625,1274.9749755859375,1091.655517578125,1435460
2014-08-28,1273.5,1274.6500244140625,1256.5,1261.175048828125,1079.83984375,1766288
2014-09-01,1262.699951171875,1280.0,1261.5250244140625,1268.574951171875,1086.17578125,810148
2014-09-02,1272.9000244140625,1277.4000244140625,1257.050048828125,1268.949951171875,1086.4969482421875,1407940
2014-09-03,1269.5,1308.0,1269.5,1303.199951171875,1115.822265625,3061690
2014-09-04,1311.0,1313.7249755859375,1288.7249755859375,1292.375,1106.553466796875,1701598
2014-09-05,1299.949951171875,1310.9000244140625,1291.5250244140625,1299.300048828125,1112.48291015625,1467060
2014-09-08,1306.0,1325.0,1299.5250244140625,1321.3499755859375,1131.3624267578125,1697342
2014-09-09,1326.0,1333.5,1312.550048828125,1315.625,1126.4609375,1418098
2014-09-10,1319.0,1321.375,1295.5999755859375,1300.074951171875,1113.1468505859375,1258768
2014-09-11,1305.0,1312.199951171875,1295.75,1299.175048828125,1112.376220703125,1075622
2014-09-12,1305.0,1312.175048828125,1296.5999755859375,1303.800048828125,1116.3358154296875,1196210
2014-09-15,1307.0,1309.300048828125,1277.0,1279.1500244140625,1095.22998046875,1151544
2014-09-16,1283.0,1287.5,1272.0,1275.425048828125,1092.0408935546875,1535608
2014-09-17,1280.5,1302.375,1280.5,1295.5999755859375,1109.3150634765625,1657700
2014-09-18,1295.8499755859375,1325.9000244140625,1290.5,1321.1500244140625,1131.1917724609375,1483078
2014-09-19,1321.5,1370.0,1321.0,1357.0999755859375,1161.97265625,3587864
2014-09-22,1357.0,1367.0,1338.125,1360.9000244140625,1165.22607421875,999584
2014-09-23,1362.0,1391.2249755859375,1341.6500244140625,1344.0999755859375,1150.841552734375,2055990
2014-09-24,1346.5,1353.4749755859375,1316.375,1321.5,1131.490966796875,2442132
2014-09-25,1330.4749755859375,1362.5,1330.0,1354.300048828125,1159.5753173828125,2473158
2014-09-26,1355.0,1362.449951171875,1335.050048828125,1342.0,1149.0435791015625,1612712
2014-09-29,1347.699951171875,1387.7249755859375,1337.6500244140625,1383.9749755859375,1184.983642578125,2089534
2014-09-30,1386.4749755859375,1388.324951171875,1354.074951171875,1368.300048828125,1171.5626220703125,2788954
2014-10-01,1376.0,1401.0,1368.5,1387.800048828125,1188.258544921875,2142022
2014-10-07,1369.800048828125,1419.8499755859375,1362.800048828125,1365.675048828125,1169.3145751953125,3457674
2014-10-08,1369.0,1369.9749755859375,1324.625,1341.5999755859375,1148.7008056640625,1962442
2014-10-09,1354.0,1361.6500244140625,1343.25,1353.0250244140625,1158.4833984375,1685176
2014-10-10,1353.0,1363.7249755859375,1334.25,1339.25,1146.6890869140625,2344362
2014-10-13,1340.0,1362.4000244140625,1335.0,1358.2750244140625,1162.9786376953125,2209532
2014-10-14,1365.0,1367.8499755859375,1339.4000244140625,1349.5999755859375,1155.55078125,2369406
2014-10-15,1349.5999755859375,1349.5999755859375,1349.5999755859375,1349.5999755859375,1155.55078125,0
2014-10-16,1365.0,1379.300048828125,1332.125,1339.050048828125,1146.5177001953125,3848014
2014-10-17,1237.5,1255.675048828125,1215.0,1220.574951171875,1045.0775146484375,9892812
2014-10-20,1245.0,1246.800048828125,1208.9749755859375,1211.6500244140625,1037.4354248046875,3399242
2014-10-21,1212.925048828125,1221.875,1207.5,1216.699951171875,1041.7596435546875,1950732
2014-10-22,1242.5,1244.5,1222.550048828125,1225.925048828125,1049.6583251953125,2067664
2014-10-27,1259.5,1259.8499755859375,1222.4749755859375,1228.574951171875,1051.9271240234375,2797208
2014-10-28,1242.449951171875,1242.449951171875,1226.7249755859375,1239.300048828125,1061.1102294921875,2289958
2014-10-29,1237.5,1257.0,1236.5,1253.0250244140625,1075.0303955078125,2425016
2014-10-30,1260.9000244140625,1287.449951171875,1254.5,1279.0999755859375,1097.4010009765625,4111292
2014-10-31,1280.5,1310.0,1280.5,1303.925048828125,1118.6995849609375,3170070
2014-11-03,1324.5,1324.5,1290.25,1295.175048828125,1111.1929931640625,2541632
2014-11-05,1319.0,1319.0,1295.0,1299.75,1115.117919921875,2310642
2014-11-07,1302.4000244140625,1307.8499755859375,1278.5,1286.425048828125,1103.6856689453125,2126740
2014-11-10,1287.550048828125,1291.0,1275.5,1284.824951171875,1102.3128662109375,1541964
2014-11-11,1289.0,1297.0,1277.699951171875,1290.3499755859375,1107.0531005859375,1249940
2014-11-12,1290.0,1305.5,1287.5,1295.875,1111.793212890625,1320582
2014-11-13,1297.5,1302.449951171875,1282.574951171875,1294.2249755859375,1110.3773193359375,1645540
2014-11-14,1292.5999755859375,1305.574951171875,1287.5,1303.2249755859375,1118.0994873046875,1457174
2014-11-17,1297.550048828125,1312.5,1296.125,1309.1500244140625,1123.1826171875,1570552
2014-11-18,1310.0,1313.324951171875,1289.875,1292.925048828125,1109.262939453125,1467026
2014-11-19,1299.0,1299.0,1278.7249755859375,1286.875,1104.0721435546875,1865746
2014-11-20,1294.0,1305.125,1280.2750244140625,1302.7249755859375,1117.670166015625,1795386
2014-11-21,1304.0,1320.0,1293.324951171875,1311.074951171875,1124.8343505859375,2001594
2014-11-24,1311.0,1332.5,1311.0,1328.8499755859375,1140.0841064453125,1942766
2014-11-25,1330.0,1339.699951171875,1308.0,1318.0,1130.77490234375,2371684
2014-11-26,1315.0250244140625,1328.175048828125,1307.5,1313.6500244140625,1127.0435791015625,1584800
2014-11-27,1313.6500244140625,1334.0,1312.6500244140625,1326.6500244140625,1138.1966552734375,1732418
2014-11-28,1329.175048828125,1345.949951171875,1317.675048828125,1321.5,1133.778076171875,1989768
2014-12-01,1325.25,1350.0,1322.625,1346.4749755859375,1155.20556640625,1896354
2014-12-02,1346.5,1355.4749755859375,1324.675048828125,1328.6500244140625,1139.91259765625,1436572
2014-12-03,1335.949951171875,1336.699951171875,1309.25,1317.675048828125,1130.4964599609375,3094670
2014-12-04,1332.0,1333.5,1314.949951171875,1318.9749755859375,1131.611328125,1285308
2014-12-05,1320.449951171875,1324.9000244140625,1286.074951171875,1289.4749755859375,1106.3026123046875,2359676
2014-12-08,1297.5,1297.5,1250.824951171875,1256.4000244140625,1077.92578125,3232574
2014-12-09,1258.0,1279.5,1254.550048828125,1257.425048828125,1078.8052978515625,2487940
2014-12-10,1257.5,1265.949951171875,1248.0999755859375,1253.949951171875,1075.8236083984375,2087970
2014-12-11,1250.300048828125,1261.449951171875,1243.5,1246.074951171875,1069.067626953125,1938822
2014-12-12,1250.0,1260.0,1211.324951171875,1225.3499755859375,1051.2864990234375,2380786
2014-12-15,1192.449951171875,1192.5,1176.125,1179.324951171875,1011.7996215820312,3487788
2014-12-16,1175.0,1229.625,1172.5,1221.5250244140625,1048.005126953125,3339140
2014-12-17,1226.699951171875,1235.0,1202.625,1222.050048828125,1048.455078125,2287076
2014-12-18,1227.550048828125,1234.25,1217.4000244140625,1230.3499755859375,1055.57666015625,1481444
2014-12-19,1235.6500244140625,1261.875,1234.0,1255.2750244140625,1076.9609375,1903130
2014-12-22,1263.0,1264.5,1237.199951171875,1256.699951171875,1078.18310546875,1643954
2014-12-23,1250.0,1268.324951171875,1247.300048828125,1258.3499755859375,1079.5986328125,1266476
2014-12-24,1257.5,1260.425048828125,1232.824951171875,1239.949951171875,1063.8128662109375,3288972
2014-12-26,1243.0,1255.0,1232.5,1252.5,1074.579833984375,626206
2014-12-29,1254.0,1268.4749755859375,1253.5,1261.449951171875,1082.25830078125,778920
2014-12-30,1262.5,1271.2249755859375,1258.0,1265.0250244140625,1085.3255615234375,701342
2014-12-31,1266.3499755859375,1283.199951171875,1262.5,1279.125,1097.423095703125,1573792
2015-01-01,1283.5,1283.5,1270.5,1272.7750244140625,1091.97509765625,366830
2015-01-02,1275.5,1295.4749755859375,1275.300048828125,1289.7249755859375,1106.51708984375,925740
2015-01-05,1290.5,1299.949951171875,1262.324951171875,1270.125,1089.7010498046875,1754242
2015-01-06,1264.550048828125,1264.550048828125,1220.0,1223.300048828125,1049.528076171875,2423784
2015-01-07,1235.0,1239.574951171875,1203.7249755859375,1208.8499755859375,1037.13037109375,2636332
2015-01-08,1221.199951171875,1224.5,1210.2750244140625,1221.9000244140625,1048.32666015625,1565408
2015-01-09,1227.5,1259.949951171875,1225.0,1256.1500244140625,1077.7115478515625,3197642
2015-01-12,1258.5,1264.0,1240.125,1254.8499755859375,1076.595947265625,1596006
2015-01-13,1260.0,1265.199951171875,1240.050048828125,1248.949951171875,1071.5338134765625,1468432
2015-01-14,1258.0,1265.9000244140625,1250.25,1260.9749755859375,1081.85107421875,1787096
2015-01-15,1266.5,1290.875,1261.625,1269.550048828125,1089.2080078125,5009920
2015-01-16,1271.8499755859375,1272.5,1242.1500244140625,1266.074951171875,1086.2264404296875,5293830
2015-01-19,1268.0,1275.5,1251.5,1255.5,1077.1533203125,1135074
2015-01-20,1260.0,1265.0,1241.625,1250.2249755859375,1072.6280517578125,2058566
2015-01-21,1261.0,1261.0,1244.125,1256.9000244140625,1078.3551025390625,2310480
2015-01-22,1258.25,1260.625,1247.75,1256.7750244140625,1078.2476806640625,2113214
2015-01-23,1257.0,1266.0250244140625,1248.050048828125,1251.800048828125,1073.979248046875,3150380
2015-01-27,1256.175048828125,1257.5,1244.7750244140625,1251.0250244140625,1075.462158203125,2738736
2015-01-28,1251.5,1272.449951171875,1251.449951171875,1269.800048828125,1091.6024169921875,3121980
2015-01-29,1269.0,1284.3499755859375,1256.449951171875,1272.324951171875,1093.772705078125,3734392
2015-01-30,1280.3499755859375,1287.5,1235.0,1241.0250244140625,1066.865478515625,5817402
2015-02-02,1241.0,1260.7249755859375,1231.0250244140625,1257.0999755859375,1080.6845703125,3181802
2015-02-03,1255.824951171875,1282.5,1253.550048828125,1279.125,1099.618896484375,2345054
2015-02-04,1284.0,1285.8499755859375,1251.050048828125,1257.1500244140625,1080.7276611328125,2245418
2015-02-05,1260.0,1295.8499755859375,1259.5,1276.199951171875,1097.10400390625,4530168
2015-02-06,1276.5,1297.4000244140625,1275.425048828125,1287.875,1107.140869140625,2136416
2015-02-09,1280.75,1284.550048828125,1250.0,1256.449951171875,1080.125732421875,2076432
2015-02-10,1255.0,1263.125,1216.5,1220.574951171875,1049.2855224609375,3799054
2015-02-11,1227.5250244140625,1243.625,1223.625,1229.949951171875,1057.34521484375,2937522
2015-02-12,1239.9000244140625,1239.9000244140625,1223.5,1231.074951171875,1058.31201171875,3107980
2015-02-13,1235.0,1273.875,1230.125,1269.375,1091.2371826171875,4158326
2015-02-16,1280.0,1297.5,1277.5,1292.4000244140625,1111.03125,2364392
2015-02-18,1292.5250244140625,1321.5,1282.625,1317.824951171875,1132.8876953125,2660014
2015-02-19,1318.0,1343.6500244140625,1317.5,1340.5250244140625,1152.40234375,2618002
2015-02-20,1349.4000244140625,1349.4000244140625,1321.125,1337.7750244140625,1150.0382080078125,1801588
2015-02-23,1335.5,1361.0,1335.5,1348.324951171875,1159.1075439453125,1614892
2015-02-24,1347.0,1365.0,1339.5,1352.375,1162.5888671875,2199922
2015-02-25,1355.0,1361.0,1333.925048828125,1336.0999755859375,1148.59814453125,1767994
2015-02-26,1339.5,1346.375,1312.675048828125,1328.2249755859375,1141.828369140625,1991994
2015-02-27,1329.7249755859375,1337.875,1308.1500244140625,1331.175048828125,1144.3641357421875,2877376
2015-03-02,1339.8499755859375,1354.4749755859375,1326.2750244140625,1334.699951171875,1147.394287109375,2176038
2015-03-03,1341.0,1395.0,1338.074951171875,1388.0,1193.2147216796875,3424308
2015-03-04,1394.0,1406.050048828125,1357.824951171875,1373.0,1180.319580078125,3862994
2015-03-05,1375.0,1385.3499755859375,1340.5250244140625,1348.2249755859375,1159.0218505859375,2173514
2015-03-09,1320.0,1339.9000244140625,1305.0,1323.4000244140625,1137.6806640625,2883174
2015-03-10,1324.449951171875,1339.125,1297.625,1321.3499755859375,1135.918212890625,3037052
2015-03-11,1321.0,1329.9749755859375,1298.9000244140625,1303.2750244140625,1120.3797607421875,2240200
2015-03-12,1311.949951171875,1312.449951171875,1295.050048828125,1309.5250244140625,1125.7528076171875,1827636
2015-03-13,1319.0,1319.9749755859375,1287.5,1291.175048828125,1109.9775390625,1586838
2015-03-16,1292.5999755859375,1305.0,1276.0,1281.1500244140625,1101.3597412109375,1556296
2015-03-17,1291.25,1303.3499755859375,1278.875,1291.8499755859375,1110.5576171875,1267318
2015-03-18,1295.4749755859375,1299.7249755859375,1275.8499755859375,1279.675048828125,1100.091796875,1255170
2015-03-19,1288.0,1302.925048828125,1284.050048828125,1298.125,1115.95263671875,2448964
2015-03-20,1298.0,1309.0,1289.425048828125,1305.4749755859375,1122.2708740234375,1963908
2015-03-23,1308.0,1315.5,1303.0,1308.574951171875,1124.9359130859375,1566608
2015-03-24,1315.0,1318.5,1291.050048828125,1295.6500244140625,1113.82470703125,2394878
2015-03-25,1295.699951171875,1307.0,1272.5999755859375,1286.875,1106.2816162109375,2224858
2015-03-26,1276.6500244140625,1293.3499755859375,1250.5,1256.550048828125,1080.211669921875,3091642
2015-03-27,1265.5,1285.949951171875,1252.050048828125,1257.4000244140625,1080.9427490234375,2751776
2015-03-30,1262.5,1284.949951171875,1260.0,1282.074951171875,1102.1546630859375,1339006
2015-03-31,1284.7249755859375,1284.7249755859375,1260.5,1276.9749755859375,1097.7705078125,2427028
2015-04-01,1279.0,1281.800048828125,1261.125,1271.324951171875,1092.9136962890625,2075758
2015-04-06,1279.0,1281.449951171875,1250.050048828125,1273.6500244140625,1094.9124755859375,1568542
2015-04-07,1281.2249755859375,1299.5,1272.0,1292.5,1111.116943359375,1886922
2015-04-08,1297.0,1328.25,1295.425048828125,1320.699951171875,1135.3594970703125,1652134
2015-04-09,1329.5,1343.7249755859375,1317.574951171875,1332.2750244140625,1145.310302734375,2544450
2015-04-10,1324.25,1335.4000244140625,1314.0,1326.875,1140.66796875,1815544
2015-04-13,1332.0,1332.5,1314.0,1327.75,1141.419921875,1308642
2015-04-15,1327.3499755859375,1356.949951171875,1304.699951171875,1313.875,1129.4921875,2913934
2015-04-16,1313.4749755859375,1313.5,1285.675048828125,1291.4000244140625,1110.171630859375,3217570
2015-04-17,1278.550048828125,1280.0,1235.0,1237.425048828125,1063.7703857421875,9668742
2015-04-20,1240.0250244140625,1241.949951171875,1212.425048828125,1214.4000244140625,1043.9769287109375,2890722
2015-04-21,1214.4000244140625,1226.0,1200.5,1213.5250244140625,1043.2247314453125,2546032
2015-04-22,1215.75,1236.5,1203.7750244140625,1222.550048828125,1050.9832763671875,4186812
2015-04-23,1236.0,1239.9000244140625,1215.8499755859375,1228.625,1056.205322265625,4342990
2015-04-24,1227.6500244140625,1257.0,1223.7750244140625,1246.5250244140625,1071.5938720703125,3625158
2015-04-27,1249.75,1260.0,1243.0,1250.0999755859375,1074.6673583984375,2733052
2015-04-28,1255.0,1255.0,1227.550048828125,1247.5,1072.43212890625,3088298
2015-04-29,1242.0,1247.5,1225.5250244140625,1243.6500244140625,1069.1224365234375,2019620
2015-04-30,1240.0,1245.0,1213.550048828125,1231.8499755859375,1058.97802734375,3738054
2015-05-04,1245.5,1252.4000244140625,1228.5999755859375,1240.7750244140625,1066.6510009765625,1890630
2015-05-05,1250.5,1268.2249755859375,1250.0,1258.925048828125,1082.2537841796875,3255070
2015-05-06,1257.5,1257.5,1227.9000244140625,1231.5250244140625,1058.6988525390625,3394406
2015-05-07,1232.449951171875,1276.875,1226.8499755859375,1272.625,1094.0316162109375,3205028
2015-05-08,1280.0,1294.0,1258.1500244140625,1263.625,1086.2940673828125,3003664
2015-05-11,1267.5,1281.5250244140625,1262.5,1278.0,1098.65185546875,2573082
2015-05-12,1280.0,1282.5,1256.5,1261.449951171875,1084.4239501953125,2467386
2015-05-13,1273.5,1273.5,1240.2249755859375,1257.699951171875,1081.2003173828125,1863774
2015-05-14,1260.0,1260.0,1242.5,1249.625,1074.2586669921875,1309050
2015-05-15,1257.5,1266.199951171875,1250.5,1255.574951171875,1079.37353515625,1461454
2015-05-18,1257.050048828125,1262.625,1248.550048828125,1260.199951171875,1083.349609375,4507752
2015-05-19,1259.699951171875,1265.0,1248.375,1256.3499755859375,1080.03955078125,1957722
2015-05-20,1260.0,1284.949951171875,1258.449951171875,1278.5250244140625,1099.103515625,1897814
2015-05-21,1278.5,1290.0,1274.074951171875,1277.75,1098.436767578125,1579578
2015-05-22,1275.0,1314.375,1269.625,1308.949951171875,1125.258056640625,2691632
2015-05-25,1310.0,1318.449951171875,1292.8499755859375,1300.5,1117.994140625,982978
2015-05-26,1302.5,1311.625,1294.449951171875,1304.425048828125,1121.368408203125,1961740
2015-05-27,1304.0,1316.574951171875,1296.0,1307.625,1124.119140625,1620690
2015-05-28,1301.949951171875,1311.5,1291.125,1304.75,1121.647705078125,2763608
2015-05-29,1308.5,1324.300048828125,1298.625,1305.1500244140625,1121.9915771484375,4423532
2015-06-01,1304.7249755859375,1323.550048828125,1304.175048828125,1308.875,1125.1943359375,882264
2015-06-02,1308.0,1315.0,1295.25,1299.949951171875,1117.5213623046875,3935820
2015-06-03,1302.0,1312.800048828125,1295.25,1305.449951171875,1122.24951171875,1804684
2015-06-04,1308.550048828125,1311.4000244140625,1294.25,1302.824951171875,1119.9930419921875,4131468
2015-06-05,1296.0,1304.5,1285.0,1287.925048828125,1117.476806640625,2308534
2015-06-08,1295.0,1295.0,1280.824951171875,1288.7249755859375,1118.17041015625,1570320
2015-06-09,1292.5,1295.0,1275.5,1280.824951171875,1111.3162841796875,2578914
2015-06-10,1283.0,1305.0,1281.9000244140625,1300.375,1128.279052734375,2763350
2015-06-11,1302.75,1306.5,1278.375,1285.6500244140625,1115.5030517578125,1847336
2015-06-12,1285.949951171875,1294.4749755859375,1238.4000244140625,1252.9000244140625,1087.0870361328125,2571456
2015-06-15,1252.6500244140625,1260.2249755859375,1240.5,1252.4000244140625,1086.6531982421875,2525176
2015-06-16,1250.0,1259.6500244140625,1247.2249755859375,1256.0,1089.7767333984375,1267396
2015-06-17,1260.5,1264.574951171875,1250.9000244140625,1256.9000244140625,1090.5576171875,1975720
2015-06-18,1257.5,1273.1500244140625,1254.0,1265.0250244140625,1097.607666015625,2165046
2015-06-19,1267.5,1277.5,1263.550048828125,1274.7750244140625,1106.06689453125,1999610
2015-06-22,1273.5,1300.0,1273.5,1295.75,1124.265869140625,1102002
2015-06-23,1300.0,1304.0,1283.5999755859375,1287.300048828125,1116.9344482421875,898318
2015-06-24,1290.0,1293.949951171875,1279.425048828125,1285.1500244140625,1115.0689697265625,1170246
2015-06-25,1281.0,1286.5,1272.074951171875,1275.0,1106.26171875,1930992
2015-06-26,1275.0999755859375,1298.175048828125,1275.0999755859375,1296.4000244140625,1124.8302001953125,1290102
2015-06-29,1286.0,1302.0,1271.699951171875,1296.449951171875,1124.873291015625,1372756
2015-06-30,1292.5,1294.375,1270.0,1275.4749755859375,1106.6744384765625,1549952
2015-07-01,1281.949951171875,1304.0,1278.375,1296.550048828125,1124.9603271484375,1279708
2015-07-02,1300.0,1301.4749755859375,1285.5250244140625,1288.875,1118.30126953125,1445880
2015-07-03,1286.5250244140625,1305.0,1285.0,1301.949951171875,1129.6455078125,963470
2015-07-06,1290.1500244140625,1322.5,1290.1500244140625,1316.6500244140625,1142.400146484375,1182338
2015-07-07,1316.375,1323.449951171875,1301.5,1308.125,1135.0030517578125,1642836
2015-07-08,1298.9749755859375,1310.8499755859375,1290.25,1297.550048828125,1125.8280029296875,2667850
2015-07-09,1297.5,1299.125,1253.324951171875,1261.25,1094.33203125,3934122
2015-07-10,1279.5,1279.5,1227.5,1237.175048828125,1073.443115234375,8263654
2015-07-13,1237.699951171875,1259.300048828125,1237.699951171875,1254.7750244140625,1088.7139892578125,2280308
2015-07-14,1255.5,1257.5,1245.0,1249.75,1084.3536376953125,1703274
2015-07-15,1250.5,1274.9749755859375,1250.0,1272.875,1104.4183349609375,2003660
2015-07-16,1271.8499755859375,1279.425048828125,1263.300048828125,1270.0999755859375,1102.0106201171875,1456608
2015-07-17,1273.4000244140625,1285.050048828125,1271.6500244140625,1282.199951171875,1112.50927734375,1070526
2015-07-20,1282.0,1291.949951171875,1275.949951171875,1289.574951171875,1121.313232421875,853786
2015-07-21,1288.0,1300.175048828125,1277.550048828125,1280.699951171875,1113.5963134765625,1274500
2015-07-22,1280.5,1284.5,1260.5250244140625,1264.0250244140625,1099.0968017578125,1320628
2015-07-23,1258.75,1268.925048828125,1241.5,1244.300048828125,1081.9456787109375,1496780
2015-07-24,1248.75,1258.25,1246.050048828125,1252.574951171875,1089.1409912109375,1574972
2015-07-27,1244.0,1252.5,1240.574951171875,1248.5250244140625,1085.6195068359375,2003738
2015-07-28,1249.75,1259.5,1246.074951171875,1251.0250244140625,1087.7928466796875,1891188
2015-07-29,1255.5,1257.5250244140625,1241.75,1253.375,1089.8365478515625,2413318
2015-07-30,1258.0250244140625,1258.4000244140625,1236.4000244140625,1240.324951171875,1078.4892578125,2770574
2015-07-31,1244.949951171875,1259.5,1243.5,1255.375,1091.5758056640625,1963776
2015-08-03,1251.699951171875,1262.5,1250.449951171875,1254.800048828125,1091.0755615234375,1179324
2015-08-04,1255.199951171875,1261.5,1243.0,1254.449951171875,1090.7708740234375,2342692
2015-08-05,1260.0,1275.0,1255.5,1273.574951171875,1107.4007568359375,988994
2015-08-06,1282.5,1291.5,1275.050048828125,1286.6500244140625,1118.7698974609375,2211366
2015-08-07,1286.5,1286.5,1273.5,1276.0250244140625,1109.5313720703125,1188506
2015-08-10,1286.0,1294.5,1278.300048828125,1286.050048828125,1118.24853515625,1431182
2015-08-11,1289.0,1305.0,1271.050048828125,1302.0999755859375,1132.2037353515625,2200306
2015-08-12,1301.550048828125,1345.699951171875,1301.0,1335.8499755859375,1161.5504150390625,3479784
2015-08-13,1335.0,1342.0,1278.0,1317.800048828125,1145.855224609375,1406426
2015-08-14,1319.0,1359.675048828125,1318.550048828125,1351.5999755859375,1175.2457275390625,2293964
2015-08-17,1345.050048828125,1348.4000244140625,1327.5,1342.375,1167.2242431640625,773644
2015-08-18,1353.449951171875,1374.949951171875,1345.0,1370.449951171875,1191.6358642578125,1916926
2015-08-19,1375.0,1376.425048828125,1360.949951171875,1366.800048828125,1188.4625244140625,1690070
2015-08-20,1372.5,1372.5,1336.0,1343.425048828125,1168.1368408203125,2349298
2015-08-21,1356.0,1364.949951171875,1327.550048828125,1338.074951171875,1163.4847412109375,3536080
2015-08-24,1319.5,1322.5,1284.550048828125,1289.324951171875,1121.095458984375,4692344
2015-08-25,1293.949951171875,1311.0,1267.75,1283.574951171875,1116.095947265625,3925800
2015-08-26,1279.0250244140625,1319.5,1255.9749755859375,1288.375,1120.269775390625,3216158
2015-08-27,1307.449951171875,1307.449951171875,1272.9000244140625,1287.324951171875,1119.3564453125,5264798
2015-08-28,1304.5,1304.5,1278.8499755859375,1285.425048828125,1117.7044677734375,2744152
2015-08-31,1295.0,1295.0,1265.5250244140625,1282.0250244140625,1114.7481689453125,3692044
2015-09-01,1278.0,1305.5999755859375,1265.0,1268.699951171875,1103.162109375,2987602
2015-09-02,1279.8499755859375,1310.2249755859375,1274.0,1295.9000244140625,1126.81298828125,3765950
2015-09-03,1298.050048828125,1307.5,1288.125,1302.800048828125,1132.8126220703125,2265074
2015-09-04,1305.699951171875,1307.449951171875,1269.574951171875,1273.7249755859375,1107.5316162109375,2426396
2015-09-07,1276.5,1279.9749755859375,1266.3499755859375,1269.875,1104.1837158203125,1759184
2015-09-08,1272.5,1282.050048828125,1261.75,1270.1500244140625,1104.4227294921875,1787746
2015-09-09,1281.4749755859375,1287.0,1272.0,1274.875,1108.531005859375,2045076
2015-09-10,1271.0,1289.25,1263.5,1272.699951171875,1106.6397705078125,2665818
2015-09-11,1273.25,1284.199951171875,1270.300048828125,1276.0,1109.509521484375,1592672
2015-09-14,1282.5,1282.5,1271.5,1275.824951171875,1109.357421875,1589318
2015-09-15,1275.824951171875,1279.449951171875,1268.0,1268.625,1103.0966796875,1379900
2015-09-16,1277.5,1282.5,1270.5250244140625,1275.175048828125,1108.79248046875,1756816
2015-09-18,1282.5,1293.0,1269.5,1275.625,1109.1832275390625,2455294
2015-09-21,1275.0,1278.550048828125,1266.5999755859375,1275.5250244140625,1109.0966796875,1108840
2015-09-22,1278.75,1286.199951171875,1245.0,1263.4000244140625,1098.5537109375,2081246
2015-09-23,1267.1500244140625,1278.875,1256.300048828125,1266.324951171875,1101.096923828125,1228352
2015-09-24,1267.75,1295.0,1264.949951171875,1290.199951171875,1121.8564453125,2354254
2015-09-28,1297.0,1309.5,1289.75,1296.8499755859375,1127.6390380859375,2366812
2015-09-29,1291.675048828125,1317.0,1284.925048828125,1294.125,1125.26953125,3325952
2015-09-30,1321.8499755859375,1321.8499755859375,1285.4749755859375,1294.0250244140625,1125.1824951171875,3368336
2015-10-01,1299.5,1324.9749755859375,1296.0999755859375,1322.300048828125,1149.7684326171875,2834408
2015-10-05,1326.3499755859375,1385.0,1326.3499755859375,1355.824951171875,1178.9188232421875,4807306
2015-10-06,1362.5,1363.0,1342.0,1350.0,1173.8541259765625,3979590
2015-10-07,1346.9749755859375,1358.5,1323.4749755859375,1326.9749755859375,1153.833251953125,2065530
2015-10-08,1335.0,1339.175048828125,1310.0,1316.9000244140625,1145.072998046875,2357550
2015-10-09,1325.25,1325.300048828125,1304.0,1314.824951171875,1143.268310546875,2249724
2015-10-12,1327.5,1330.175048828125,1293.5,1296.300048828125,1127.1610107421875,2455912
2015-10-13,1301.4000244140625,1306.0,1283.800048828125,1299.2750244140625,1129.7474365234375,6179712
2015-10-14,1274.0,1274.0,1240.0,1241.8499755859375,1079.8154296875,8337128
2015-10-15,1245.0,1251.75,1232.5,1233.875,1072.8809814453125,3215710
2015-10-16,1240.449951171875,1246.0,1235.0,1236.0,1074.7286376953125,2333828
2015-10-19,1245.0,1247.4749755859375,1227.925048828125,1244.375,1082.0108642578125,3130642
2015-10-20,1248.125,1265.0,1247.800048828125,1263.375,1098.5318603515625,2695084
2015-10-21,1267.5,1271.0,1261.125,1265.0,1099.94482421875,1929688
2015-10-23,1274.0,1274.0,1263.6500244140625,1268.574951171875,1105.456298828125,2335398
2015-10-26,1274.5,1274.5,1257.550048828125,1268.2750244140625,1105.1949462890625,1414630
2015-10-27,1265.0250244140625,1272.449951171875,1260.175048828125,1265.550048828125,1102.820556640625,1530420
2015-10-28,1255.0250244140625,1266.7750244140625,1255.0250244140625,1264.550048828125,1101.948974609375,1255342
2015-10-29,1266.7750244140625,1267.699951171875,1245.0250244140625,1247.675048828125,1087.2437744140625,3130316
2015-10-30,1250.0,1255.949951171875,1242.5,1247.5999755859375,1087.1785888671875,1516696
2015-11-02,1250.0,1261.4000244140625,1243.7750244140625,1258.675048828125,1096.8292236328125,1319294
2015-11-03,1264.0,1273.9000244140625,1259.25,1271.7249755859375,1108.201416015625,1364906
2015-11-04,1272.5,1273.5999755859375,1260.0,1266.9000244140625,1103.9969482421875,991434
2015-11-05,1265.4000244140625,1267.4749755859375,1240.0,1241.324951171875,1081.71044921875,1596098
2015-11-06,1246.0,1259.125,1241.7249755859375,1252.875,1091.7752685546875,908024
2015-11-09,1247.5,1251.375,1234.300048828125,1235.675048828125,1076.786865234375,2021556
2015-11-10,1236.4749755859375,1238.5,1225.0,1229.074951171875,1071.0352783203125,1361920
2015-11-13,1219.0250244140625,1219.0250244140625,1193.2750244140625,1198.699951171875,1044.566162109375,2743232
2015-11-16,1195.0,1195.0,1178.0,1187.300048828125,1034.632080078125,2043528
2015-11-17,1190.25,1199.2249755859375,1187.5,1195.2750244140625,1041.581787109375,1985028
2015-11-18,1194.449951171875,1194.449951171875,1173.0,1175.7249755859375,1024.54541015625,1520352
2015-11-19,1182.675048828125,1190.800048828125,1176.0,1181.2750244140625,1029.3818359375,1866906
2015-11-20,1183.25,1211.7750244140625,1180.9749755859375,1199.175048828125,1044.980224609375,2012126
2015-11-23,1202.6500244140625,1206.699951171875,1191.125,1195.5250244140625,1041.7998046875,1088082
2015-11-24,1190.0250244140625,1196.2249755859375,1182.75,1183.9749755859375,1031.73486328125,998640
2015-11-26,1188.949951171875,1191.199951171875,1168.925048828125,1172.7750244140625,1021.9750366210938,2915292
2015-11-27,1174.0,1179.7249755859375,1166.25,1176.675048828125,1025.373046875,1737206
2015-11-30,1182.5,1195.625,1175.074951171875,1186.7750244140625,1034.174560546875,4100048
2015-12-01,1181.449951171875,1189.0250244140625,1178.5250244140625,1180.949951171875,1029.0985107421875,1721994
2015-12-02,1189.0,1189.050048828125,1173.25,1182.5999755859375,1030.5362548828125,1640296
2015-12-03,1180.0,1186.5,1173.5,1175.375,1024.2406005859375,2283358
2015-12-04,1170.0,1173.6500244140625,1160.550048828125,1164.199951171875,1014.5025024414062,1246092
2015-12-07,1166.0999755859375,1171.949951171875,1157.625,1159.9000244140625,1010.7553100585938,1382604
2015-12-08,1159.699951171875,1174.5,1158.6500244140625,1164.5,1014.7639770507812,1139964
2015-12-09,1168.949951171875,1186.4000244140625,1160.0,1183.824951171875,1031.6038818359375,5282806
2015-12-10,1184.5,1195.5999755859375,1176.0,1192.2750244140625,1038.967529296875,1723988
2015-12-11,1191.5,1195.9749755859375,1181.625,1193.0,1039.599365234375,1652378
2015-12-14,1167.5999755859375,1193.5,1165.300048828125,1189.2249755859375,1036.309814453125,2718532
2015-12-15,1189.2249755859375,1192.5,1181.5250244140625,1187.925048828125,1035.1767578125,1135868
2015-12-16,1192.0,1207.25,1192.0,1204.199951171875,1049.359130859375,1435934
2015-12-17,1207.5,1222.5,1196.675048828125,1219.875,1063.0186767578125,1618844
2015-12-18,1210.0,1217.0999755859375,1200.324951171875,1208.4000244140625,1053.018798828125,3024970
2015-12-21,1209.9749755859375,1225.0,1203.425048828125,1223.199951171875,1065.9156494140625,1610104
2015-12-22,1220.0,1220.0,1200.0,1202.5250244140625,1047.8994140625,1560858
2015-12-23,1207.5,1217.5,1205.2750244140625,1212.9000244140625,1056.9405517578125,849834
2015-12-24,1210.5,1219.0999755859375,1202.0,1217.125,1060.6219482421875,843160
2015-12-28,1214.0,1233.199951171875,1210.0999755859375,1231.3499755859375,1073.0179443359375,3704198
2015-12-29,1229.175048828125,1232.6500244140625,1222.875,1227.9000244140625,1070.011474609375,1708524
2015-12-30,1226.5250244140625,1229.5,1206.1500244140625,1209.1500244140625,1053.6724853515625,1605762
2015-12-31,1207.875,1224.25,1203.75,1218.425048828125,1061.7547607421875,1240318
2016-01-01,1219.5,1219.5,1206.125,1208.199951171875,1052.844482421875,712262
2016-01-04,1205.074951171875,1207.0,1183.0250244140625,1184.800048828125,1032.4534912109375,1870184
2016-01-05,1192.5,1193.300048828125,1170.5,1174.4749755859375,1023.4561767578125,2678020
2016-01-06,1175.0999755859375,1193.074951171875,1175.0999755859375,1190.800048828125,1037.6817626953125,2653228
2016-01-07,1185.0,1191.449951171875,1180.0,1185.625,1033.1727294921875,3199580
2016-01-08,1192.5,1203.675048828125,1186.25,1198.800048828125,1044.6531982421875,1907544
2016-01-11,1191.25,1192.0,1174.425048828125,1181.175048828125,1029.294921875,2930228
2016-01-12,1181.3499755859375,1182.5,1150.800048828125,1163.5250244140625,1013.9138793945312,3482594
2016-01-13,1158.5,1163.5,1127.550048828125,1139.5999755859375,993.0656127929688,4746092
2016-01-14,1136.5,1149.449951171875,1125.0,1139.4000244140625,992.8914184570312,2742052
2016-01-15,1144.425048828125,1145.8499755859375,1127.5,1130.550048828125,985.179443359375,3269408
2016-01-18,1131.0,1145.949951171875,1130.0,1138.824951171875,992.3901977539062,2213922
2016-01-19,1138.5,1150.0,1134.1500244140625,1139.6500244140625,993.10888671875,967910
2016-01-20,1136.9000244140625,1142.5,1121.5,1140.050048828125,993.4578247070312,1615954
2016-01-21,1142.5,1144.949951171875,1122.875,1127.25,984.6786499023438,2675536
2016-01-22,1136.5,1151.0250244140625,1130.0,1147.875,1002.6954345703125,1343178
2016-01-25,1150.949951171875,1169.5,1145.75,1152.324951171875,1006.5824584960938,1397560
2016-01-27,1151.0,1164.9749755859375,1140.949951171875,1159.875,1013.1775512695312,1626986
2016-01-28,1157.75,1174.449951171875,1154.0250244140625,1165.5999755859375,1018.1786499023438,3106660
2016-01-29,1179.3499755859375,1200.0,1167.5250244140625,1195.6500244140625,1044.4276123046875,2235744
2016-02-01,1195.550048828125,1206.4749755859375,1179.5,1201.3499755859375,1049.40673828125,1495274
2016-02-02,1204.5,1216.5,1189.8499755859375,1199.050048828125,1047.39794921875,1475588
2016-02-03,1193.75,1214.949951171875,1180.1500244140625,1208.1500244140625,1055.346923828125,1308692
2016-02-04,1210.949951171875,1220.0,1201.0,1210.0250244140625,1056.984619140625,1250046
2016-02-05,1204.050048828125,1219.9749755859375,1204.050048828125,1210.9749755859375,1057.814453125,1402996
2016-02-08,1200.0,1206.0250244140625,1173.5,1181.4749755859375,1032.0458984375,1063658
2016-02-09,1166.800048828125,1166.800048828125,1127.800048828125,1140.699951171875,996.4277954101562,2489610
2016-02-10,1137.5,1144.949951171875,1129.050048828125,1134.4000244140625,990.9246826171875,1890732
2016-02-11,1140.0,1144.5,1085.824951171875,1098.9749755859375,959.9798583984375,1962408
2016-02-12,1100.0,1121.699951171875,1082.0,1113.300048828125,972.4930419921875,2172568
2016-02-15,1125.0,1153.425048828125,1120.0,1134.574951171875,991.0775146484375,2479712
2016-02-16,1133.0,1141.0,1121.5,1132.7750244140625,989.5049438476562,1588702
2016-02-17,1132.5,1139.824951171875,1123.199951171875,1137.7750244140625,993.87255859375,1585178
2016-02-18,1142.5,1159.875,1139.0,1157.925048828125,1011.4741821289062,1529140
2016-02-19,1153.675048828125,1163.5,1152.7249755859375,1159.824951171875,1013.1337890625,879012
2016-02-22,1160.125,1171.5,1152.5,1157.949951171875,1011.4959716796875,1324884
2016-02-23,1155.125,1159.949951171875,1128.375,1132.0,988.8280639648438,1306852
2016-02-24,1131.2249755859375,1131.2249755859375,1100.5999755859375,1105.4749755859375,965.6577758789062,1659328
2016-02-25,1109.9000244140625,1114.0,1092.824951171875,1106.425048828125,966.48779296875,1830556
2016-02-26,1114.8499755859375,1128.449951171875,1099.800048828125,1105.25,965.4614868164062,1537536
2016-02-29,1118.5,1118.5,1057.5,1088.4000244140625,950.7421875,2191718
2016-03-01,1096.5,1142.550048828125,1081.0,1138.324951171875,994.3533325195312,1999760
2016-03-02,1152.5,1165.0,1128.125,1159.425048828125,1012.7844848632812,1527486
2016-03-03,1168.0,1195.5,1150.5,1186.574951171875,1036.50048828125,2648284
2016-03-04,1190.0,1190.0,1174.7750244140625,1178.7750244140625,1029.6871337890625,1512966
2016-03-08,1171.050048828125,1183.5,1152.0999755859375,1177.1500244140625,1028.2674560546875,1268152
2016-03-09,1170.5,1184.699951171875,1147.574951171875,1178.625,1029.5560302734375,2017784
2016-03-10,1178.0250244140625,1179.925048828125,1157.4749755859375,1174.1500244140625,1025.64697265625,1661666
2016-03-11,1170.0,1195.425048828125,1167.5,1182.625,1033.0501708984375,1530528
2016-03-14,1181.0,1199.0,1170.0,1177.5,1028.5732421875,1636742
2016-03-15,1174.5250244140625,1181.75,1160.050048828125,1164.949951171875,1017.610595703125,1623356
2016-03-16,1157.5,1166.0,1153.449951171875,1163.5250244140625,1016.3656005859375,1918246
2016-03-17,1167.0,1180.9000244140625,1166.0,1176.0250244140625,1027.28515625,2221088
2016-03-18,1180.0,1215.0,1180.0,1212.925048828125,1059.5181884765625,3204070
2016-03-21,1213.0,1227.4749755859375,1210.0,1223.125,1068.427978515625,2336982
2016-03-22,1221.0,1242.5,1218.25,1236.550048828125,1080.1549072265625,1951984
2016-03-23,1243.949951171875,1243.949951171875,1228.6500244140625,1236.9000244140625,1080.4605712890625,2278434
2016-03-28,1245.5,1258.574951171875,1230.7750244140625,1236.699951171875,1080.2857666015625,3320882
2016-03-29,1239.0,1243.4749755859375,1227.5,1234.699951171875,1078.5389404296875,1838796
2016-03-30,1235.449951171875,1252.5,1230.0,1244.75,1087.317626953125,2136504
2016-03-31,1239.1500244140625,1275.0,1236.074951171875,1260.1500244140625,1100.77001953125,4363964
2016-04-01,1252.5,1260.425048828125,1217.050048828125,1226.949951171875,1071.7686767578125,3041400
2016-04-04,1228.0,1244.0,1223.5,1235.625,1079.3470458984375,1752352
2016-04-05,1235.4000244140625,1242.449951171875,1221.0250244140625,1231.375,1075.6343994140625,1491794
2016-04-06,1235.0,1244.5,1229.675048828125,1240.949951171875,1083.998046875,1763150
2016-04-07,1240.0,1242.3499755859375,1228.5,1235.4000244140625,1079.150390625,2390942
2016-04-08,1233.0,1236.8499755859375,1213.5,1216.0250244140625,1062.225830078125,1399500
2016-04-11,1216.5,1258.5,1206.5,1253.324951171875,1094.808349609375,2400648
2016-04-12,1249.0,1262.5,1244.050048828125,1259.074951171875,1099.8311767578125,1303628
2016-04-13,1265.0,1272.5,1256.25,1263.0999755859375,1103.3468017578125,1601468
2016-04-18,1226.5,1276.75,1220.0,1259.875,1100.530029296875,7121504
2016-04-20,1267.449951171875,1267.449951171875,1220.0,1225.175048828125,1070.2183837890625,6405024
2016-04-21,1225.5,1233.699951171875,1206.0999755859375,1212.199951171875,1058.8843994140625,2525724
2016-04-22,1209.5,1217.699951171875,1202.0999755859375,1208.5250244140625,1055.6744384765625,1964126
2016-04-25,1201.1500244140625,1228.5250244140625,1201.1500244140625,1225.625,1070.61181640625,2267654
2016-04-26,1224.5,1246.75,1221.0,1244.9000244140625,1087.448974609375,2554368
2016-04-27,1240.0,1257.300048828125,1237.949951171875,1255.550048828125,1096.7518310546875,1848670
2016-04-28,1250.6500244140625,1270.0,1249.050048828125,1263.875,1104.0240478515625,4992744
2016-04-29,1258.5,1271.0,1255.0,1267.75,1107.4085693359375,2372178
2016-05-02,1264.5,1265.0,1250.0,1263.3499755859375,1103.564697265625,1116692
2016-05-03,1262.5,1265.0,1236.0,1239.050048828125,1082.338623046875,2153118
2016-05-04,1236.949951171875,1247.0250244140625,1228.5,1239.0,1082.2950439453125,1364892
2016-05-05,1239.0,1244.9749755859375,1231.7750244140625,1235.1500244140625,1078.9320068359375,1246566
2016-05-06,1232.5,1242.1500244140625,1215.5,1236.699951171875,1080.2857666015625,885598
2016-05-09,1236.699951171875,1259.0,1228.199951171875,1256.2750244140625,1097.38525390625,1821276
2016-05-10,1257.5,1266.9749755859375,1248.0,1261.449951171875,1101.905517578125,1158534
2016-05-11,1250.0,1262.800048828125,1245.0,1259.1500244140625,1099.896484375,1598716
2016-05-12,1260.2750244140625,1284.949951171875,1260.2750244140625,1283.0999755859375,1120.8173828125,1513082
2016-05-13,1282.5,1283.0,1255.074951171875,1261.699951171875,1102.1240234375,1621730
2016-05-16,1269.0,1282.4000244140625,1261.25,1275.574951171875,1114.2442626953125,1111526
2016-05-17,1282.0999755859375,1295.625,1276.0,1285.0999755859375,1122.564453125,1756698
2016-05-18,1282.925048828125,1282.925048828125,1263.0250244140625,1275.550048828125,1114.2220458984375,1500740
2016-05-19,1277.5,1280.0,1263.050048828125,1278.4749755859375,1116.777587890625,1038792
2016-05-20,1271.1500244140625,1282.9000244140625,1261.4000244140625,1264.6500244140625,1104.7008056640625,1230918
2016-05-23,1272.0,1272.949951171875,1240.0999755859375,1245.7249755859375,1088.1693115234375,1533016
2016-05-24,1242.0,1244.125,1229.800048828125,1233.8499755859375,1077.7967529296875,1339158
2016-05-25,1240.5,1266.4749755859375,1240.5,1263.2249755859375,1103.455810546875,1548678
2016-05-26,1265.0,1282.449951171875,1252.550048828125,1274.3499755859375,1113.174560546875,1943248
2016-05-27,1276.574951171875,1289.925048828125,1275.300048828125,1286.324951171875,1123.634521484375,1104676
2016-05-30,1291.5,1320.9749755859375,1291.0,1318.199951171875,1151.47802734375,1349464
2016-05-31,1320.0,1323.5,1281.0,1284.699951171875,1122.2149658203125,3722608
2016-06-01,1285.5999755859375,1322.5,1285.5,1316.7750244140625,1150.233642578125,1911942
2016-06-02,1300.0,1327.1500244140625,1300.0,1325.074951171875,1157.483642578125,1408756
2016-06-03,1325.699951171875,1329.0,1310.25,1314.7750244140625,1148.486083984375,1554922
2016-06-06,1310.25,1319.5,1301.5999755859375,1306.25,1152.87744140625,1322026
2016-06-07,1307.0,1319.5,1306.5,1315.574951171875,1161.1072998046875,1202194
2016-06-08,1308.625,1314.2750244140625,1302.75,1306.550048828125,1153.1417236328125,938266
2016-06-09,1311.199951171875,1311.199951171875,1277.5999755859375,1288.625,1137.321533203125,1562138
2016-06-10,1283.0,1301.625,1276.5999755859375,1277.875,1127.8338623046875,1396832
2016-06-13,1270.0,1276.675048828125,1259.0,1273.5,1123.9727783203125,1029978
2016-06-14,1279.4749755859375,1279.4749755859375,1259.125,1267.425048828125,1118.6109619140625,977570
2016-06-15,1265.0,1282.449951171875,1261.0,1278.425048828125,1128.3194580078125,1270844
2016-06-16,1272.7750244140625,1282.3499755859375,1258.2249755859375,1279.1500244140625,1128.958984375,1145070
2016-06-17,1279.5,1305.0,1279.5,1301.300048828125,1148.5084228515625,1878988
2016-06-20,1301.300048828125,1334.0,1295.9000244140625,1329.6500244140625,1173.5299072265625,1872838
2016-06-21,1331.75,1332.5,1320.699951171875,1325.5999755859375,1169.955322265625,1027690
2016-06-22,1325.0,1338.8499755859375,1315.875,1333.824951171875,1177.214599609375,1761712
2016-06-23,1327.5,1329.75,1312.6500244140625,1322.675048828125,1167.3736572265625,1397014
2016-06-24,1282.574951171875,1296.5999755859375,1257.074951171875,1286.9749755859375,1135.865234375,3766586
2016-06-27,1273.5,1273.5,1241.324951171875,1247.925048828125,1101.4000244140625,4272566
2016-06-28,1247.925048828125,1251.449951171875,1229.199951171875,1231.9749755859375,1087.3228759765625,4499524
2016-06-29,1237.5,1256.25,1232.6500244140625,1251.449951171875,1104.5115966796875,2531264
2016-06-30,1261.0,1281.449951171875,1250.175048828125,1276.550048828125,1126.664306640625,5121812
2016-07-01,1281.0,1282.300048828125,1247.175048828125,1250.425048828125,1103.6068115234375,2197296
2016-07-04,1258.0,1262.925048828125,1241.0,1247.0999755859375,1100.67236328125,1883484
2016-07-05,1247.0999755859375,1248.5250244140625,1238.574951171875,1242.6500244140625,1096.74462890625,1559748
2016-07-07,1243.8499755859375,1245.925048828125,1212.5,1214.9000244140625,1072.2528076171875,3316800
2016-07-08,1217.5,1221.0250244140625,1201.75,1213.300048828125,1070.84033203125,2456356
2016-07-11,1215.0,1235.9000244140625,1213.5,1232.074951171875,1087.4111328125,1543632
2016-07-12,1235.8499755859375,1237.5,1217.925048828125,1232.4749755859375,1087.7640380859375,1465536
2016-07-13,1239.0,1249.625,1225.625,1246.550048828125,1100.186767578125,2102300
2016-07-14,1243.0,1264.5,1235.5,1260.949951171875,1112.8961181640625,2699988
2016-07-15,1258.5,1263.9000244140625,1213.2750244140625,1222.675048828125,1079.11474609375,8336366
2016-07-18,1223.5,1234.5,1215.300048828125,1216.7249755859375,1073.863525390625,2598850
2016-07-19,1213.75,1236.4000244140625,1213.75,1233.0999755859375,1088.31591796875,2362896
2016-07-20,1225.0,1251.25,1224.074951171875,1247.4749755859375,1101.0029296875,2815252
2016-07-21,1244.75,1259.75,1232.2249755859375,1253.0250244140625,1105.9014892578125,2527148
2016-07-22,1249.449951171875,1262.0,1246.0,1257.550048828125,1109.8951416015625,1517216
2016-07-25,1256.0,1281.5999755859375,1252.9000244140625,1279.4749755859375,1132.172119140625,1688796
2016-07-26,1279.4749755859375,1284.0,1266.5,1276.300048828125,1129.362548828125,2311290
2016-07-27,1277.5,1290.199951171875,1272.5,1288.7750244140625,1140.401123046875,1750510
2016-07-28,1290.25,1314.7750244140625,1288.5250244140625,1309.625,1158.8505859375,4632080
2016-07-29,1307.0,1317.449951171875,1299.5,1309.6500244140625,1158.873046875,2488084
2016-08-01,1316.0,1362.5,1316.0,1354.125,1198.2275390625,3961704
2016-08-02,1351.449951171875,1357.8499755859375,1344.9000244140625,1349.5999755859375,1194.2235107421875,2578162
2016-08-03,1343.0,1349.5,1324.5250244140625,1328.1500244140625,1175.242919921875,2294702
2016-08-04,1335.0,1341.4749755859375,1318.125,1326.0,1173.3404541015625,1415416
2016-08-05,1336.949951171875,1342.1500244140625,1316.0,1324.550048828125,1172.0576171875,1868484
2016-08-08,1320.0,1334.0,1314.5250244140625,1324.75,1172.234619140625,2058244
2016-08-09,1329.0,1329.9000244140625,1289.425048828125,1325.0999755859375,1172.5438232421875,2261914
2016-08-10,1325.5,1341.0,1324.0,1337.699951171875,1183.693359375,2062078
2016-08-11,1332.7750244140625,1357.5,1332.7750244140625,1354.949951171875,1198.9578857421875,2233138
2016-08-12,1352.5,1372.4000244140625,1351.0250244140625,1369.2249755859375,1211.589599609375,2327358
2016-08-16,1369.0,1370.0,1336.925048828125,1345.8499755859375,1190.9051513671875,3183754
2016-08-17,1349.5,1349.5,1309.0,1312.2750244140625,1161.19580078125,1848566
2016-08-18,1317.5,1328.7750244140625,1315.050048828125,1319.2750244140625,1167.3900146484375,1292064
2016-08-19,1320.0,1323.2249755859375,1300.0,1301.75,1151.882568359375,2416244
2016-08-22,1294.0,1297.2249755859375,1268.1500244140625,1274.3499755859375,1127.63720703125,2265274
2016-08-23,1272.4749755859375,1302.4749755859375,1270.0999755859375,1300.5250244140625,1150.7982177734375,1503374
2016-08-24,1294.9000244140625,1301.0,1284.5250244140625,1286.0250244140625,1137.9678955078125,1116878
2016-08-25,1290.0,1294.8499755859375,1263.0,1275.5250244140625,1128.676513671875,1939690
2016-08-26,1279.9000244140625,1286.2750244140625,1258.5999755859375,1262.4749755859375,1117.1287841796875,1250314
2016-08-29,1267.4749755859375,1267.4749755859375,1233.375,1250.2750244140625,1106.333740234375,1488728
2016-08-30,1255.0,1274.9000244140625,1250.625,1272.074951171875,1125.6236572265625,1444026
2016-08-31,1275.0,1275.0,1250.425048828125,1255.6500244140625,1111.089599609375,3231668
2016-09-01,1262.449951171875,1267.4749755859375,1243.5250244140625,1253.75,1109.4083251953125,1345736
2016-09-02,1256.0,1259.699951171875,1248.0250244140625,1257.4000244140625,1112.6383056640625,1742330
2016-09-06,1259.949951171875,1260.074951171875,1240.0,1242.0250244140625,1099.0335693359375,2239066
2016-09-07,1249.8499755859375,1249.8499755859375,1211.5,1220.2750244140625,1079.787353515625,3854040
2016-09-08,1180.0,1180.0,1142.375,1161.050048828125,1027.380859375,7021516
2016-09-09,1164.8499755859375,1183.324951171875,1160.0250244140625,1176.2249755859375,1040.8089599609375,2742438
2016-09-12,1168.5,1181.9749755859375,1162.0,1179.5250244140625,1043.728759765625,2024454
2016-09-14,1181.0,1188.800048828125,1155.0,1164.2249755859375,1030.1904296875,2069858
2016-09-15,1169.9749755859375,1171.050048828125,1158.375,1163.4749755859375,1029.52685546875,2818964
2016-09-16,1168.3499755859375,1188.0,1160.0,1180.8499755859375,1044.9014892578125,4358004
2016-09-19,1182.5,1213.5,1175.0,1205.7249755859375,1066.91259765625,2802546
2016-09-20,1205.5,1208.449951171875,1192.699951171875,1203.25,1064.72265625,1184552
2016-09-21,1203.8499755859375,1212.0,1200.3499755859375,1206.699951171875,1067.7755126953125,1678020
2016-09-22,1212.625,1214.0,1185.550048828125,1189.0,1052.11279296875,2857574
2016-09-23,1191.0,1201.925048828125,1185.574951171875,1199.050048828125,1061.0059814453125,1800726
2016-09-26,1200.550048828125,1209.550048828125,1197.5,1200.550048828125,1062.3333740234375,1753476
2016-09-27,1200.550048828125,1224.0,1200.550048828125,1218.050048828125,1077.8187255859375,2038792
2016-09-28,1215.5,1218.75,1207.5999755859375,1211.5250244140625,1072.044921875,1731328
2016-09-29,1217.5,1228.25,1209.800048828125,1218.9000244140625,1078.57080078125,3603958
2016-09-30,1218.5250244140625,1224.9000244140625,1211.550048828125,1215.4000244140625,1075.4736328125,2175364
2016-10-03,1225.0,1228.824951171875,1200.550048828125,1205.8499755859375,1067.0230712890625,1818880
2016-10-04,1210.0,1212.5250244140625,1199.0,1202.574951171875,1064.1251220703125,1780718
2016-10-05,1204.0,1207.699951171875,1188.050048828125,1193.175048828125,1055.8077392578125,1176354
2016-10-06,1197.5,1201.199951171875,1186.375,1194.375,1056.869384765625,2267572
2016-10-07,1194.0,1194.0,1179.0999755859375,1183.9000244140625,1047.5999755859375,1816512
2016-10-10,1184.949951171875,1193.449951171875,1177.5250244140625,1190.1500244140625,1053.1307373046875,1202142
2016-10-13,1181.6500244140625,1184.949951171875,1160.449951171875,1164.449951171875,1030.389404296875,5173334
2016-10-14,1157.5,1193.5,1145.5,1183.0999755859375,1046.8922119140625,7741214
2016-10-17,1184.449951171875,1187.9000244140625,1172.199951171875,1181.2249755859375,1045.233154296875,2728346
2016-10-18,1188.0,1207.8499755859375,1177.4000244140625,1200.0999755859375,1061.9349365234375,2128632
2016-10-19,1200.5,1205.0,1185.1500244140625,1197.550048828125,1059.6788330078125,1985058
2016-10-20,1198.449951171875,1204.675048828125,1193.0,1200.574951171875,1062.355224609375,1265854
2016-10-21,1200.0,1215.949951171875,1199.125,1214.324951171875,1074.5225830078125,1259660
2016-10-24,1214.0999755859375,1217.449951171875,1201.2750244140625,1213.8499755859375,1076.984619140625,1253190
2016-10-25,1202.5,1207.300048828125,1190.5,1199.2249755859375,1064.0084228515625,1772466
2016-10-26,1199.300048828125,1201.375,1186.25,1198.125,1063.032470703125,1437130
2016-10-27,1189.8499755859375,1214.75,1182.75,1209.050048828125,1072.725830078125,2941602
2016-10-28,1205.0,1207.550048828125,1194.0,1199.3499755859375,1064.1195068359375,1752102
2016-11-01,1199.8499755859375,1199.8499755859375,1167.074951171875,1175.0,1042.5152587890625,2934776
2016-11-02,1170.5,1172.0,1147.5,1152.0250244140625,1022.1301879882812,2325076
2016-11-03,1147.0,1167.5,1142.25,1159.7249755859375,1028.9620361328125,1463310
2016-11-04,1160.0,1168.074951171875,1147.0,1165.2750244140625,1033.8863525390625,1183752
2016-11-07,1168.949951171875,1172.449951171875,1130.0250244140625,1138.5250244140625,1010.1530151367188,2048052
2016-11-08,1140.2249755859375,1153.5,1130.0,1141.5999755859375,1012.8806762695312,1933634
2016-11-09,1090.0,1137.5,1071.425048828125,1084.925048828125,962.5963134765625,4500226
2016-11-10,1102.4000244140625,1108.75,1070.4000244140625,1077.7249755859375,956.2079467773438,2172426
2016-11-11,1073.5250244140625,1073.5250244140625,1043.0999755859375,1050.574951171875,932.119384765625,2398424
2016-11-15,1058.449951171875,1078.7750244140625,1025.949951171875,1060.6500244140625,941.058349609375,6290324
2016-11-16,1072.550048828125,1104.449951171875,1069.0,1094.800048828125,971.3578491210938,4019958
2016-11-17,1092.5,1104.300048828125,1065.074951171875,1068.5999755859375,948.1117553710938,2504688
2016-11-18,1071.0,1075.0,1052.0999755859375,1062.550048828125,942.744140625,2140534
2016-11-21,1063.0999755859375,1070.0,1052.5,1066.449951171875,946.204345703125,1793366
2016-11-22,1066.0,1088.7249755859375,1061.0250244140625,1067.5,947.1360473632812,1318860
2016-11-23,1074.5,1081.4749755859375,1063.5999755859375,1078.175048828125,956.6074829101562,1275808
2016-11-24,1077.449951171875,1103.800048828125,1068.5,1094.2249755859375,970.8477172851562,3026234
2016-11-25,1106.0,1153.625,1096.0999755859375,1150.175048828125,1020.4889526367188,4276148
2016-11-28,1147.0,1159.7249755859375,1125.949951171875,1141.300048828125,1012.6151123046875,1924296
2016-11-29,1137.5,1146.0,1126.2750244140625,1129.925048828125,1002.5225830078125,1442296
2016-11-30,1132.5,1147.375,1121.1500244140625,1138.0250244140625,1009.7091064453125,3445832
2016-12-01,1138.5,1145.0,1127.0250244140625,1131.7249755859375,1004.119384765625,1123052
2016-12-02,1129.0,1135.4000244140625,1102.5999755859375,1110.925048828125,985.6647338867188,1998032
2016-12-05,1114.5,1118.925048828125,1085.0,1093.0,969.760986328125,2249526
2016-12-06,1095.0,1101.9749755859375,1084.949951171875,1091.175048828125,968.1414184570312,1593444
2016-12-07,1091.0999755859375,1092.2249755859375,1072.824951171875,1077.2750244140625,955.808837890625,2065706
2016-12-08,1080.25,1099.5,1080.0,1097.875,974.086181640625,3239546
2016-12-09,1102.5,1109.949951171875,1086.6500244140625,1097.625,973.8642578125,1588718
2016-12-12,1097.4000244140625,1108.800048828125,1081.5,1104.0999755859375,979.6094970703125,1311758
2016-12-13,1109.0,1109.0,1091.5,1100.1500244140625,976.1046752929688,2147534
2016-12-14,1107.0,1112.3499755859375,1094.5,1103.800048828125,979.343017578125,1870366
2016-12-15,1101.0,1136.050048828125,1101.0,1129.6500244140625,1002.278564453125,4295410
2016-12-16,1138.5,1145.0,1126.0,1141.324951171875,1012.6367797851562,1987230
2016-12-19,1140.0,1148.8499755859375,1130.6500244140625,1144.449951171875,1015.4093017578125,1334210
2016-12-20,1146.0,1172.5,1143.5250244140625,1169.6500244140625,1037.768310546875,2922760
2016-12-21,1171.9000244140625,1171.9000244140625,1152.800048828125,1156.800048828125,1026.366943359375,2034902
2016-12-22,1153.0,1162.5,1143.0999755859375,1153.8499755859375,1023.7498168945312,1868300
2016-12-23,1150.0,1158.875,1139.4000244140625,1144.050048828125,1015.0546875,1118954
2016-12-26,1133.0,1150.800048828125,1133.0,1146.550048828125,1017.2726440429688,897408
2016-12-27,1140.75,1165.0,1140.75,1161.699951171875,1030.7144775390625,1294692
2016-12-28,1163.3499755859375,1174.949951171875,1151.574951171875,1156.699951171875,1026.2781982421875,1350418
2016-12-29,1151.5,1179.949951171875,1151.5,1175.8499755859375,1043.269287109375,1963516
2016-12-30,1177.449951171875,1189.300048828125,1172.824951171875,1182.7750244140625,1049.413330078125,1405748
2017-01-02,1183.300048828125,1187.550048828125,1176.199951171875,1180.675048828125,1047.5501708984375,823132
2017-01-03,1180.625,1185.8499755859375,1171.6500244140625,1184.125,1050.6109619140625,1475324
2017-01-04,1184.8499755859375,1194.425048828125,1179.1500244140625,1189.75,1055.60205078125,1420066
2017-01-05,1192.0,1194.9749755859375,1160.199951171875,1167.199951171875,1035.594482421875,2216404
2017-01-06,1160.5,1164.675048828125,1128.550048828125,1140.699951171875,1012.082275390625,3009896
2017-01-09,1137.5,1155.6500244140625,1128.5,1151.8499755859375,1021.9754028320312,1854578
2017-01-10,1152.0,1164.9000244140625,1145.75,1157.675048828125,1027.143310546875,1533914
2017-01-11,1157.5,1164.800048828125,1140.0999755859375,1162.199951171875,1031.1580810546875,1931296
2017-01-12,1162.199951171875,1180.0,1152.0,1172.175048828125,1040.0086669921875,2570374
2017-01-13,1174.0,1178.9749755859375,1118.925048828125,1124.6500244140625,997.842041015625,10235580
2017-01-16,1125.0,1136.949951171875,1114.0,1129.2750244140625,1001.945556640625,3364808
2017-01-17,1127.449951171875,1143.9000244140625,1126.4000244140625,1139.375,1010.9071044921875,3009956
2017-01-18,1139.0,1149.0,1132.7249755859375,1147.550048828125,1018.1600952148438,3136574
2017-01-19,1147.5,1147.574951171875,1141.4749755859375,1145.5,1016.3409423828125,2251676
2017-01-20,1143.5,1150.0,1132.5,1142.675048828125,1013.8349609375,2037246
2017-01-23,1132.5,1156.75,1129.9000244140625,1153.3499755859375,1026.2247314453125,2318546
2017-01-24,1152.0,1161.5,1145.0,1159.175048828125,1031.40771484375,2282638
2017-01-25,1161.300048828125,1180.0,1159.0250244140625,1176.5,1046.82275390625,4111648
2017-01-27,1172.5250244140625,1189.375,1172.5250244140625,1178.9000244140625,1048.9586181640625,2871658
2017-01-30,1170.5,1175.9749755859375,1159.074951171875,1166.449951171875,1037.8809814453125,2577956
2017-01-31,1160.0,1166.0250244140625,1100.0250244140625,1114.9000244140625,992.0130004882812,4666804
2017-02-01,1110.0,1119.9749755859375,1077.7750244140625,1083.949951171875,964.474609375,4864152
2017-02-02,1085.0250244140625,1109.5,1076.5,1103.824951171875,982.15869140625,6009482
2017-02-03,1104.8499755859375,1121.5,1095.5,1116.2750244140625,993.236328125,2153372
2017-02-06,1129.0,1129.25,1107.4749755859375,1120.375,996.88427734375,2408910
2017-02-07,1122.0,1126.300048828125,1113.0,1122.300048828125,998.5973510742188,1814638
2017-02-08,1122.449951171875,1141.300048828125,1122.0250244140625,1135.4749755859375,1010.3203125,2212584
2017-02-09,1137.5,1164.0,1135.0999755859375,1158.6500244140625,1030.940673828125,4033202
2017-02-10,1155.5,1212.2249755859375,1155.5,1198.9749755859375,1066.821044921875,5782160
2017-02-13,1198.0,1214.5,1191.175048828125,1207.125,1074.07275390625,3819812
2017-02-14,1209.824951171875,1209.824951171875,1199.0,1203.125,1070.5137939453125,2033328
2017-02-15,1198.5,1214.0,1187.550048828125,1206.8499755859375,1073.8282470703125,1924972
2017-02-16,1230.0,1239.0,1217.800048828125,1223.875,1088.976318359375,4175680
2017-02-17,1236.0,1237.800048828125,1201.0,1203.949951171875,1071.2476806640625,2723324
2017-02-20,1212.5,1277.5,1204.050048828125,1251.0999755859375,1113.2003173828125,3973948
2017-02-21,1257.0,1262.949951171875,1227.574951171875,1232.675048828125,1096.806640625,5501112
2017-02-22,1232.949951171875,1235.0,1200.074951171875,1205.75,1072.84912109375,4505496
2017-02-23,1207.5,1246.625,1207.5,1240.9000244140625,1104.1248779296875,4853352
2017-02-27,1239.550048828125,1251.0,1235.0250244140625,1244.925048828125,1107.7064208984375,2139892
2017-02-28,1244.75,1245.0,1225.0,1233.125,1097.2069091796875,2354828
2017-03-01,1239.949951171875,1250.949951171875,1235.0,1239.7750244140625,1103.1239013671875,1130374
2017-03-02,1243.3499755859375,1255.0,1235.0250244140625,1250.7249755859375,1112.8671875,1544942
2017-03-03,1246.0,1249.8499755859375,1237.699951171875,1247.0250244140625,1109.574951171875,1013970
2017-03-06,1240.0,1242.0,1227.2750244140625,1236.25,1099.9873046875,1400694
2017-03-07,1241.449951171875,1252.5,1237.5250244140625,1249.9000244140625,1112.132568359375,1511672
2017-03-08,1251.0,1260.0,1246.0999755859375,1256.0999755859375,1117.6494140625,1791510
2017-03-09,1257.074951171875,1262.0,1252.0250244140625,1259.875,1121.008544921875,858468
2017-03-10,1259.800048828125,1274.7750244140625,1256.9749755859375,1271.125,1131.0185546875,1171420
2017-03-14,1278.4000244140625,1293.574951171875,1275.5250244140625,1283.75,1142.251953125,3402294
2017-03-15,1286.0,1286.074951171875,1246.925048828125,1249.1500244140625,1111.4654541015625,3022496
2017-03-16,1253.0,1263.5,1253.0,1260.449951171875,1121.5201416015625,1571818
2017-03-17,1273.0,1273.0,1254.875,1262.875,1123.677734375,2593152
2017-03-20,1262.9749755859375,1262.9749755859375,1233.0,1240.0,1103.32421875,3487540
2017-03-21,1241.0,1246.0,1232.5,1243.3499755859375,1106.3050537109375,3373700
2017-03-22,1240.074951171875,1248.0,1234.9749755859375,1239.4749755859375,1102.8572998046875,1888716
2017-03-23,1241.0,1242.5250244140625,1223.5999755859375,1230.175048828125,1094.5819091796875,2620638
2017-03-24,1234.9000244140625,1234.9000244140625,1211.6500244140625,1213.5999755859375,1079.8338623046875,5099814
2017-03-27,1213.4749755859375,1220.0,1203.0,1206.0250244140625,1073.09375,2181270
2017-03-28,1205.0,1221.699951171875,1205.0,1214.9749755859375,1081.057373046875,1153158
2017-03-29,1218.0,1225.4000244140625,1212.800048828125,1222.300048828125,1087.5750732421875,1717764
2017-03-30,1222.449951171875,1232.5,1217.5,1220.5,1085.9732666015625,2986086
2017-03-31,1219.199951171875,1220.425048828125,1207.5,1215.9000244140625,1081.880615234375,1867044
2017-04-03,1217.5,1217.5,1204.0999755859375,1205.8499755859375,1072.9381103515625,1196888
2017-04-05,1209.949951171875,1209.949951171875,1197.5,1200.625,1068.2889404296875,2905568
2017-04-06,1200.0,1205.0,1196.2750244140625,1200.0250244140625,1067.75537109375,1720704
2017-04-07,1197.449951171875,1216.625,1196.074951171875,1214.5250244140625,1080.6572265625,2277012
2017-04-10,1216.0,1224.5,1202.5,1211.125,1077.6314697265625,2543264
2017-04-11,1208.6500244140625,1221.550048828125,1203.0,1209.6500244140625,1076.3194580078125,1557784
2017-04-12,1211.25,1214.0,1191.5,1196.625,1064.729736328125,1050538
2017-04-13,1200.0,1204.5,1160.5250244140625,1164.324951171875,1035.990234375,2500472
2017-04-17,1165.199951171875,1166.449951171875,1147.574951171875,1157.425048828125,1029.8504638671875,2270882
2017-04-18,1165.0,1167.0999755859375,1151.0250244140625,1154.4000244140625,1027.1590576171875,1730620
2017-04-19,1131.75,1174.3499755859375,1126.4000244140625,1149.574951171875,1022.8662109375,5626812
2017-04-20,1152.6500244140625,1166.0,1145.4749755859375,1162.75,1034.5887451171875,1268842
2017-04-21,1164.550048828125,1167.824951171875,1150.5,1155.4000244140625,1028.0489501953125,1161154
2017-04-24,1150.0,1169.824951171875,1141.25,1164.050048828125,1035.74560546875,2000020
2017-04-25,1164.0,1172.2249755859375,1151.3499755859375,1155.75,1028.3604736328125,3148710
2017-04-26,1170.0,1171.9749755859375,1151.5250244140625,1155.175048828125,1027.8487548828125,2187438
2017-04-27,1153.0250244140625,1163.9000244140625,1138.824951171875,1151.324951171875,1024.423095703125,5773186
2017-04-28,1147.0,1149.375,1134.0,1136.574951171875,1011.2987060546875,2540510
2017-05-02,1147.0,1151.0,1140.0,1144.949951171875,1018.7508544921875,2382696
2017-05-03,1147.5,1172.5,1134.25,1168.6500244140625,1039.838623046875,3514406
2017-05-04,1174.9749755859375,1175.0,1154.4000244140625,1165.050048828125,1036.6353759765625,2708208
2017-05-05,1154.0,1166.25,1151.25,1160.25,1032.3646240234375,1682474
2017-05-08,1160.5,1173.699951171875,1158.8499755859375,1171.2249755859375,1042.1297607421875,1071782
2017-05-09,1171.9749755859375,1180.5,1166.2750244140625,1176.2750244140625,1046.623046875,1790270
2017-05-10,1177.5,1178.074951171875,1158.0,1166.2249755859375,1037.6805419921875,1206388
2017-05-11,1173.6500244140625,1180.0,1161.375,1174.7249755859375,1045.2440185546875,2071302
2017-05-12,1171.6500244140625,1184.949951171875,1160.0250244140625,1180.324951171875,1050.2264404296875,2314446
2017-05-15,1187.550048828125,1188.9749755859375,1170.800048828125,1182.550048828125,1052.2071533203125,1817604
2017-05-16,1190.0,1217.5,1186.7249755859375,1214.574951171875,1080.70166015625,3601026
2017-05-17,1216.75,1230.375,1211.5,1227.675048828125,1092.3575439453125,2876198
2017-05-18,1225.0,1286.0,1221.125,1268.0999755859375,1128.3267822265625,5138594
2017-05-19,1268.0999755859375,1270.2750244140625,1243.0,1253.574951171875,1115.40283203125,1786044
2017-05-22,1255.0,1276.875,1255.0,1265.675048828125,1126.169189453125,1663940
2017-05-23,1266.5999755859375,1282.074951171875,1257.0,1260.8499755859375,1121.8759765625,2748596
2017-05-24,1267.4000244140625,1285.0,1264.824951171875,1279.574951171875,1138.5369873046875,2534548
2017-05-25,1288.5,1318.7750244140625,1284.0,1312.300048828125,1167.6552734375,4094094
2017-05-26,1312.5,1313.425048828125,1282.324951171875,1289.125,1147.0341796875,1362550
2017-05-29,1289.5,1298.25,1282.0,1286.425048828125,1144.632080078125,1749290
2017-05-30,1280.0,1287.9749755859375,1262.5,1275.550048828125,1134.955810546875,927634
2017-05-31,1266.5,1286.25,1264.0,1273.300048828125,1132.9539794921875,2502730
2017-06-01,1265.0,1282.0,1265.0,1276.800048828125,1136.0677490234375,1080064
2017-06-02,1278.125,1295.925048828125,1276.25,1282.449951171875,1141.09521484375,1355648
2017-06-05,1282.5,1309.949951171875,1280.074951171875,1301.9749755859375,1158.46826171875,1500188
2017-06-06,1315.5,1354.4749755859375,1315.0,1348.0,1199.420166015625,5946720
2017-06-07,1348.5,1350.0,1288.2750244140625,1307.625,1163.4949951171875,4927776
2017-06-08,1299.0,1302.4749755859375,1257.75,1260.800048828125,1121.83154296875,3330714
2017-06-09,1260.0,1273.699951171875,1243.0,1253.5,1115.3359375,3148034
2017-06-12,1248.5,1256.449951171875,1235.199951171875,1243.5999755859375,1106.5272216796875,1626506
2017-06-13,1232.5,1240.550048828125,1223.5,1225.7750244140625,1102.861083984375,1175414
2017-06-14,1227.5,1238.0,1227.5,1235.0999755859375,1111.2509765625,1489142
2017-06-15,1234.5,1234.8499755859375,1202.5,1205.5999755859375,1084.708984375,2997198
2017-06-16,1207.4749755859375,1217.5,1193.25,1199.8499755859375,1079.5355224609375,2450426
2017-06-19,1208.449951171875,1223.175048828125,1202.574951171875,1215.8499755859375,1093.9312744140625,1644742
2017-06-20,1215.5,1224.5,1190.1500244140625,1222.5,1099.9141845703125,1670958
2017-06-21,1220.0,1221.074951171875,1198.5999755859375,1203.1500244140625,1082.5045166015625,1657818
2017-06-22,1204.5,1215.5,1192.5,1197.425048828125,1077.3538818359375,5775882
2017-06-23,1199.699951171875,1206.9749755859375,1177.0,1180.8499755859375,1062.4407958984375,1424756
2017-06-27,1175.300048828125,1192.3499755859375,1165.800048828125,1171.425048828125,1053.9609375,1974330
2017-06-28,1174.949951171875,1179.0,1167.5,1175.0250244140625,1057.1998291015625,1789726
2017-06-29,1179.5,1186.0250244140625,1161.550048828125,1166.625,1049.6422119140625,2471826
2017-06-30,1162.199951171875,1188.5,1161.550048828125,1181.175048828125,1062.7332763671875,1753848
2017-07-03,1178.699951171875,1191.5250244140625,1171.550048828125,1186.800048828125,1067.7943115234375,1475956
2017-07-04,1186.6500244140625,1190.2249755859375,1175.0250244140625,1183.425048828125,1064.7574462890625,1215134
2017-07-05,1180.4000244140625,1182.5,1172.5,1178.0,1059.876708984375,815856
2017-07-06,1179.5,1180.949951171875,1170.050048828125,1173.7750244140625,1056.0751953125,1026788
2017-07-07,1175.0,1178.2249755859375,1162.75,1165.9749755859375,1049.0572509765625,1232090
2017-07-10,1203.0,1222.449951171875,1189.4749755859375,1217.4749755859375,1095.393310546875,783608
2017-07-11,1213.0,1257.4000244140625,1213.0,1237.9000244140625,1113.77001953125,3537504
2017-07-12,1241.25,1241.6500244140625,1215.050048828125,1219.7249755859375,1097.41748046875,2646450
2017-07-13,1222.5,1236.0,1213.300048828125,1223.199951171875,1100.543701171875,3131960
2017-07-14,1191.5,1212.5,1187.5,1198.7249755859375,1078.5234375,4508432
2017-07-17,1198.8499755859375,1211.050048828125,1191.0999755859375,1197.7249755859375,1077.6236572265625,2211822
2017-07-18,1198.074951171875,1221.5,1198.074951171875,1204.175048828125,1083.427001953125,1908002
2017-07-19,1207.75,1230.0,1207.550048828125,1224.800048828125,1101.9842529296875,3915576
2017-07-20,1224.625,1228.449951171875,1215.25,1222.3499755859375,1099.779296875,1182504
2017-07-21,1217.449951171875,1250.0,1217.2750244140625,1245.5999755859375,1120.6982421875,2148416
2017-07-24,1241.0,1270.0,1241.0,1265.3499755859375,1141.675537109375,2271402
2017-07-25,1262.875,1290.0,1259.199951171875,1285.75,1160.081787109375,2678832
2017-07-26,1280.0,1287.5,1273.5,1278.0,1153.0888671875,1459826
2017-07-27,1271.0999755859375,1292.4000244140625,1233.25,1240.8499755859375,1119.5701904296875,4255304
2017-07-28,1240.5,1246.5250244140625,1221.0,1242.1500244140625,1120.743408203125,1382752
2017-07-31,1235.5,1259.5,1231.5,1245.9000244140625,1124.1268310546875,2019662
2017-08-01,1250.0,1260.375,1245.5,1250.824951171875,1128.5699462890625,1747460
2017-08-02,1250.0,1254.0,1231.0,1236.9000244140625,1116.0062255859375,1251024
2017-08-03,1240.0,1251.0,1233.2249755859375,1244.7249755859375,1123.06640625,1882548
2017-08-04,1245.4000244140625,1264.1500244140625,1244.0,1261.4000244140625,1138.11181640625,1387890
2017-08-07,1258.25,1260.0,1240.5999755859375,1251.7249755859375,1129.38232421875,1885520
2017-08-08,1256.0,1264.300048828125,1248.1500244140625,1251.5250244140625,1129.2017822265625,1073958
2017-08-09,1250.0,1261.425048828125,1246.6500244140625,1256.0,1133.2393798828125,992946
2017-08-10,1254.5,1260.300048828125,1243.175048828125,1255.7249755859375,1132.990966796875,1526172
2017-08-11,1249.949951171875,1267.5,1241.5,1248.0250244140625,1126.043701171875,1394736
2017-08-14,1251.5,1254.949951171875,1231.5,1234.699951171875,1114.02099609375,786504
2017-08-16,1242.0,1271.9000244140625,1232.5999755859375,1246.175048828125,1124.3746337890625,1373340
2017-08-17,1250.3499755859375,1252.5,1231.050048828125,1242.824951171875,1121.3521728515625,1752374
2017-08-18,1237.0,1274.949951171875,1235.699951171875,1256.9000244140625,1134.0513916015625,2837356
2017-08-21,1252.75,1274.5,1247.1500244140625,1264.4000244140625,1140.818359375,2304834
2017-08-22,1261.5,1269.75,1246.0,1248.7750244140625,1126.720703125,1131326
2017-08-23,1252.5,1258.4000244140625,1236.574951171875,1244.7249755859375,1123.06640625,1562272
2017-08-24,1248.8499755859375,1258.9749755859375,1243.074951171875,1248.300048828125,1126.2923583984375,1623908
2017-08-28,1252.300048828125,1252.699951171875,1230.5,1243.6500244140625,1122.0968017578125,2036796
2017-08-29,1241.0,1248.0,1231.9749755859375,1235.425048828125,1114.6759033203125,1312602
2017-08-30,1240.5,1245.0,1230.050048828125,1242.2750244140625,1120.8558349609375,970782
2017-08-31,1242.5,1252.199951171875,1233.324951171875,1248.175048828125,1126.1790771484375,1784664
2017-09-01,1240.0,1249.0250244140625,1218.2750244140625,1228.2249755859375,1108.1793212890625,1702330
2017-09-04,1226.550048828125,1230.5,1219.0,1228.0999755859375,1108.06640625,1062544
2017-09-05,1230.0,1245.0,1218.5250244140625,1242.175048828125,1120.765380859375,1165994
2017-09-06,1234.074951171875,1237.425048828125,1225.0,1226.5999755859375,1106.712890625,1228764
2017-09-07,1229.0,1234.199951171875,1225.5250244140625,1230.050048828125,1109.8258056640625,870636
2017-09-08,1226.875,1237.0,1226.2750244140625,1235.300048828125,1114.5625,1021134
2017-09-11,1235.5999755859375,1241.4749755859375,1225.0,1227.2249755859375,1107.27685546875,732764
2017-09-12,1236.949951171875,1248.5,1228.5,1244.2249755859375,1122.615478515625,1396460
2017-09-13,1250.0,1265.824951171875,1237.5999755859375,1244.5999755859375,1122.953857421875,1278980
2017-09-14,1241.0,1248.800048828125,1235.949951171875,1243.4749755859375,1121.9384765625,1081510
2017-09-15,1249.5,1258.5,1242.5,1253.0250244140625,1130.55517578125,2944072
2017-09-18,1252.4749755859375,1259.4749755859375,1244.625,1249.5250244140625,1127.3968505859375,726600
2017-09-19,1252.5,1252.5,1245.75,1249.125,1127.03662109375,782754
2017-09-20,1257.0,1257.0,1237.1500244140625,1246.7750244140625,1124.9158935546875,1334642
2017-09-21,1245.5250244140625,1270.5,1240.0,1262.449951171875,1139.05908203125,2438740
2017-09-22,1259.949951171875,1263.449951171875,1246.0,1251.800048828125,1129.4498291015625,2435396
2017-09-25,1248.2750244140625,1267.0,1246.375,1255.375,1132.6751708984375,1599558
2017-09-26,1255.0,1263.199951171875,1233.0,1237.324951171875,1116.389404296875,1449230
2017-09-27,1245.0,1256.0999755859375,1236.875,1247.5,1125.5703125,2010356
2017-09-28,1247.3499755859375,1257.0,1226.0,1238.2249755859375,1117.201904296875,4332866
2017-09-29,1239.5,1242.0,1210.75,1217.9749755859375,1098.9310302734375,1985014
2017-10-03,1220.0,1227.1500244140625,1213.5250244140625,1224.2249755859375,1104.5703125,1923006
2017-10-04,1224.800048828125,1227.0,1212.5,1221.1500244140625,1101.7957763671875,1300778
2017-10-05,1220.5,1221.7249755859375,1212.199951171875,1214.800048828125,1096.066162109375,1684686
2017-10-06,1215.0,1227.5,1214.0250244140625,1223.324951171875,1103.7579345703125,1389188
2017-10-09,1220.5250244140625,1233.9749755859375,1220.5250244140625,1227.050048828125,1107.119140625,1773616
2017-10-10,1227.5,1234.9749755859375,1225.625,1229.625,1109.4422607421875,1222010
2017-10-11,1230.0,1257.2249755859375,1228.375,1250.175048828125,1127.9837646484375,1527746
2017-10-12,1256.5,1277.5,1253.5,1274.0999755859375,1149.5701904296875,5006356
2017-10-13,1274.0999755859375,1304.4749755859375,1261.5,1279.300048828125,1154.2620849609375,4066320
2017-10-16,1277.5250244140625,1295.0,1277.5250244140625,1292.199951171875,1165.9010009765625,1218590
2017-10-17,1292.5,1307.4749755859375,1288.7750244140625,1297.2750244140625,1170.480224609375,1443016
2017-10-18,1297.5,1306.824951171875,1290.0,1293.300048828125,1166.893798828125,1514144
2017-10-19,1296.0,1297.9000244140625,1285.5,1291.949951171875,1165.6759033203125,86822
2017-10-23,1292.0,1314.5,1273.7249755859375,1293.949951171875,1167.4803466796875,1886088
2017-10-24,1310.0,1310.449951171875,1284.5250244140625,1289.199951171875,1163.194580078125,1339020
2017-10-25,1289.25,1307.0,1277.5,1279.949951171875,1157.9923095703125,1105106
2017-10-26,1267.550048828125,1284.574951171875,1258.949951171875,1269.425048828125,1148.47021484375,3007552
2017-10-27,1269.0,1296.574951171875,1265.1500244140625,1292.1500244140625,1169.02978515625,1409270
2017-10-30,1293.0,1310.0,1290.8499755859375,1308.0999755859375,1183.460205078125,1137252
2017-10-31,1300.6500244140625,1320.0,1300.6500244140625,1312.0,1186.988525390625,1592634
2017-11-01,1312.0,1313.425048828125,1289.425048828125,1301.425048828125,1177.4208984375,741882
2017-11-02,1304.25,1337.0,1303.375,1313.074951171875,1187.961181640625,1468422
2017-11-03,1316.199951171875,1318.3499755859375,1301.4000244140625,1310.050048828125,1185.22412109375,666886
2017-11-06,1310.0,1335.9000244140625,1305.875,1332.7750244140625,1205.7840576171875,1377000
2017-11-07,1335.0,1384.0,1333.0250244140625,1355.0250244140625,1225.9139404296875,2696892
2017-11-08,1361.5,1379.5,1359.125,1367.5,1237.2003173828125,1402252
2017-11-09,1375.0,1375.0,1359.6500244140625,1368.199951171875,1237.8336181640625,1152432
2017-11-10,1361.0999755859375,1363.0,1346.675048828125,1354.375,1225.325927734375,1356566
2017-11-13,1351.0250244140625,1388.699951171875,1351.0250244140625,1379.4749755859375,1248.03466796875,1496996
2017-11-14,1378.2750244140625,1378.2750244140625,1353.75,1357.300048828125,1227.9720458984375,1657252
2017-11-15,1353.0,1377.5,1350.675048828125,1352.6500244140625,1223.76513671875,6670834
2017-11-16,1355.0,1381.5,1343.4749755859375,1373.324951171875,1242.47021484375,1653482
2017-11-17,1374.050048828125,1374.050048828125,1351.800048828125,1353.6500244140625,1224.669921875,1325464
2017-11-20,1357.5,1363.449951171875,1347.6500244140625,1351.7249755859375,1222.92822265625,1014498
2017-11-21,1350.5,1350.5,1333.0,1336.4749755859375,1209.1314697265625,1527740
2017-11-22,1336.5,1354.8499755859375,1336.199951171875,1340.324951171875,1212.6146240234375,1822624
2017-11-23,1340.5,1346.5,1334.5,1340.625,1212.8858642578125,793470
2017-11-24,1341.0,1351.449951171875,1336.550048828125,1344.0250244140625,1215.9619140625,2287512
2017-11-27,1344.0,1347.949951171875,1331.0999755859375,1342.925048828125,1214.9669189453125,1856786
2017-11-28,1343.0,1351.199951171875,1335.0,1342.6500244140625,1214.7183837890625,911716
2017-11-29,1338.75,1346.5,1325.0,1329.074951171875,1202.4364013671875,1447532
2017-11-30,1326.824951171875,1333.4749755859375,1311.5,1318.5,1192.868896484375,4299962
2017-12-01,1317.5,1334.0,1310.75,1314.9749755859375,1189.6802978515625,1031144
2017-12-04,1311.0,1329.25,1301.4749755859375,1316.175048828125,1190.7659912109375,1259104
2017-12-05,1315.5,1325.8499755859375,1314.074951171875,1317.7750244140625,1192.2135009765625,1167914
2017-12-06,1318.0,1322.5,1306.425048828125,1316.6500244140625,1191.195068359375,1407518
2017-12-07,1316.1500244140625,1322.9749755859375,1307.5,1308.625,1183.9349365234375,1326300
2017-12-08,1309.0,1322.5,1298.5,1300.75,1176.8104248046875,1385548
2017-12-11,1304.175048828125,1336.324951171875,1304.175048828125,1330.550048828125,1203.7713623046875,1008002
2017-12-12,1330.5,1331.0,1303.699951171875,1306.074951171875,1181.6279296875,1882246
2017-12-13,1305.699951171875,1325.7249755859375,1300.5,1314.199951171875,1188.9786376953125,2961458
2017-12-14,1316.0,1316.0,1265.550048828125,1278.9000244140625,1157.042236328125,5504150
2017-12-15,1281.875,1292.2249755859375,1268.425048828125,1272.800048828125,1151.523681640625,2718138
2017-12-18,1268.5,1294.4749755859375,1247.175048828125,1290.25,1167.310791015625,2180664
2017-12-19,1288.0,1298.9000244140625,1282.3499755859375,1287.6500244140625,1164.9591064453125,1801952
2017-12-20,1291.0,1296.375,1275.324951171875,1294.4749755859375,1171.1331787109375,1577570
2017-12-21,1293.5,1304.0,1290.0250244140625,1297.8499755859375,1174.1868896484375,1293648
2017-12-22,1302.0,1331.949951171875,1295.0999755859375,1323.375,1197.279296875,3665664
2017-12-26,1343.0,1344.875,1315.800048828125,1324.7249755859375,1198.501220703125,2175786
2017-12-27,1324.7249755859375,1329.25,1305.25,1309.949951171875,1185.1336669921875,739284
2017-12-28,1304.4000244140625,1326.75,1302.824951171875,1313.4749755859375,1188.322998046875,2605088
2017-12-29,1311.550048828125,1354.449951171875,1309.2750244140625,1350.5999755859375,1221.9105224609375,2609542
2018-01-01,1341.1500244140625,1347.4000244140625,1317.5,1322.800048828125,1196.7593994140625,1351760
2018-01-02,1330.0,1334.800048828125,1310.0999755859375,1315.5999755859375,1190.244873046875,1920290
2018-01-03,1316.0,1334.5,1315.5999755859375,1319.324951171875,1193.6156005859375,1257120
2018-01-04,1325.0,1331.0,1320.0,1328.550048828125,1201.9617919921875,913082
2018-01-05,1325.0,1349.75,1325.0,1344.5999755859375,1216.4822998046875,1153706
2018-01-08,1350.0,1363.425048828125,1340.925048828125,1357.199951171875,1227.8817138671875,1242220
2018-01-09,1357.5,1360.5,1338.2750244140625,1354.5,1225.4388427734375,2149396
2018-01-10,1355.5,1408.0,1347.324951171875,1403.300048828125,1269.58935546875,3365850
2018-01-11,1405.0,1410.949951171875,1391.0999755859375,1395.25,1262.3062744140625,2520744
2018-01-12,1402.5,1402.5,1370.2750244140625,1388.175048828125,1255.9052734375,3360314
2018-01-15,1388.574951171875,1404.0,1367.5250244140625,1373.050048828125,1242.2213134765625,1457214
2018-01-16,1378.0,1430.824951171875,1375.2750244140625,1425.425048828125,1289.60595703125,4267752
2018-01-17,1435.0,1462.5,1431.074951171875,1444.4749755859375,1306.841064453125,4280806
2018-01-18,1448.5,1466.5,1434.0250244140625,1459.0999755859375,1320.0723876953125,2209478
2018-01-19,1465.2750244140625,1491.0,1451.824951171875,1479.6500244140625,1338.66455078125,1820000
2018-01-22,1480.5,1567.3499755859375,1461.0,1558.199951171875,1413.072265625,4367110
2018-01-23,1557.4749755859375,1571.175048828125,1545.0250244140625,1551.0,1406.542724609375,3239610
2018-01-24,1545.0,1629.5250244140625,1541.324951171875,1587.300048828125,1439.4620361328125,5621538
2018-01-25,1587.5,1589.9000244140625,1540.5,1560.5250244140625,1415.180908203125,3833844
2018-01-29,1565.699951171875,1612.5,1561.0,1599.425048828125,1450.4580078125,3141060
2018-01-30,1590.0,1601.9000244140625,1571.8499755859375,1576.425048828125,1429.599853515625,1574758
2018-01-31,1568.5,1575.0,1549.300048828125,1556.175048828125,1411.23583984375,3043214
2018-02-01,1562.0,1595.0,1544.4000244140625,1569.300048828125,1423.13818359375,2400630
2018-02-02,1560.0,1595.0,1551.7249755859375,1576.824951171875,1429.962646484375,2456490
2018-02-05,1555.0,1594.0,1538.425048828125,1551.5999755859375,1407.0870361328125,2757742
2018-02-06,1505.0,1538.574951171875,1492.5,1498.625,1359.0462646484375,2657306
2018-02-07,1513.5,1515.5,1473.7249755859375,1477.5250244140625,1339.9111328125,2180324
2018-02-08,1489.875,1513.800048828125,1479.5,1487.0999755859375,1348.5943603515625,2755004
2018-02-09,1475.0,1497.0,1448.324951171875,1485.8499755859375,1347.4610595703125,2102458
2018-02-12,1489.1500244140625,1511.675048828125,1477.7750244140625,1483.6500244140625,1345.4654541015625,1974562
2018-02-14,1485.0,1487.2249755859375,1446.25,1455.9000244140625,1320.3004150390625,2847532
2018-02-15,1465.9749755859375,1471.5,1452.550048828125,1462.925048828125,1326.6712646484375,2465236
2018-02-16,1461.5,1499.800048828125,1461.5,1466.5250244140625,1329.935791015625,2515756
2018-02-19,1472.5,1476.6500244140625,1447.5999755859375,1461.800048828125,1325.65087890625,1568224
2018-02-20,1464.0,1492.5250244140625,1463.949951171875,1472.375,1335.2406005859375,1889068
2018-02-21,1487.0,1531.300048828125,1480.0250244140625,1521.1500244140625,1379.47314453125,3089228
2018-02-22,1526.0,1539.5,1511.25,1525.0999755859375,1383.0548095703125,3463010
2018-02-23,1525.0,1544.5,1496.050048828125,1537.9000244140625,1394.6629638671875,3362500
2018-02-26,1537.5,1544.9749755859375,1510.5999755859375,1515.8499755859375,1374.666748046875,1363882
2018-02-27,1520.5,1539.2750244140625,1516.0,1521.175048828125,1379.4957275390625,1717800
2018-02-28,1517.5,1531.9749755859375,1510.7249755859375,1517.5250244140625,1376.1859130859375,2706864
2018-03-01,1524.5,1530.5999755859375,1510.0,1518.8499755859375,1377.38720703125,1718124
2018-03-05,1524.5,1556.824951171875,1516.4749755859375,1552.925048828125,1408.2886962890625,2858168
2018-03-06,1561.0,1563.5,1515.074951171875,1521.4000244140625,1379.7000732421875,1906764
2018-03-07,1535.0,1544.5,1509.25,1513.7249755859375,1372.739013671875,1917772
2018-03-08,1527.449951171875,1527.449951171875,1493.75,1501.9749755859375,1362.0841064453125,1951826
2018-03-09,1502.5,1531.5999755859375,1488.5999755859375,1517.050048828125,1375.7550048828125,1872436
2018-03-12,1521.5,1541.949951171875,1517.75,1526.074951171875,1383.939453125,2091340
2018-03-13,1462.449951171875,1469.8499755859375,1436.0,1443.4000244140625,1308.9642333984375,88067154
2018-03-14,1446.4749755859375,1461.5250244140625,1437.5250244140625,1443.449951171875,1309.009521484375,3668668
2018-03-15,1447.5,1451.2750244140625,1427.800048828125,1434.8499755859375,1301.2108154296875,2348906
2018-03-16,1434.4000244140625,1436.0,1402.5,1412.8499755859375,1281.2596435546875,7197482
2018-03-19,1414.5,1424.0,1410.0,1415.5,1283.6632080078125,3489940
2018-03-20,1410.0,1436.5999755859375,1409.5,1432.425048828125,1299.01171875,4024984
2018-03-21,1436.25,1442.1500244140625,1425.0,1428.375,1295.3389892578125,3907678
2018-03-22,1429.9749755859375,1437.9749755859375,1411.2750244140625,1415.675048828125,1283.822021484375,2326094
2018-03-23,1401.0,1417.050048828125,1399.0250244140625,1409.074951171875,1277.8363037109375,3654122
2018-03-26,1409.5,1413.699951171875,1390.7750244140625,1408.5,1277.3150634765625,2964210
2018-03-27,1412.5,1431.5,1411.5250244140625,1423.8499755859375,1291.235107421875,2494574
2018-03-28,1417.949951171875,1437.5,1412.5,1424.574951171875,1291.89306640625,6865654
2018-04-02,1420.0,1457.0,1420.0,1454.824951171875,1319.325439453125,1662988
2018-04-03,1446.050048828125,1464.949951171875,1446.050048828125,1455.625,1320.0513916015625,1937290
2018-04-04,1464.7249755859375,1467.0,1446.0,1455.449951171875,1319.892333984375,2841820
2018-04-05,1463.2750244140625,1481.875,1460.175048828125,1478.9749755859375,1341.2261962890625,1809424
2018-04-06,1477.0,1480.0,1463.2750244140625,1475.1500244140625,1337.7574462890625,1129018
2018-04-09,1469.8499755859375,1481.75,1457.5,1461.949951171875,1325.7867431640625,1235866
2018-04-10,1462.8499755859375,1478.625,1462.8499755859375,1468.800048828125,1331.9989013671875,1184532
2018-04-11,1475.300048828125,1512.5,1472.800048828125,1507.074951171875,1366.7088623046875,3124416
2018-04-12,1505.0,1575.0,1503.9749755859375,1569.625,1423.4332275390625,6114360
2018-04-13,1575.0,1620.4000244140625,1566.050048828125,1576.6500244140625,1429.8038330078125,8179118
2018-04-16,1558.0,1599.9749755859375,1555.375,1593.824951171875,1445.3792724609375,6270274
2018-04-17,1593.824951171875,1597.4749755859375,1573.5999755859375,1583.300048828125,1435.834228515625,3301724
2018-04-18,1583.0,1596.7249755859375,1572.925048828125,1579.550048828125,1432.43359375,2433066
2018-04-19,1589.949951171875,1608.5999755859375,1582.875,1595.574951171875,1446.96630859375,4820952
2018-04-20,1625.0,1711.175048828125,1620.0,1701.2249755859375,1542.776123046875,18465662
2018-04-23,1712.0,1778.949951171875,1694.7750244140625,1704.324951171875,1545.5877685546875,15185910
2018-04-24,1705.0,1721.574951171875,1671.25,1692.824951171875,1535.1588134765625,8314336
2018-04-25,1692.5,1741.5,1682.5250244140625,1735.125,1573.5189208984375,8196574
2018-04-26,1733.5,1780.0,1733.5,1769.625,1604.8057861328125,12135034
2018-04-27,1762.5,1772.0,1710.0,1725.9749755859375,1565.220947265625,4501330
2018-04-30,1725.9749755859375,1774.5,1718.800048828125,1766.050048828125,1601.5633544921875,3458558
2018-05-02,1765.25,1766.0999755859375,1735.6500244140625,1749.875,1586.895263671875,3158046
2018-05-03,1754.9000244140625,1763.0,1735.199951171875,1740.925048828125,1578.7784423828125,3761550
2018-05-04,1746.0,1748.5,1735.0,1740.375,1578.280029296875,2347244
2018-05-07,1745.0,1745.0,1705.449951171875,1710.4749755859375,1551.1650390625,3484426
2018-05-08,1717.3499755859375,1743.25,1698.3499755859375,1720.5999755859375,1560.3465576171875,2992820
2018-05-09,1720.0999755859375,1747.375,1720.0999755859375,1744.6500244140625,1582.156982421875,2615050
2018-05-10,1751.4749755859375,1755.574951171875,1720.0999755859375,1725.625,1564.903564453125,3858678
2018-05-11,1727.0999755859375,1742.5,1721.25,1728.4749755859375,1567.4881591796875,2627876
2018-05-14,1728.5,1735.5,1705.4000244140625,1716.7750244140625,1556.8778076171875,2433894
2018-05-15,1725.0,1747.9000244140625,1716.8499755859375,1741.199951171875,1579.0277099609375,1952890
2018-05-16,1739.9749755859375,1754.5,1737.625,1746.949951171875,1584.2427978515625,1648450
2018-05-17,1756.4749755859375,1766.574951171875,1738.0,1745.9000244140625,1583.290283203125,2968048
2018-05-18,1740.4000244140625,1758.8499755859375,1729.0,1751.0250244140625,1587.9378662109375,1874996
2018-05-21,1764.3499755859375,1796.0,1759.0250244140625,1778.375,1612.7403564453125,3446178
2018-05-22,1779.0,1787.4749755859375,1746.8499755859375,1754.449951171875,1591.0438232421875,1857416
2018-05-23,1762.5,1772.5,1740.5,1747.550048828125,1584.786865234375,1507298
2018-05-24,1755.0,1807.5,1751.175048828125,1801.8499755859375,1634.029052734375,2962316
2018-05-25,1812.5,1837.4000244140625,1786.2750244140625,1792.9000244140625,1625.9127197265625,3769772
2018-05-28,1808.25,1808.25,1743.0,1751.0250244140625,1587.9378662109375,3716798
2018-05-29,1764.949951171875,1772.0,1744.0,1761.75,1597.6639404296875,3525312
2018-05-30,1754.5250244140625,1766.5,1741.25,1757.050048828125,1593.4017333984375,3779106
2018-05-31,1734.0,1759.050048828125,1726.0999755859375,1741.050048828125,1592.0302734375,5049371
2018-06-01,1754.0,1757.5,1716.300048828125,1732.449951171875,1584.166015625,1603856
2018-06-04,1745.0,1749.0,1712.5999755859375,1744.25,1594.9561767578125,1681483
2018-06-05,1744.0,1751.9000244140625,1711.1500244140625,1721.5999755859375,1574.2445068359375,2449568
2018-06-06,1723.0,1734.9000244140625,1715.199951171875,1725.75,1578.03955078125,2236512
2018-06-07,1725.0,1749.0,1723.800048828125,1735.550048828125,1587.000732421875,2414762
2018-06-08,1735.0,1757.300048828125,1735.0,1747.0999755859375,1597.562255859375,2582138
2018-06-11,1747.0999755859375,1763.0,1743.0,1749.699951171875,1599.93994140625,2179378
2018-06-12,1757.0,1785.0,1753.0,1781.0,1628.5606689453125,4608875
2018-06-13,1816.0,1831.6500244140625,1798.0,1824.0999755859375,1667.9713134765625,5370983
2018-06-14,1830.0,1832.300048828125,1784.0,1787.550048828125,1634.5504150390625,3819998
2018-06-15,1800.0,1847.0999755859375,1788.5999755859375,1840.050048828125,1682.556640625,9183574
2018-06-18,1867.949951171875,1867.949951171875,1822.1500244140625,1829.0,1672.4520263671875,4674987
2018-06-19,1822.1500244140625,1839.0,1821.0,1824.5,1668.3375244140625,3245034
2018-06-20,1832.0,1836.300048828125,1818.5999755859375,1822.449951171875,1666.4630126953125,3107695
2018-06-21,1832.0,1832.0,1817.5999755859375,1819.3499755859375,1663.62841796875,2910659
2018-06-22,1827.0,1827.0,1799.550048828125,1809.800048828125,1654.8956298828125,2949458
2018-06-25,1811.9000244140625,1822.3499755859375,1806.0,1819.25,1663.536865234375,2083217
2018-06-26,1823.0,1861.0,1821.0,1852.0,1693.4837646484375,4679712
2018-06-27,1860.0,1885.1500244140625,1851.25,1858.0,1698.9700927734375,4081208
2018-06-28,1865.0,1871.0,1826.300048828125,1842.699951171875,1684.9798583984375,4888125
2018-06-29,1844.9000244140625,1867.4000244140625,1842.300048828125,1847.75,1689.5972900390625,3506276
2018-07-02,1852.0,1857.800048828125,1841.0999755859375,1851.3499755859375,1692.8892822265625,2650290
2018-07-03,1859.949951171875,1879.9000244140625,1857.050048828125,1874.050048828125,1713.646728515625,3242233
2018-07-04,1879.9000244140625,1879.9000244140625,1857.1500244140625,1866.1500244140625,1706.4227294921875,2700614
2018-07-05,1873.0,1887.5,1862.0999755859375,1880.300048828125,1719.361572265625,2472571
2018-07-06,1882.8499755859375,1921.0,1881.6500244140625,1912.949951171875,1749.2166748046875,3713781
2018-07-09,1924.0,1924.4000244140625,1876.5,1883.0,1721.8304443359375,6151747
2018-07-10,1898.0,1898.9000244140625,1870.75,1875.0999755859375,1714.6064453125,5303302
2018-07-11,1900.0,1998.0,1894.1500244140625,1979.9000244140625,1810.436279296875,22903802
2018-07-12,1984.0,1990.9000244140625,1960.5,1971.3499755859375,1802.618408203125,6921701
2018-07-13,1975.0,1997.9000244140625,1974.0,1981.0999755859375,1811.53369140625,4148185
2018-07-16,1990.0,1996.0,1977.449951171875,1989.199951171875,1818.9403076171875,2582159
2018-07-17,1989.0,2009.0,1981.0,2002.1500244140625,1834.470947265625,3315492
2018-07-18,2005.0,2011.699951171875,1993.050048828125,2000.25,1832.7301025390625,2013869
2018-07-19,2002.0999755859375,2010.449951171875,1970.0,1981.4000244140625,1815.4588623046875,1746318
2018-07-20,1984.9000244140625,2000.0,1984.0,1996.5999755859375,1829.3856201171875,1934995
2018-07-23,2001.0,2009.949951171875,1986.0,2005.6500244140625,1837.6778564453125,2086201
2018-07-24,2015.0,2015.0,1984.1500244140625,1999.0,1831.5848388671875,2038423
2018-07-25,2001.9000244140625,2002.0,1968.4000244140625,1981.5,1815.550537109375,1535492
2018-07-26,1974.949951171875,1985.0,1955.0999755859375,1964.699951171875,1800.1571044921875,3503036
2018-07-27,1960.8499755859375,1964.6500244140625,1940.300048828125,1943.75,1780.9622802734375,2033977
2018-07-30,1943.0,1954.699951171875,1931.550048828125,1944.5999755859375,1781.74072265625,1579251
2018-07-31,1942.0,1947.0,1928.0,1940.199951171875,1777.709228515625,2204803
2018-08-01,1949.949951171875,1981.550048828125,1949.800048828125,1976.5,1810.968994140625,2425180
2018-08-02,1980.0,1985.0,1945.0,1948.4000244140625,1785.2225341796875,1509287
2018-08-03,1956.5,1982.050048828125,1956.5,1979.449951171875,1813.672119140625,1505131
2018-08-06,1997.0,1998.949951171875,1972.25,1975.550048828125,1810.0989990234375,1532249
2018-08-07,1978.199951171875,1979.1500244140625,1960.5,1967.3499755859375,1802.585693359375,1353521
2018-08-08,1972.0,1978.300048828125,1962.0,1974.0,1808.6785888671875,1315062
2018-08-09,1980.0,1980.800048828125,1966.0,1974.3499755859375,1808.9991455078125,2060297
2018-08-10,1980.949951171875,1996.5,1972.050048828125,1993.0999755859375,1826.1787109375,2784105
2018-08-13,1997.800048828125,2004.25,1990.0,2000.1500244140625,1832.638671875,3559575
2018-08-14,1992.0,2024.5999755859375,1982.4000244140625,2003.550048828125,1835.7540283203125,3311765
2018-08-16,2000.300048828125,2020.050048828125,1995.0,2008.5,1840.2890625,2152065
2018-08-17,2013.8499755859375,2021.9000244140625,2004.0,2012.75,1844.183349609375,1213731
2018-08-20,2024.0,2024.0,2003.699951171875,2009.949951171875,1841.6177978515625,1587032
2018-08-21,2010.1500244140625,2024.0,2004.0,2017.6500244140625,1848.672607421875,1376866
2018-08-23,2022.800048828125,2038.0,2020.300048828125,2035.0999755859375,1864.661376953125,3046791
2018-08-24,2035.0999755859375,2046.0,2031.0,2043.0,1871.8997802734375,1570533
2018-08-27,2043.0,2059.0,2035.0,2050.89990234375,1879.1383056640625,1532702
2018-08-28,2055.0,2072.0,2052.0,2069.199951171875,1895.905517578125,1987983
2018-08-29,2072.5,2076.60009765625,2045.5999755859375,2072.0,1898.47119140625,1525867
2018-08-30,2068.0,2085.0,2065.5,2082.39990234375,1908.0,2408020
2018-08-31,2082.300048828125,2092.0,2074.0,2078.39990234375,1904.3350830078125,2504554
2018-09-03,2084.800048828125,2090.0,2048.39990234375,2052.89990234375,1880.970703125,1439711
2018-09-04,2059.800048828125,2104.75,2056.949951171875,2098.89990234375,1923.118408203125,4420803
2018-09-05,2100.0,2107.25,2075.050048828125,2079.25,1905.114013671875,1681106
2018-09-06,2075.0,2081.5,2060.300048828125,2075.300048828125,1901.494873046875,2238097
2018-09-07,2079.300048828125,2084.0,2065.39990234375,2079.85009765625,1905.663818359375,1312182
2018-09-10,2084.39990234375,2093.39990234375,2074.25,2080.75,1906.4881591796875,1530539
2018-09-11,2089.0,2089.0,2042.199951171875,2046.25,1874.8775634765625,3679745
2018-09-12,2052.35009765625,2068.89990234375,2040.0,2043.949951171875,1872.770263671875,2307661
2018-09-14,2044.0,2071.550048828125,2018.1500244140625,2065.39990234375,1892.4234619140625,3642038
2018-09-17,2070.0,2077.800048828125,2054.550048828125,2074.14990234375,1900.4407958984375,1033857
2018-09-18,2073.0,2078.800048828125,2057.60009765625,2070.75,1897.32568359375,1456507
2018-09-19,2071.89990234375,2089.0,2066.85009765625,2077.89990234375,1903.877197265625,1301268
2018-09-21,2077.0,2121.0,2050.14990234375,2103.14990234375,1927.01220703125,4508530
2018-09-24,2115.0,2210.5,2098.14990234375,2198.449951171875,2014.33056640625,3032226
2018-09-25,2204.89990234375,2211.89990234375,2153.800048828125,2183.199951171875,2000.35888671875,2868778
2018-09-26,2187.0,2199.0,2135.10009765625,2142.14990234375,1962.7462158203125,1970951
2018-09-27,2141.89990234375,2209.699951171875,2135.800048828125,2188.85009765625,2005.5345458984375,3311802
2018-09-28,2178.0,2190.0,2158.85009765625,2183.699951171875,2000.81640625,2904371
2018-10-01,2190.89990234375,2275.949951171875,2190.35009765625,2255.550048828125,2066.6484375,3772208
2018-10-03,2250.300048828125,2255.0,2155.60009765625,2162.85009765625,1981.7125244140625,3902322
2018-10-04,2156.60009765625,2156.64990234375,2056.35009765625,2064.800048828125,1891.8741455078125,4762419
2018-10-05,2050.0,2120.0,2020.9000244140625,2102.64990234375,1926.5538330078125,3417624
2018-10-08,2102.64990234375,2122.199951171875,2048.14990234375,2077.550048828125,1903.5562744140625,2010154
2018-10-09,2080.35009765625,2107.64990234375,2053.199951171875,2091.800048828125,1916.6126708984375,1867130
2018-10-10,2100.0,2105.949951171875,2029.0,2043.5999755859375,1872.449462890625,2749573
2018-10-11,1985.0,2013.0,1941.0,1979.949951171875,1814.1302490234375,4700256
2018-10-12,1978.0,1978.0,1903.0,1918.300048828125,1757.6434326171875,9373289
2018-10-15,1940.0,1955.550048828125,1920.0,1949.5,1786.23046875,2638151
2018-10-16,1958.0,1971.9000244140625,1935.0,1962.300048828125,1797.9586181640625,2815425
2018-10-17,1970.0,1989.0,1920.0,1929.4000244140625,1767.813720703125,2779207
2018-10-19,1929.0,1929.0,1870.050048828125,1913.199951171875,1752.9703369140625,3428776
2018-10-22,1914.0,1916.0,1886.949951171875,1903.0,1743.6246337890625,1778496
2018-10-23,1888.0,1898.0,1837.0,1843.6500244140625,1692.8035888671875,2752811
2018-10-24,1852.050048828125,1874.0,1811.0999755859375,1848.5,1697.2564697265625,2735913
2018-10-25,1844.0,1876.9000244140625,1825.050048828125,1853.0,1701.388671875,2507233
2018-10-26,1853.9000244140625,1853.9000244140625,1791.0999755859375,1799.0999755859375,1651.8985595703125,2285970
2018-10-29,1808.699951171875,1877.949951171875,1784.3499755859375,1871.0,1717.91552734375,2609483
2018-10-30,1867.0,1909.4000244140625,1845.0,1894.800048828125,1739.76806640625,2404883
2018-10-31,1900.0,1943.9000244140625,1875.449951171875,1938.1500244140625,1779.5714111328125,2769190
2018-11-01,1943.6500244140625,1944.3499755859375,1901.300048828125,1935.75,1777.367919921875,2769759
2018-11-02,1934.199951171875,1954.5999755859375,1905.0,1913.449951171875,1756.892333984375,1818635
2018-11-05,1910.0,1927.3499755859375,1884.75,1890.8499755859375,1736.1414794921875,1713366
2018-11-06,1894.0,1937.5,1891.0,1932.699951171875,1774.5677490234375,1398710
2018-11-07,1940.0,1949.0,1937.0,1942.1500244140625,1783.244140625,144530
2018-11-09,1961.0,1961.949951171875,1905.0,1909.199951171875,1752.989990234375,2570479
2018-11-12,1908.5,1946.0999755859375,1908.5,1914.8499755859375,1758.177734375,2552008
2018-11-13,1915.0,1939.0,1903.0,1934.949951171875,1776.63330078125,1418432
2018-11-14,1925.0,1929.9000244140625,1870.0,1880.6500244140625,1726.7762451171875,2422318
2018-11-15,1864.0,1899.0,1857.5999755859375,1872.8499755859375,1719.6143798828125,1829123
2018-11-16,1889.0,1899.800048828125,1870.25,1886.5999755859375,1732.2391357421875,1829729
2018-11-19,1899.0,1907.3499755859375,1864.300048828125,1902.449951171875,1746.7926025390625,1740628
2018-11-20,1902.0,1902.0,1874.199951171875,1878.25,1724.5723876953125,1190182
2018-11-21,1871.0,1871.050048828125,1798.550048828125,1812.0,1663.7431640625,3840461
2018-11-22,1820.0,1847.5999755859375,1809.949951171875,1812.550048828125,1664.2479248046875,3194219
2018-11-26,1819.0,1860.0,1784.5,1846.0999755859375,1695.052978515625,4333177
2018-11-27,1854.0,1897.9000244140625,1835.3499755859375,1890.25,1735.5908203125,3344839
2018-11-28,1889.0,1989.0,1882.5,1983.9000244140625,1821.5782470703125,5313249
2018-11-29,1997.0,1997.0,1942.550048828125,1960.550048828125,1800.138671875,4035441
2018-11-30,1966.0,1991.0,1959.8499755859375,1968.25,1807.208740234375,5268901
2018-12-03,1984.0,1990.0,1968.300048828125,1982.4000244140625,1820.2008056640625,1610576
2018-12-04,1983.0,2019.4000244140625,1971.0,2010.8499755859375,1846.3232421875,3270615
2018-12-05,2006.0,2018.0,1985.0,2006.75,1842.558837890625,2501539
2018-12-06,1998.0,2017.0,1979.5999755859375,1992.699951171875,1829.6580810546875,2321216
2018-12-07,1985.050048828125,2003.9000244140625,1973.0,1995.199951171875,1831.9537353515625,1680420
2018-12-10,1975.0,2011.0,1960.0,1975.800048828125,1814.141357421875,2010786
2018-12-11,1970.0,2010.0,1961.0,2000.0,1836.3609619140625,2942014
2018-12-12,2001.0999755859375,2022.0,1984.949951171875,2016.800048828125,1851.7864990234375,2219993
2018-12-13,2024.0,2029.699951171875,1974.5,1982.5999755859375,1820.3848876953125,3748429
2018-12-14,1983.0,1998.949951171875,1975.25,1989.75,1826.9495849609375,2473761
2018-12-17,1999.0,2004.9000244140625,1985.0,1994.300048828125,1831.1275634765625,1227921
2018-12-18,1991.9000244140625,2002.0,1976.4000244140625,1987.8499755859375,1825.204833984375,1768742
2018-12-19,1984.800048828125,1984.800048828125,1960.050048828125,1968.449951171875,1807.3922119140625,2498833
2018-12-20,1953.800048828125,1974.9000244140625,1946.0,1954.050048828125,1794.1705322265625,1940277
2018-12-21,1948.0,1950.0,1886.550048828125,1895.800048828125,1740.686767578125,3729956
2018-12-24,1905.800048828125,1938.9000244140625,1905.0,1918.5,1761.5294189453125,1864116
2018-12-26,1921.800048828125,1921.800048828125,1870.25,1889.199951171875,1734.62646484375,2446614
2018-12-27,1909.0,1941.699951171875,1872.0999755859375,1908.949951171875,1752.7603759765625,4968201
2018-12-28,1915.0,1920.0,1893.0,1896.050048828125,1740.9158935546875,2239130
2018-12-31,1908.0,1909.0,1886.1500244140625,1893.050048828125,1738.1617431640625,1879740
2019-01-01,1896.0,1910.0,1885.0,1902.800048828125,1747.11376953125,1094883
2019-01-02,1905.0,1934.449951171875,1900.0,1923.300048828125,1765.9364013671875,2100463
2019-01-03,1919.0,1944.949951171875,1893.0999755859375,1899.949951171875,1744.4970703125,2611668
2019-01-04,1900.0,1901.199951171875,1841.0,1876.8499755859375,1723.2869873046875,4280862
2019-01-07,1891.800048828125,1908.800048828125,1881.0,1897.9000244140625,1742.614990234375,1856423
2019-01-08,1905.4000244140625,1906.4000244140625,1883.300048828125,1893.550048828125,1738.62060546875,1691756
2019-01-09,1907.4000244140625,1919.0,1866.699951171875,1886.949951171875,1732.5609130859375,2414376
2019-01-10,1890.0,1905.0,1872.0999755859375,1888.550048828125,1734.029541015625,3053461
2019-01-11,1870.0,1875.0,1835.0,1842.550048828125,1691.79345703125,9209862
2019-01-14,1850.0,1851.0,1810.0,1813.25,1664.890869140625,3615370
2019-01-15,1810.0,1869.3499755859375,1808.0,1867.800048828125,1714.977783203125,7711653
2019-01-16,1870.0,1875.0,1847.0,1870.1500244140625,1717.13525390625,2359280
2019-01-17,1878.0,1898.0,1871.300048828125,1894.300048828125,1743.037841796875,2625816
2019-01-18,1881.0,1904.199951171875,1876.0,1900.6500244140625,1748.8802490234375,1683728
2019-01-21,1902.0,1932.0,1895.449951171875,1908.699951171875,1756.2874755859375,2409803
2019-01-22,1907.0999755859375,1918.25,1890.0,1901.9000244140625,1750.0306396484375,2457093
2019-01-23,1901.0,1906.0999755859375,1870.0,1875.5999755859375,1725.8306884765625,2578169
2019-01-24,1884.800048828125,1905.25,1875.0,1901.550048828125,1749.7083740234375,1962927
2019-01-25,1902.0,1935.0,1901.0,1920.800048828125,1767.4212646484375,2327080
2019-01-28,1933.0,1962.0,1925.5,1955.0,1798.8902587890625,2769033
2019-01-29,1962.0,1989.050048828125,1936.6500244140625,1982.75,1824.4246826171875,2557626
2019-01-30,1979.5999755859375,1989.5,1954.6500244140625,1981.4000244140625,1823.1824951171875,2429575
2019-01-31,1987.0,2019.75,1985.0,2014.0999755859375,1853.2713623046875,4094319
2019-02-01,2009.5,2034.75,1998.0999755859375,2029.949951171875,1867.8555908203125,3064163
2019-02-04,2029.949951171875,2055.449951171875,2023.0,2050.25,1886.5345458984375,1590764
2019-02-05,2050.0,2055.0,2028.0,2044.550048828125,1881.2899169921875,1111404
2019-02-06,2049.89990234375,2086.85009765625,2041.050048828125,2074.800048828125,1909.1243896484375,1789812
2019-02-07,2074.75,2097.949951171875,2067.0,2082.89990234375,1916.577392578125,1339945
2019-02-08,2075.0,2089.5,2051.0,2061.39990234375,1896.7943115234375,1684474
2019-02-11,2060.0,2096.0,2048.89990234375,2065.89990234375,1900.9346923828125,1778730
2019-02-12,2070.0,2070.0,2018.0,2051.60009765625,1887.7769775390625,2422903
2019-02-14,2060.050048828125,2075.0,2033.050048828125,2044.5999755859375,1881.335693359375,1724085
2019-02-15,2049.0,2052.0,2010.949951171875,2029.699951171875,1867.62548828125,1930065
2019-02-18,2037.5999755859375,2041.949951171875,1962.6500244140625,1970.300048828125,1812.9688720703125,2942184
2019-02-19,1970.0,1971.0,1892.0,1904.800048828125,1752.698974609375,4408554
2019-02-20,1915.0,1933.800048828125,1881.300048828125,1914.75,1761.8546142578125,4645778
2019-02-21,1914.75,1940.0,1897.050048828125,1914.199951171875,1761.3482666015625,4683919
2019-02-22,1917.199951171875,1930.0,1905.0999755859375,1925.6500244140625,1771.8841552734375,2271955
2019-02-25,1932.5,1990.0,1930.5,1985.1500244140625,1826.632568359375,2934880
2019-02-26,1984.0,2045.1500244140625,1972.25,2038.699951171875,1875.9066162109375,6453309
2019-02-27,2040.0,2074.949951171875,2022.0,2058.10009765625,1893.7578125,4732082
2019-02-28,2060.0,2071.35009765625,1977.5999755859375,1983.449951171875,1825.068603515625,8454295
2019-03-01,1995.050048828125,2005.0,1980.3499755859375,1995.4000244140625,1836.0643310546875,4148548
2019-03-05,2005.0,2007.0,1976.5999755859375,1988.0999755859375,1829.3472900390625,2449622
2019-03-06,1989.300048828125,2015.0,1985.050048828125,1999.5999755859375,1839.92919921875,2635047
2019-03-07,2005.0,2024.050048828125,2000.199951171875,2013.300048828125,1852.5355224609375,2539884
2019-03-08,2025.0,2033.0,2010.050048828125,2022.699951171875,1861.1842041015625,2031071
2019-03-11,2028.9000244140625,2033.0,2003.6500244140625,2014.800048828125,1853.915283203125,3111689
2019-03-12,2014.050048828125,2024.800048828125,2003.0,2012.449951171875,1851.7529296875,2658550
2019-03-13,2013.0,2015.9000244140625,1978.5999755859375,2000.5,1840.7572021484375,1833163
2019-03-14,2004.949951171875,2007.800048828125,1981.0,1987.4000244140625,1828.7032470703125,1905495
2019-03-15,1998.9000244140625,2068.949951171875,1991.0,2039.949951171875,1877.0570068359375,5184318
2019-03-18,2043.0,2064.60009765625,2011.0,2022.800048828125,1861.2763671875,2349915
2019-03-19,2030.0,2030.0,1995.0999755859375,2022.800048828125,1861.2763671875,2373993
2019-03-20,2028.0,2044.800048828125,2000.0,2015.050048828125,1854.145263671875,3091165
2019-03-22,2015.0,2016.0,1983.300048828125,2005.6500244140625,1845.49609375,3148149
2019-03-25,2007.800048828125,2007.800048828125,1977.199951171875,1984.25,1825.8046875,2429205
2019-03-26,1984.0,1994.949951171875,1958.050048828125,1982.6500244140625,1824.3326416015625,2316539
2019-03-27,1994.0,1998.0,1961.0,1967.9000244140625,1810.760498046875,2266166
2019-03-28,1980.0,2014.5999755859375,1972.800048828125,2000.300048828125,1840.5728759765625,4054489
2019-04-01,2010.0,2039.949951171875,2008.25,2031.6500244140625,1869.4197998046875,2095740
2019-04-02,2037.0999755859375,2086.0,2037.0,2079.300048828125,1913.26513671875,3719663
2019-04-03,2085.0,2089.60009765625,2058.10009765625,2079.300048828125,1913.26513671875,2939886
2019-04-04,2078.14990234375,2079.699951171875,2007.4000244140625,2014.5,1853.639404296875,4397518
2019-04-05,2028.6500244140625,2054.39990234375,2018.800048828125,2048.300048828125,1884.740234375,3152103
2019-04-08,2059.0,2075.0,2032.699951171875,2070.75,1905.3973388671875,2194294
2019-04-09,2070.0,2098.0,2057.64990234375,2091.5,1924.4906005859375,2690970
2019-04-10,2083.0,2085.5,2036.0,2040.25,1877.3331298828125,3313062
2019-04-11,2045.0,2055.0,2013.6500244140625,2019.5,1858.2398681640625,3422442
2019-04-12,2038.0,2039.0,2007.0,2014.5,1853.639404296875,3198471
2019-04-15,2070.0,2119.800048828125,2041.0,2113.300048828125,1944.5499267578125,9189201
2019-04-16,2120.0,2155.949951171875,2115.550048828125,2131.800048828125,1961.5726318359375,5771952
2019-04-18,2149.89990234375,2155.0,2114.199951171875,2150.050048828125,1978.3658447265625,3413728
2019-04-22,2148.0,2176.0,2145.60009765625,2161.449951171875,1988.85498046875,2007135
2019-04-23,2163.0,2165.5,2134.050048828125,2155.050048828125,1982.96630859375,2163524
2019-04-24,2158.0,2195.0,2156.10009765625,2183.449951171875,2009.0980224609375,3003071
2019-04-25,2175.0,2205.0,2168.050048828125,2195.0,2019.7259521484375,4211526
2019-04-26,2203.0,2243.949951171875,2193.14990234375,2238.550048828125,2059.79833984375,2716958
2019-04-30,2238.550048828125,2266.949951171875,2230.10009765625,2260.35009765625,2079.857666015625,3488395
2019-05-02,2255.0,2259.39990234375,2211.10009765625,2215.39990234375,2038.4976806640625,2457699
2019-05-03,2185.0,2186.050048828125,2125.0,2132.0,1961.757080078125,3780886
2019-05-06,2110.0,2165.0,2108.5,2157.85009765625,1985.5426025390625,2891422
2019-05-07,2160.050048828125,2184.35009765625,2138.800048828125,2151.949951171875,1980.1141357421875,2201698
2019-05-08,2151.0,2168.0,2130.39990234375,2152.85009765625,1980.9423828125,1824895
2019-05-09,2145.0,2184.10009765625,2136.10009765625,2172.550048828125,1999.068603515625,2264162
2019-05-10,2175.0,2192.0,2125.85009765625,2135.800048828125,1965.2537841796875,2039633
2019-05-13,2133.0,2167.0,2121.64990234375,2128.75,1958.7662353515625,1701744
2019-05-14,2135.0,2159.800048828125,2072.35009765625,2092.35009765625,1925.2730712890625,2456110
2019-05-15,2097.0,2124.0,2084.5,2095.39990234375,1928.079345703125,2346876
2019-05-16,2096.0,2124.0,2077.050048828125,2108.75,1940.36328125,1946529
2019-05-17,2112.60009765625,2135.0,2090.0,2095.449951171875,1928.1251220703125,1947908
2019-05-20,2125.0,2151.39990234375,2050.0,2143.949951171875,1972.752197265625,2625116
2019-05-21,2148.050048828125,2148.699951171875,2102.550048828125,2109.75,1941.2835693359375,1863157
2019-05-22,2110.0,2121.949951171875,2075.0,2081.75,1915.51953125,2595795
2019-05-23,2098.0,2115.35009765625,2050.0,2054.050048828125,1890.03125,2541294
2019-05-24,2070.0,2070.0,2032.25,2048.0,1884.46435546875,2274208
2019-05-27,2054.800048828125,2068.949951171875,2040.0999755859375,2055.14990234375,1891.04296875,2329820
2019-05-28,2060.0,2097.5,2045.0,2073.75,1908.157958984375,5872979
2019-05-29,2080.0,2123.699951171875,2077.10009765625,2107.550048828125,1939.2589111328125,3281320
2019-05-30,2123.0,2156.550048828125,2114.39990234375,2146.300048828125,1974.9146728515625,4971725
2019-05-31,2160.0,2204.949951171875,2152.25,2196.550048828125,2021.152587890625,4265370
2019-06-03,2201.0,2247.64990234375,2185.64990234375,2242.300048828125,2063.24951171875,3682419
2019-06-04,2224.0,2224.0,2175.0,2183.10009765625,2025.0323486328125,2408658
2019-06-06,2199.0,2199.0,2152.0,2166.10009765625,2009.26318359375,3735467
2019-06-07,2174.0,2189.800048828125,2142.10009765625,2181.75,2023.7801513671875,2659446
2019-06-10,2196.699951171875,2235.85009765625,2185.5,2231.5,2069.927978515625,2080593
2019-06-11,2237.0,2263.949951171875,2231.0,2252.800048828125,2089.685546875,3048937
2019-06-12,2245.0,2266.89990234375,2219.0,2260.89990234375,2097.1982421875,2404448
2019-06-13,2264.0,2285.0,2243.050048828125,2254.10009765625,2090.891845703125,3320916
2019-06-14,2257.25,2263.10009765625,2234.0,2254.5,2091.26220703125,2131408
2019-06-17,2256.0,2262.0,2241.449951171875,2249.199951171875,2086.346435546875,1489497
2019-06-18,2244.0,2260.0,2231.199951171875,2250.85009765625,2087.877197265625,1877447
2019-06-19,2255.0,2276.0,2243.14990234375,2259.89990234375,2096.271240234375,1652817
2019-06-20,2230.0,2284.0,2212.0,2277.949951171875,2113.014892578125,2199377
2019-06-21,2285.0,2292.5,2242.0,2249.85009765625,2086.949462890625,3871804
2019-06-24,2254.14990234375,2280.0,2250.800048828125,2275.5,2110.74169921875,1382424
2019-06-25,2270.0,2274.449951171875,2250.5,2267.800048828125,2103.599609375,1386077
2019-06-26,2265.0,2266.800048828125,2250.0,2254.199951171875,2090.984375,1762224
2019-06-27,2255.0,2264.0,2241.300048828125,2252.550048828125,2089.45361328125,2813464
2019-06-28,2260.0,2261.949951171875,2222.5,2227.199951171875,2065.939453125,2372928
2019-07-01,2235.0,2255.0,2206.60009765625,2239.550048828125,2077.39453125,2769940
2019-07-02,2244.89990234375,2257.0,2216.449951171875,2252.10009765625,2089.035888671875,1771746
2019-07-03,2252.199951171875,2258.800048828125,2232.0,2237.64990234375,2075.6318359375,1656881
2019-07-04,2234.0,2252.0,2230.10009765625,2242.64990234375,2080.27001953125,984140
2019-07-05,2247.0,2250.0,2140.0,2163.10009765625,2006.48046875,4088470
2019-07-08,2149.0,2188.800048828125,2132.10009765625,2175.39990234375,2017.8896484375,2788062
2019-07-09,2174.0,2174.39990234375,2104.550048828125,2133.35009765625,1978.88427734375,3977224
2019-07-10,2080.0,2127.85009765625,2071.300048828125,2108.199951171875,1955.5555419921875,6343581
2019-07-11,2128.0,2129.0,2086.050048828125,2102.550048828125,1950.314453125,2400346
2019-07-12,2102.10009765625,2119.75,2093.10009765625,2107.60009765625,1954.9989013671875,1560725
2019-07-15,2125.0,2153.60009765625,2098.0,2145.699951171875,1990.3404541015625,2900415
2019-07-16,2126.0,2132.5,2100.0,2106.0,1958.077392578125,2735399
2019-07-17,2108.0,2125.0,2092.10009765625,2117.25,1968.5372314453125,1802969
2019-07-18,2116.199951171875,2116.199951171875,2060.0,2065.949951171875,1920.84033203125,3072096
2019-07-19,2077.0,2097.0,2062.5,2076.949951171875,1931.0677490234375,1953177
2019-07-22,2077.0,2117.449951171875,2068.800048828125,2109.89990234375,1961.7032470703125,1920167
2019-07-23,2127.89990234375,2130.0,2102.39990234375,2112.449951171875,1964.07470703125,3538588
2019-07-24,2110.0,2120.800048828125,2076.5,2096.800048828125,1949.52392578125,2413196
2019-07-25,2108.89990234375,2135.0,2092.550048828125,2127.89990234375,1978.4393310546875,2544464
2019-07-26,2129.800048828125,2129.800048828125,2095.0,2109.050048828125,1960.9130859375,1720592
2019-07-29,2110.800048828125,2142.0,2103.300048828125,2130.0,1980.3912353515625,1647090
2019-07-30,2130.0,2185.0,2120.449951171875,2179.14990234375,2026.08935546875,2851672
2019-07-31,2171.75,2211.699951171875,2147.14990234375,2205.699951171875,2050.774658203125,3000677
2019-08-01,2200.0,2217.5,2166.25,2180.050048828125,2026.9261474609375,2375236
2019-08-02,2173.0,2210.0,2165.5,2205.300048828125,2050.402587890625,2500816
2019-08-05,2199.89990234375,2252.25,2195.60009765625,2248.60009765625,2090.661865234375,3039682
2019-08-06,2232.800048828125,2251.949951171875,2211.449951171875,2214.89990234375,2059.328857421875,2885467
2019-08-07,2230.0,2238.5,2207.25,2213.449951171875,2057.980712890625,2165362
2019-08-08,2228.89990234375,2281.0,2218.89990234375,2258.10009765625,2099.49365234375,2073298
2019-08-09,2260.0,2267.89990234375,2241.35009765625,2246.25,2088.476318359375,1744550
2019-08-13,2245.0,2246.25,2194.300048828125,2199.449951171875,2044.9637451171875,1647281
2019-08-14,2181.10009765625,2217.85009765625,2167.39990234375,2204.39990234375,2049.565673828125,1945002
2019-08-16,2241.39990234375,2241.39990234375,2143.25,2165.10009765625,2013.02587890625,3755507
2019-08-19,2180.0,2186.0,2157.699951171875,2163.0,2011.0736083984375,974884
2019-08-20,2172.0,2205.0,2166.5,2186.75,2033.156005859375,1843611
2019-08-21,2184.949951171875,2202.0,2182.25,2186.199951171875,2032.64453125,1214408
2019-08-22,2187.0,2235.64990234375,2170.0,2216.0,2060.351806640625,2131601
2019-08-23,2214.949951171875,2259.89990234375,2213.89990234375,2247.699951171875,2089.82470703125,2826425
2019-08-26,2247.0,2282.0,2225.0,2276.300048828125,2116.416015625,2345475
2019-08-27,2270.0,2274.85009765625,2229.0,2236.5,2079.412109375,3432106
2019-08-28,2240.0,2252.14990234375,2216.0,2239.25,2081.968017578125,1294621
2019-08-29,2222.199951171875,2248.199951171875,2222.199951171875,2233.449951171875,2076.576171875,1670652
2019-08-30,2241.0,2266.0,2218.0,2259.60009765625,2100.88916015625,2583625
2019-09-03,2270.0,2296.199951171875,2236.949951171875,2251.60009765625,2093.450927734375,2545060
2019-09-04,2265.0,2270.0,2233.0,2245.39990234375,2087.68603515625,2228092
2019-09-05,2242.199951171875,2253.64990234375,2207.300048828125,2215.300048828125,2059.700927734375,2055943
2019-09-06,2216.0,2233.5,2192.60009765625,2197.5,2043.1510009765625,1890550
2019-09-09,2200.0,2202.85009765625,2179.800048828125,2182.85009765625,2029.52978515625,1703945
2019-09-11,2186.0,2195.0,2146.550048828125,2154.0,2002.7054443359375,2627440
2019-09-12,2155.0,2165.0,2120.35009765625,2133.60009765625,1983.739013671875,2118859
2019-09-13,2135.0,2157.949951171875,2115.550048828125,2141.949951171875,1991.5025634765625,2291174
2019-09-16,2159.949951171875,2173.39990234375,2126.39990234375,2150.0,1998.9873046875,2597948
2019-09-17,2154.949951171875,2156.550048828125,2105.60009765625,2122.64990234375,1973.558349609375,2796530
2019-09-18,2126.39990234375,2142.949951171875,2113.14990234375,2138.550048828125,1988.3414306640625,1454663
2019-09-19,2135.0,2135.800048828125,2091.0,2101.949951171875,1954.3114013671875,1652691
2019-09-20,2104.89990234375,2129.39990234375,2057.0,2065.449951171875,1920.375732421875,6941979
2019-09-23,2099.0,2099.0,1975.0,2015.800048828125,1874.212890625,6323401
2019-09-24,2015.0,2061.0,2013.0,2044.699951171875,1901.0830078125,4620978
2019-09-25,2065.0,2092.0,2060.050048828125,2088.449951171875,1941.760009765625,4002232
2019-09-26,2097.89990234375,2107.0,2063.0,2087.60009765625,1940.969970703125,4234281
2019-09-27,2085.0,2085.199951171875,2051.39990234375,2056.14990234375,1911.7286376953125,2046795
2019-09-30,2061.85009765625,2104.0,2060.0,2099.300048828125,1951.8482666015625,2620039
2019-10-01,2095.949951171875,2095.949951171875,2039.699951171875,2059.949951171875,1915.2615966796875,3342877
2019-10-03,2070.0,2081.14990234375,2046.1500244140625,2060.25,1915.5411376953125,2317618
2019-10-04,2060.60009765625,2087.949951171875,2054.949951171875,2079.35009765625,1933.2994384765625,2163251
2019-10-07,2080.0,2094.5,2041.0,2047.699951171875,1903.872314453125,2177916
2019-10-09,2060.0,2060.0,2015.5,2020.0999755859375,1878.2109375,2066920
2019-10-10,2028.0,2039.050048828125,1997.0999755859375,2004.449951171875,1863.6600341796875,2881452
2019-10-11,1931.0,1995.0,1925.0,1986.8499755859375,1847.2965087890625,12593069
2019-10-14,1995.0,2032.75,1968.0,2021.0,1879.0479736328125,3510704
2019-10-15,2032.0,2047.0,2022.699951171875,2037.300048828125,1894.202880859375,2261310
2019-10-16,2038.0,2056.0,2016.0,2046.4000244140625,1902.663818359375,3034082
2019-10-17,2014.0,2038.0,1999.300048828125,2030.949951171875,1892.924072265625,3818774
2019-10-18,2037.5,2063.89990234375,2025.0,2057.35009765625,1917.5296630859375,3087901
2019-10-22,2080.0,2111.5,2040.050048828125,2051.39990234375,1911.98388671875,5552505
2019-10-23,2060.0,2083.85009765625,2052.5,2070.10009765625,1929.41357421875,2348134
2019-10-24,2084.0,2099.0,2061.300048828125,2082.0,1940.5047607421875,2798671
2019-10-25,2094.0,2130.0,2075.050048828125,2124.949951171875,1980.5357666015625,3954245
2019-10-27,2129.0,2129.0,2108.800048828125,2115.699951171875,1971.9144287109375,224405
2019-10-29,2121.5,2201.699951171875,2121.5,2194.85009765625,2045.6846923828125,5064173
2019-10-30,2225.0,2260.0,2176.85009765625,2252.800048828125,2099.69677734375,5195136
2019-10-31,2250.0,2284.949951171875,2237.0,2269.64990234375,2115.40185546875,4879261
2019-11-01,2264.0,2275.0,2195.0,2200.89990234375,2051.323974609375,4172620
2019-11-04,2207.0,2229.199951171875,2180.89990234375,2193.949951171875,2044.8468017578125,2646411
2019-11-05,2197.0,2211.0,2169.0,2201.85009765625,2052.209716796875,2693475
2019-11-06,2200.0,2210.800048828125,2179.0,2188.5,2039.7659912109375,2540719
2019-11-07,2204.5,2204.5,2175.199951171875,2185.35009765625,2036.830810546875,1915598
2019-11-08,2189.60009765625,2189.60009765625,2124.0,2129.949951171875,1985.195556640625,2788759
2019-11-11,2135.0,2139.0,2091.0,2100.949951171875,1958.16650390625,2983768
2019-11-13,2118.0,2183.800048828125,2118.0,2178.60009765625,2030.5391845703125,3823365
2019-11-14,2187.5,2200.0,2146.699951171875,2196.800048828125,2047.502685546875,2995915
2019-11-15,2196.0,2211.5,2168.75,2174.449951171875,2026.67138671875,2724180
2019-11-18,2178.39990234375,2187.75,2148.75,2152.60009765625,2006.306884765625,1611089
2019-11-19,2153.0,2154.64990234375,2105.0,2108.800048828125,1965.483154296875,2975313
2019-11-20,2121.949951171875,2135.0,2094.5,2108.550048828125,1965.25,2894129
2019-11-21,2112.0,2126.60009765625,2107.39990234375,2118.10009765625,1974.151123046875,2052574
2019-11-22,2097.0,2107.0,2060.5,2071.699951171875,1930.904541015625,3742049
2019-11-25,2074.550048828125,2084.949951171875,2052.199951171875,2081.5,1940.03857421875,2737010
2019-11-26,2089.85009765625,2097.89990234375,2035.050048828125,2046.6500244140625,1907.55712890625,6561580
2019-11-27,2052.0,2071.699951171875,2046.550048828125,2054.300048828125,1914.6873779296875,2907521
2019-11-28,2067.050048828125,2094.39990234375,2060.0,2077.35009765625,1936.1705322265625,2924429
2019-11-29,2085.0,2085.0,2045.800048828125,2053.25,1913.708251953125,2064271
2019-12-02,2060.0,2067.699951171875,2016.0,2021.050048828125,1883.6966552734375,3809860
2019-12-03,2027.699951171875,2062.0,2010.0,2051.0,1911.6112060546875,4664774
2019-12-04,2053.0,2082.0,2045.5,2078.5,1937.2420654296875,3334301
2019-12-05,2083.0,2126.800048828125,2068.35009765625,2121.300048828125,1977.134033203125,3902721
2019-12-06,2124.0,2128.0,2101.0,2123.60009765625,1979.2772216796875,1829461
2019-12-09,2127.949951171875,2127.949951171875,2053.5,2060.449951171875,1920.4189453125,2244747
2019-12-10,2060.0,2060.85009765625,2003.25,2012.8499755859375,1876.0540771484375,4520045
2019-12-11,2025.4000244140625,2048.0,2006.75,2041.9000244140625,1903.1297607421875,4943024
2019-12-12,2051.10009765625,2083.64990234375,1984.0,2020.9000244140625,1883.556884765625,7137306
2019-12-13,2023.0,2077.39990234375,2007.0,2071.25,1930.485107421875,5711133
2019-12-16,2096.0,2136.0,2080.300048828125,2126.75,1982.2130126953125,5574177
2019-12-17,2126.5,2169.0,2119.0,2164.949951171875,2017.817626953125,6059673
2019-12-18,2174.0,2203.449951171875,2153.0,2167.75,2020.427001953125,8251081
2019-12-19,2179.800048828125,2236.5,2167.550048828125,2229.050048828125,2077.560791015625,6251505
2019-12-20,2220.0,2246.699951171875,2208.25,2222.89990234375,2071.828857421875,5548338
2019-12-23,2210.0,2241.949951171875,2210.0,2231.699951171875,2080.0302734375,2247329
2019-12-24,2239.0,2243.550048828125,2211.14990234375,2215.60009765625,2065.02490234375,1805896
2019-12-26,2216.39990234375,2229.0,2195.199951171875,2201.949951171875,2052.302490234375,1880367
2019-12-27,2208.0,2226.39990234375,2176.0,2198.5,2049.0869140625,2720261
2019-12-30,2207.0,2225.0,2177.10009765625,2183.199951171875,2034.8267822265625,2288830
2019-12-31,2189.0,2197.0,2157.449951171875,2161.699951171875,2014.787841796875,1909289
2020-01-01,2168.0,2183.89990234375,2154.0,2167.60009765625,2020.2874755859375,1354908
2020-01-02,2179.949951171875,2179.949951171875,2149.199951171875,2157.64990234375,2011.0130615234375,2380752
2020-01-03,2164.0,2223.0,2164.0,2200.64990234375,2051.09033203125,4655761
2020-01-06,2205.0,2225.949951171875,2187.89990234375,2200.449951171875,2050.904541015625,3023209
2020-01-07,2200.5,2214.64990234375,2183.800048828125,2205.85009765625,2055.937744140625,2429317
2020-01-08,2205.0,2260.0,2202.050048828125,2255.25,2101.979736328125,5197454
2020-01-09,2248.75,2251.949951171875,2210.0,2214.35009765625,2063.859375,3734173
2020-01-10,2228.0,2234.0,2208.0,2213.550048828125,2063.1142578125,1915807
2020-01-13,2217.85009765625,2218.949951171875,2184.699951171875,2190.35009765625,2041.490478515625,2843893
2020-01-14,2195.0,2229.800048828125,2195.0,2206.89990234375,2056.916015625,2948452
2020-01-15,2213.0,2231.0,2194.199951171875,2226.89990234375,2075.556884765625,2620681
2020-01-16,2226.949951171875,2249.0,2215.0,2238.800048828125,2086.648193359375,3117214
2020-01-17,2240.75,2253.550048828125,2213.0,2219.10009765625,2068.287353515625,3281059
2020-01-20,2194.89990234375,2242.199951171875,2156.199951171875,2170.35009765625,2022.849853515625,5817599
2020-01-21,2169.949951171875,2186.550048828125,2158.050048828125,2171.050048828125,2023.5020751953125,1902980
2020-01-22,2181.0,2210.0,2173.699951171875,2206.89990234375,2056.916015625,1773686
2020-01-23,2209.800048828125,2217.75,2183.699951171875,2190.949951171875,2046.68701171875,2069866
2020-01-24,2190.949951171875,2190.949951171875,2170.0,2183.39990234375,2039.6339111328125,1319430
2020-01-27,2189.699951171875,2193.449951171875,2165.0,2169.25,2026.4156494140625,1549101
2020-01-28,2174.0,2187.800048828125,2152.0,2183.75,2039.961181640625,1743024
2020-01-29,2185.0,2186.949951171875,2150.0,2154.60009765625,2012.7305908203125,2306761
2020-01-30,2160.0,2165.0,2125.0,2137.85009765625,1997.0833740234375,2098567
2020-01-31,2139.39990234375,2144.35009765625,2071.60009765625,2079.050048828125,1942.1552734375,3287223
2020-02-03,2152.0,2194.699951171875,2093.199951171875,2102.5,1964.0609130859375,4728073
2020-02-04,2129.0,2136.699951171875,2086.60009765625,2107.75,1968.9654541015625,3509339
2020-02-05,2115.0,2156.699951171875,2104.300048828125,2146.550048828125,2005.2108154296875,2439322
2020-02-06,2145.0,2174.199951171875,2115.5,2128.35009765625,1988.208740234375,2640065
2020-02-07,2139.0,2151.0,2119.0,2136.550048828125,1995.869140625,2083442
2020-02-10,2140.89990234375,2167.0,2119.0,2161.949951171875,2019.5965576171875,2383032
2020-02-11,2163.0,2174.800048828125,2147.60009765625,2153.39990234375,2011.6094970703125,1335820
2020-02-12,2151.10009765625,2185.0,2150.0,2170.75,2027.8170166015625,1620407
2020-02-13,2172.949951171875,2197.0,2171.0,2191.949951171875,2047.6212158203125,1645948
2020-02-14,2188.0,2212.0,2171.0,2184.199951171875,2040.3814697265625,1500115
2020-02-17,2196.949951171875,2217.0,2190.199951171875,2203.25,2058.177001953125,1774724
2020-02-18,2199.949951171875,2221.0,2186.050048828125,2215.75,2069.854248046875,2486223
2020-02-19,2215.75,2230.0,2190.5,2196.35009765625,2051.73095703125,1760463
2020-02-20,2204.5,2214.39990234375,2151.25,2156.800048828125,2014.7860107421875,2317278
2020-02-24,2156.0,2178.949951171875,2106.699951171875,2115.35009765625,1976.064697265625,3092877
2020-02-25,2115.5,2176.64990234375,2111.0,2156.14990234375,2014.1785888671875,2674567
2020-02-26,2154.0,2163.89990234375,2112.949951171875,2123.60009765625,1983.771728515625,2686842
2020-02-27,2119.949951171875,2119.949951171875,2086.199951171875,2105.5,1966.863525390625,2349001
2020-02-28,2068.0,2069.5,1990.0,2000.1500244140625,1868.4505615234375,4298076
2020-03-02,2035.0,2053.949951171875,1985.699951171875,2001.300048828125,1869.5244140625,2667076
2020-03-03,2020.0,2060.0,2012.0,2036.199951171875,1902.1270751953125,2757585
2020-03-04,2056.0,2094.449951171875,2025.0,2083.199951171875,1946.0321044921875,3237002
2020-03-05,2085.699951171875,2147.75,2084.050048828125,2125.050048828125,1985.12646484375,3937056
2020-03-06,2098.0,2123.64990234375,2071.60009765625,2116.449951171875,1977.0921630859375,2595027
2020-03-09,2075.0,2079.89990234375,1935.0,1972.3499755859375,1842.48095703125,4940975
2020-03-11,1933.0,1987.300048828125,1920.0,1953.699951171875,1825.05859375,6796449
2020-03-12,1904.0,1908.4000244140625,1758.3499755859375,1769.8499755859375,1653.314453125,8728786
2020-03-13,1687.9000244140625,1820.0,1506.050048828125,1806.300048828125,1687.364501953125,8029720
2020-03-16,1755.0,1842.25,1675.8499755859375,1696.4000244140625,1584.700927734375,7844271
2020-03-17,1730.0,1731.0,1623.1500244140625,1658.0,1548.8294677734375,5713248
2020-03-18,1676.800048828125,1713.550048828125,1627.75,1654.4000244140625,1545.466064453125,7258778
2020-03-19,1559.699951171875,1685.449951171875,1546.75,1636.3499755859375,1539.7730712890625,5135111
2020-03-20,1630.0,1869.0,1627.0,1797.449951171875,1691.364990234375,8547498
2020-03-23,1620.0,1750.0,1617.75,1669.699951171875,1571.1551513671875,7003490
2020-03-24,1653.050048828125,1770.0,1632.8499755859375,1703.1500244140625,1602.630859375,6350865
2020-03-25,1700.0,1810.0,1680.0,1750.300048828125,1646.9981689453125,2765520
2020-03-26,1831.5999755859375,1832.050048828125,1722.550048828125,1790.949951171875,1685.24853515625,4556067
2020-03-27,1820.0,1850.0,1750.4000244140625,1824.5,1716.818603515625,4331250
2020-03-30,1766.0,1905.0,1763.550048828125,1778.5,1673.53369140625,8513547
2020-03-31,1837.4000244140625,1855.0,1780.0,1826.0999755859375,1718.3240966796875,3927593
2020-04-01,1825.9000244140625,1834.75,1702.0,1708.75,1607.900390625,4941878
2020-04-03,1740.0,1740.0,1650.0,1654.199951171875,1556.5697021484375,5735369
2020-04-07,1710.0,1785.8499755859375,1705.0,1775.199951171875,1670.428466796875,5427577
2020-04-08,1760.0,1806.0,1701.0,1705.449951171875,1604.794921875,6285615
2020-04-09,1750.449951171875,1778.800048828125,1731.199951171875,1766.1500244140625,1661.9124755859375,5307397
2020-04-13,1761.0,1787.0,1746.0,1759.25,1655.419677734375,2990438
2020-04-15,1785.0,1812.0,1727.800048828125,1735.1500244140625,1632.7423095703125,4761399
2020-04-16,1709.949951171875,1764.9000244140625,1675.050048828125,1716.050048828125,1614.769775390625,6245533
2020-04-17,1800.0,1851.949951171875,1753.0,1806.199951171875,1699.5987548828125,9895823
2020-04-20,1830.0,1830.0,1802.5,1818.6500244140625,1711.314208984375,3244282
2020-04-21,1765.0,1794.5999755859375,1727.699951171875,1737.6500244140625,1635.0948486328125,5122541
2020-04-22,1737.6500244140625,1790.0,1719.1500244140625,1769.5,1665.0648193359375,3829836
2020-04-23,1780.0,1900.0,1760.8499755859375,1878.25,1767.3963623046875,5934366
2020-04-24,1840.699951171875,1851.949951171875,1807.800048828125,1818.550048828125,1711.2197265625,2987102
2020-04-27,1832.300048828125,1875.0,1825.0,1836.5999755859375,1728.204345703125,3374741
2020-04-28,1865.0,1868.0,1832.5999755859375,1859.050048828125,1749.32958984375,2678505
2020-04-29,1874.0,1912.550048828125,1850.050048828125,1905.6500244140625,1793.1793212890625,4241510
2020-04-30,1980.0,2032.0,1942.199951171875,2014.449951171875,1895.55810546875,5915544
2020-05-04,1966.0,1966.0,1913.6500244140625,1930.449951171875,1816.515625,3729348
2020-05-05,1955.0999755859375,1977.0,1927.0,1932.75,1818.6798095703125,2905528
2020-05-06,1939.800048828125,1953.699951171875,1893.5999755859375,1903.5999755859375,1791.2503662109375,3517431
2020-05-07,1910.0,1934.449951171875,1883.3499755859375,1891.6500244140625,1780.0057373046875,3166754
2020-05-08,1939.0999755859375,1939.5,1886.25,1893.4000244140625,1781.65234375,2686530
2020-05-11,1909.0,1951.4000244140625,1909.0,1935.300048828125,1821.0794677734375,2449841
2020-05-12,1933.4000244140625,1956.5,1910.25,1949.5,1834.441162109375,3256595
2020-05-13,1994.0,1994.0,1925.6500244140625,1949.6500244140625,1834.582275390625,2656665
2020-05-14,1910.0,1923.0999755859375,1891.0999755859375,1902.3499755859375,1790.0740966796875,2263146
2020-05-15,1916.0,1917.4000244140625,1865.199951171875,1892.9000244140625,1781.1817626953125,3173682
2020-05-18,1907.0,1952.949951171875,1872.0999755859375,1945.5999755859375,1830.7713623046875,3727694
2020-05-19,1903.0,1966.449951171875,1903.0,1948.6500244140625,1833.641357421875,3198693
2020-05-20,1950.0,1962.9000244140625,1931.699951171875,1953.5999755859375,1838.29931640625,2778505
2020-05-21,1946.0,1998.0,1941.1500244140625,1991.199951171875,1873.68017578125,3400908
2020-05-22,1977.0999755859375,2032.0,1961.25,2020.3499755859375,1901.110107421875,3663418
2020-05-26,2015.0,2024.0,1925.0,1943.0,1828.3248291015625,4575317
2020-05-27,1959.0,2010.0,1941.25,2005.300048828125,1886.9481201171875,3482160
2020-05-28,1988.5,2014.0,1971.300048828125,2004.300048828125,1886.0069580078125,3475681
2020-05-29,1982.0,2002.6500244140625,1962.4000244140625,1972.3499755859375,1855.942626953125,7237735
2020-06-01,1990.0,2060.0,1981.0999755859375,2045.25,1924.5404052734375,3747773
2020-06-02,2060.199951171875,2081.0,2040.050048828125,2047.1500244140625,1926.328125,2443886
2020-06-03,2051.85009765625,2063.75,2020.0,2046.1500244140625,1931.0469970703125,3699799
2020-06-04,2046.75,2100.0,2046.75,2091.550048828125,1973.89306640625,4048593
2020-06-05,2091.60009765625,2098.0,2040.300048828125,2048.25,1933.0286865234375,3573289
2020-06-08,2078.25,2095.0,2062.10009765625,2071.75,1955.206787109375,2957841
2020-06-09,2063.10009765625,2095.5,2060.25,2072.050048828125,1955.48974609375,2909439
2020-06-10,2077.050048828125,2132.0,2073.5,2108.75,1990.125,5168397
2020-06-11,2100.0,2105.0,2061.800048828125,2067.64990234375,1951.337158203125,2269513
2020-06-12,2011.199951171875,2049.199951171875,2011.0,2039.5,1924.7711181640625,2842642
2020-06-15,2039.0999755859375,2059.0,2000.949951171875,2029.9000244140625,1915.7109375,2399022
2020-06-16,2065.0,2073.949951171875,2031.0,2045.800048828125,1930.716552734375,2146528
2020-06-17,2046.0,2058.85009765625,2026.550048828125,2047.800048828125,1932.6038818359375,2703527
2020-06-18,2045.0,2059.199951171875,2025.199951171875,2038.0999755859375,1923.449462890625,1944389
2020-06-19,2042.0,2090.0,2032.0,2044.5999755859375,1929.5838623046875,5681758
2020-06-22,2050.0,2052.25,2019.1500244140625,2027.949951171875,1913.8707275390625,3196138
2020-06-23,2027.0,2044.0,2010.0,2035.300048828125,1920.806884765625,4205944
2020-06-24,2034.0,2064.25,2031.5999755859375,2042.199951171875,1927.3189697265625,2560937
2020-06-25,2035.0,2060.0,2009.25,2016.0999755859375,1902.687255859375,3043931
2020-06-26,2025.0,2132.0,2019.949951171875,2118.85009765625,1999.6572265625,6300722
2020-06-29,2108.0,2127.60009765625,2091.300048828125,2101.64990234375,1983.424560546875,3076341
2020-06-30,2100.0,2111.89990234375,2075.050048828125,2082.14990234375,1965.0216064453125,3071725
2020-07-01,2079.699951171875,2113.949951171875,2079.5,2092.050048828125,1974.3648681640625,2503466
2020-07-02,2102.0,2165.0,2098.0,2157.14990234375,2035.80224609375,3758699
2020-07-03,2163.64990234375,2205.0,2160.25,2199.64990234375,2075.911865234375,4185208
2020-07-06,2205.0,2269.89990234375,2205.0,2263.199951171875,2135.88671875,5190366
2020-07-07,2275.0,2302.699951171875,2232.14990234375,2269.89990234375,2142.2099609375,5630055
2020-07-08,2270.0,2274.39990234375,2207.60009765625,2218.89990234375,2094.0791015625,2793358
2020-07-09,2229.0,2244.5,2191.050048828125,2204.35009765625,2080.347412109375,3443998
2020-07-10,2205.25,2249.85009765625,2176.0,2222.35009765625,2097.33544921875,9610320
2020-07-13,2220.0,2244.949951171875,2210.0,2220.0,2095.1171875,2963503
2020-07-14,2210.0,2239.0,2165.0,2171.949951171875,2049.769775390625,2976738
2020-07-15,2185.0,2260.0,2181.10009765625,2233.89990234375,2108.234619140625,5569321
2020-07-16,2244.0,2333.0,2220.10009765625,2234.75,2113.76806640625,8582118
2020-07-17,2237.0,2243.89990234375,2190.050048828125,2200.75,2081.609130859375,4509135
2020-07-20,2201.0,2226.89990234375,2190.800048828125,2207.89990234375,2088.37158203125,2952646
2020-07-21,2230.0,2238.64990234375,2201.14990234375,2225.050048828125,2104.59326171875,2665286
2020-07-22,2231.0,2231.0,2184.199951171875,2190.949951171875,2072.33935546875,2861534
2020-07-23,2190.949951171875,2190.949951171875,2163.0,2171.199951171875,2053.65869140625,2265766
2020-07-24,2154.5,2163.0,2125.10009765625,2157.39990234375,2040.60595703125,3665100
2020-07-27,2165.0,2215.0,2163.5,2206.800048828125,2087.33203125,4248480
2020-07-28,2215.0,2320.0,2215.0,2309.75,2184.70849609375,8092319
2020-07-29,2292.0,2342.0,2246.050048828125,2276.050048828125,2152.83251953125,6090431
2020-07-30,2285.89990234375,2358.0,2272.25,2279.5,2156.09619140625,7098496
2020-07-31,2303.14990234375,2334.800048828125,2257.449951171875,2281.39990234375,2157.89306640625,4723290
2020-08-03,2290.449951171875,2303.85009765625,2230.699951171875,2254.14990234375,2132.117919921875,4012337
2020-08-04,2259.949951171875,2269.64990234375,2225.050048828125,2249.699951171875,2127.909423828125,2927928
2020-08-05,2260.0,2300.0,2253.0,2259.5,2137.178466796875,3800641
2020-08-06,2275.0,2319.5,2265.35009765625,2308.10009765625,2183.147705078125,4748047
2020-08-07,2308.0,2328.0,2287.0,2295.35009765625,2171.088134765625,3165491
2020-08-10,2318.0,2325.0,2276.050048828125,2282.800048828125,2159.216796875,2929353
2020-08-11,2283.0,2312.0,2275.60009765625,2279.89990234375,2156.473876953125,2774423
2020-08-12,2288.35009765625,2296.39990234375,2246.550048828125,2257.35009765625,2135.145263671875,3415751
2020-08-13,2273.0,2300.0,2250.5,2254.449951171875,2132.402099609375,2695682
2020-08-14,2277.0,2281.300048828125,2233.10009765625,2242.14990234375,2120.76806640625,2270405
2020-08-17,2263.0,2270.0,2238.25,2253.39990234375,2131.408935546875,2625630
2020-08-18,2262.800048828125,2289.0,2248.300048828125,2269.75,2146.873779296875,3493374
2020-08-19,2276.35009765625,2284.60009765625,2252.5,2256.60009765625,2134.435791015625,2843005
2020-08-20,2257.0,2276.550048828125,2240.050048828125,2252.85009765625,2130.88916015625,2895164
2020-08-21,2260.0,2271.0,2241.050048828125,2248.60009765625,2126.869140625,1975294
2020-08-24,2250.60009765625,2259.949951171875,2230.0,2248.10009765625,2126.39599609375,2167966
2020-08-25,2245.0,2250.0,2233.550048828125,2242.64990234375,2121.240478515625,1663419
2020-08-26,2242.0,2259.89990234375,2216.449951171875,2253.5,2131.503662109375,2618149
2020-08-27,2266.0,2287.35009765625,2241.75,2248.39990234375,2126.67919921875,3579393
2020-08-28,2268.39990234375,2279.949951171875,2235.10009765625,2238.550048828125,2117.362548828125,2941136
2020-08-31,2240.0,2276.199951171875,2228.0,2257.25,2135.05029296875,6018154
2020-09-01,2269.0,2278.0,2241.300048828125,2246.35009765625,2124.740478515625,3610908
2020-09-02,2247.0,2268.75,2241.64990234375,2265.14990234375,2142.5224609375,2084137
2020-09-03,2268.0,2324.0,2268.0,2299.5,2175.012451171875,4654146
2020-09-04,2275.0,2324.25,2262.949951171875,2288.800048828125,2164.891845703125,5231303
2020-09-07,2289.0,2343.5,2283.35009765625,2327.050048828125,2201.071533203125,4620401
2020-09-08,2335.949951171875,2390.449951171875,2327.050048828125,2348.199951171875,2221.07666015625,7453998
2020-09-09,2325.0,2359.0,2320.0,2327.64990234375,2201.63916015625,3866535
2020-09-10,2335.0,2348.5,2324.300048828125,2331.14990234375,2204.949462890625,2308813
2020-09-11,2330.949951171875,2383.0,2330.14990234375,2374.10009765625,2245.5751953125,4145424
2020-09-14,2384.10009765625,2505.75,2381.85009765625,2491.39990234375,2356.524169921875,7512131
2020-09-15,2491.39990234375,2538.0,2464.60009765625,2491.39990234375,2356.524169921875,7318770
2020-09-16,2488.949951171875,2507.60009765625,2477.300048828125,2503.0,2367.49609375,3074003
2020-09-17,2480.0,2495.75,2450.60009765625,2460.949951171875,2327.722412109375,4828176
2020-09-18,2485.0,2500.39990234375,2436.39990234375,2449.89990234375,2317.27099609375,4183256
2020-09-21,2465.0,2504.89990234375,2452.14990234375,2465.300048828125,2331.83740234375,4598809
2020-09-22,2485.0,2555.0,2458.0,2522.949951171875,2386.366455078125,7499613
2020-09-23,2510.0,2519.85009765625,2409.0,2467.449951171875,2333.870849609375,7502280
2020-09-24,2450.0,2450.0,2302.60009765625,2332.25,2205.990234375,8424708
2020-09-25,2368.0,2440.0,2352.10009765625,2422.300048828125,2291.165771484375,8228267
2020-09-28,2440.0,2444.0,2366.0,2426.300048828125,2294.948486328125,4347166
2020-09-29,2434.85009765625,2511.050048828125,2426.300048828125,2488.39990234375,2353.686767578125,6995811
2020-09-30,2489.0,2505.0,2460.0,2492.300048828125,2357.37548828125,3917166
2020-10-01,2510.0,2540.0,2492.300048828125,2523.449951171875,2386.8388671875,2610337
2020-10-05,2620.0,2728.10009765625,2603.050048828125,2705.800048828125,2559.3173828125,17412105
2020-10-06,2736.0,2736.0,2650.10009765625,2714.300048828125,2567.357421875,9846367
2020-10-07,2742.0,2770.0,2703.0,2735.949951171875,2587.835205078125,9656101
2020-10-08,2800.0,2885.0,2800.0,2825.699951171875,2672.7265625,19839329
2020-10-09,2810.0,2829.85009765625,2780.0,2812.949951171875,2660.666748046875,7739245
2020-10-12,2815.5,2854.0,2800.75,2830.0,2676.79345703125,4623203
2020-10-13,2845.0,2854.89990234375,2812.199951171875,2826.550048828125,2673.5302734375,4209878
2020-10-14,2842.0,2842.0,2787.550048828125,2809.60009765625,2668.828857421875,4395936
2020-10-15,2811.0,2827.75,2727.0,2740.60009765625,2603.285888671875,6629355
2020-10-16,2750.10009765625,2771.64990234375,2731.300048828125,2763.300048828125,2624.848388671875,5273773
2020-10-19,2774.0,2774.0,2706.60009765625,2711.550048828125,2575.69140625,3331194
2020-10-20,2725.0,2759.89990234375,2717.949951171875,2739.0,2601.765869140625,3406273
2020-10-21,2739.0,2749.0,2663.050048828125,2675.39990234375,2541.352294921875,4570143
2020-10-22,2661.0,2686.64990234375,2638.10009765625,2671.14990234375,2537.31494140625,5262294
2020-10-23,2687.800048828125,2702.0,2670.10009765625,2686.800048828125,2552.181396484375,3499091
2020-10-26,2689.949951171875,2709.949951171875,2670.5,2688.199951171875,2553.510986328125,2672752
2020-10-27,2699.75,2718.14990234375,2624.10009765625,2630.14990234375,2498.368896484375,3537502
2020-10-28,2650.0,2655.949951171875,2606.0,2622.199951171875,2490.8173828125,3569445
2020-10-29,2608.0,2655.0,2600.25,2632.64990234375,2500.74462890625,3105968
2020-10-30,2636.10009765625,2674.35009765625,2621.60009765625,2664.85009765625,2531.331298828125,3427003
2020-11-02,2660.0,2664.85009765625,2600.050048828125,2604.60009765625,2474.099609375,2571196
2020-11-03,2604.0,2665.0,2601.050048828125,2633.60009765625,2501.646728515625,2879269
2020-11-04,2610.0,2721.85009765625,2610.0,2653.14990234375,2520.217041015625,4893928
2020-11-05,2685.0,2710.0,2667.0,2685.699951171875,2551.13623046875,2816502
2020-11-06,2699.0,2713.25,2681.300048828125,2707.449951171875,2571.796630859375,3884421
2020-11-09,2731.10009765625,2744.0,2695.10009765625,2726.60009765625,2589.986572265625,3646592
2020-11-10,2697.199951171875,2713.14990234375,2638.35009765625,2649.60009765625,2516.845458984375,4760020
2020-11-11,2667.949951171875,2692.800048828125,2643.39990234375,2687.800048828125,2553.131103515625,3242441
2020-11-12,2686.0,2713.0,2661.75,2671.050048828125,2537.219970703125,2437505
2020-11-13,2655.75,2664.89990234375,2636.0,2656.85009765625,2523.73193359375,2548093
2020-11-14,2677.949951171875,2689.0,2660.050048828125,2670.35009765625,2536.555908203125,298819
2020-11-17,2695.0,2695.0,2650.050048828125,2666.050048828125,2532.470703125,2827273
2020-11-18,2661.0,2664.199951171875,2607.050048828125,2626.64990234375,2495.044677734375,2893762
2020-11-19,2637.0,2676.14990234375,2630.85009765625,2636.89990234375,2504.781005859375,4167501
2020-11-20,2655.0,2676.0,2627.550048828125,2660.25,2526.961181640625,2711471
2020-11-23,2690.0,2730.0,2665.0,2724.25,2587.75439453125,3706418
2020-11-24,2734.39990234375,2743.0,2705.0,2722.050048828125,2585.66455078125,3120516
2020-11-25,2729.0,2732.949951171875,2688.199951171875,2701.300048828125,2565.955078125,3302249
2020-11-26,2686.0,2730.949951171875,2680.0,2720.60009765625,2584.2880859375,2341099
2020-11-27,2705.0,2717.699951171875,2669.050048828125,2679.64990234375,2545.389404296875,6086808
2020-12-01,2679.0,2735.89990234375,2624.449951171875,2726.800048828125,2590.1767578125,3605017
2020-12-02,2719.0,2754.699951171875,2702.449951171875,2749.550048828125,2611.787353515625,2509032
2020-12-03,2773.89990234375,2773.89990234375,2700.800048828125,2709.449951171875,2573.6962890625,2852548
2020-12-04,2710.800048828125,2738.85009765625,2699.0,2727.550048828125,2590.889404296875,2686527
2020-12-07,2715.0,2744.0,2706.14990234375,2737.699951171875,2600.53076171875,1996400
2020-12-08,2740.0,2805.550048828125,2732.449951171875,2797.300048828125,2657.144775390625,4277818
2020-12-09,2815.0,2840.0,2793.14990234375,2810.800048828125,2669.96826171875,3659996
2020-12-10,2818.0,2827.300048828125,2780.25,2784.300048828125,2644.79638671875,2127801
2020-12-11,2792.699951171875,2807.699951171875,2764.550048828125,2783.60009765625,2644.131103515625,1795408
2020-12-14,2802.0,2804.0,2756.25,2797.699951171875,2657.524658203125,2483658
2020-12-15,2786.0,2794.699951171875,2755.0,2761.550048828125,2623.185791015625,2365509
2020-12-16,2779.0,2819.800048828125,2760.449951171875,2814.199951171875,2673.198486328125,2565149
2020-12-17,2811.0,2853.699951171875,2805.0,2838.199951171875,2695.99560546875,2863460
2020-12-18,2868.0,2898.0,2846.199951171875,2861.0,2717.653076171875,6076692
2020-12-21,2861.0,2886.5,2785.0,2820.14990234375,2678.849365234375,2705195
2020-12-22,2834.0,2883.64990234375,2818.64990234375,2872.5,2728.5771484375,2881737
2020-12-23,2876.050048828125,2919.0,2865.449951171875,2908.75,2763.010498046875,2790988
2020-12-24,2909.0,2921.35009765625,2883.199951171875,2909.35009765625,2763.58056640625,1807144
2020-12-28,2910.0,2949.699951171875,2902.0,2929.39990234375,2782.6259765625,2108994
2020-12-29,2920.0,2952.0,2920.0,2930.5,2783.6708984375,1994151
2020-12-30,2934.39990234375,2947.699951171875,2902.0,2909.300048828125,2763.533447265625,2637968
2020-12-31,2900.0,2905.0,2845.0,2862.75,2719.31591796875,4040956
2021-01-01,2880.0,2940.0,2879.0,2928.25,2781.533203125,2681440
2021-01-04,2950.0,3050.75,2940.949951171875,3039.449951171875,2887.162109375,5113293
2021-01-05,3039.60009765625,3114.25,3039.60009765625,3093.0,2938.02880859375,5801309
2021-01-06,3100.0,3113.5,3037.199951171875,3051.5,2898.6083984375,3726716
2021-01-07,3075.0,3080.85009765625,3000.25,3032.800048828125,2880.844970703125,3717827
2021-01-08,3090.0,3128.0,3060.0,3120.89990234375,2964.53173828125,5879039
2021-01-11,3230.0,3230.0,3146.550048828125,3176.449951171875,3017.2978515625,9508039
2021-01-12,3176.449951171875,3210.0,3150.0,3174.85009765625,3015.778076171875,3611458
2021-01-13,3175.0,3177.0,3126.25,3158.949951171875,3000.675048828125,3572801
2021-01-14,3155.0,3266.5,3120.39990234375,3250.699951171875,3093.70361328125,6931542
2021-01-15,3235.0,3274.0,3210.0,3233.35009765625,3077.19189453125,4131692
2021-01-18,3250.0,3256.75,3187.39990234375,3221.75,3066.151611328125,4160906
2021-01-19,3233.0,3279.0,3232.0,3260.699951171875,3103.220458984375,2975735
2021-01-20,3270.0,3327.949951171875,3267.10009765625,3308.800048828125,3148.997314453125,3453446
2021-01-21,3305.0,3309.14990234375,3262.10009765625,3273.85009765625,3115.73583984375,2778546
2021-01-22,3241.89990234375,3325.0,3241.89990234375,3303.10009765625,3143.5732421875,3052459
2021-01-25,3308.949951171875,3339.800048828125,3278.64990234375,3291.300048828125,3132.34326171875,2272887
2021-01-27,3300.0,3306.449951171875,3227.0,3261.050048828125,3103.553955078125,2786662
2021-01-28,3230.0,3275.0,3183.800048828125,3196.550048828125,3042.1689453125,3083938
2021-01-29,3210.050048828125,3216.85009765625,3100.0,3111.35009765625,2961.083984375,5445659
2021-02-01,3100.0,3165.0,3044.10009765625,3139.35009765625,2987.731689453125,3985846
2021-02-02,3174.0,3224.0,3150.0,3203.449951171875,3048.735595703125,2881837
2021-02-03,3213.0,3236.0,3162.64990234375,3200.050048828125,3045.5,2505866
2021-02-04,3216.050048828125,3237.85009765625,3176.0,3188.449951171875,3034.460693359375,2057261
2021-02-05,3198.949951171875,3205.85009765625,3129.0,3157.949951171875,3005.432861328125,2366135
2021-02-08,3189.5,3226.0,3155.14990234375,3214.10009765625,3058.871826171875,2526592
2021-02-09,3195.0,3245.800048828125,3164.0,3176.89990234375,3023.4677734375,2658751
2021-02-10,3185.0,3219.39990234375,3157.300048828125,3213.300048828125,3058.109619140625,2127983
2021-02-11,3215.0,3219.300048828125,3185.050048828125,3206.0,3051.162353515625,1165882
2021-02-12,3184.199951171875,3245.5,3182.0,3190.800048828125,3036.69677734375,2777404
2021-02-15,3209.0,3209.0,3131.550048828125,3139.85009765625,2988.20751953125,2630853
2021-02-16,3150.0,3167.64990234375,3100.0,3108.800048828125,2958.656982421875,3435770
2021-02-17,3105.10009765625,3132.85009765625,3045.550048828125,3073.10009765625,2924.681640625,3678426
2021-02-18,3065.0,3097.89990234375,3031.0,3057.35009765625,2909.692138671875,4189909
2021-02-19,3058.0,3087.14990234375,3016.14990234375,3071.85009765625,2923.49169921875,3725028
2021-02-22,3096.0,3096.0,2943.14990234375,2958.449951171875,2815.568359375,5366696
2021-02-23,2970.0,3028.0,2968.0,2980.199951171875,2836.267578125,3832829
2021-02-24,2972.0,3003.35009765625,2921.14990234375,2948.10009765625,2805.71826171875,3774549
2021-02-25,2974.0,3029.89990234375,2968.449951171875,2995.300048828125,2850.638671875,4224073
2021-02-26,2960.0,2972.35009765625,2880.0,2894.300048828125,2754.5166015625,5553153
2021-03-01,2926.0,2965.0,2901.800048828125,2924.199951171875,2782.97216796875,3265871
2021-03-02,2960.0,3025.0,2948.0,3006.35009765625,2861.15478515625,3306469
2021-03-03,3035.0,3064.0,2996.89990234375,3059.10009765625,2911.357421875,3509857
2021-03-04,3023.0,3081.449951171875,3016.050048828125,3049.699951171875,2902.4111328125,3916760
2021-03-05,3016.10009765625,3063.199951171875,2996.60009765625,3008.050048828125,2862.7724609375,3203686
2021-03-08,3016.0,3033.0,2996.0,3006.949951171875,2861.726318359375,2003125
2021-03-09,3006.949951171875,3066.89990234375,2992.10009765625,3050.949951171875,2903.601806640625,1942397
2021-03-10,3075.0,3093.199951171875,3060.0,3070.949951171875,2922.634765625,3053778
2021-03-12,3075.0,3117.0,3041.35009765625,3057.949951171875,2910.262939453125,2938317
2021-03-15,3041.0,3099.0,3041.0,3066.14990234375,2918.06640625,3097083
2021-03-16,3060.0,3141.0,3060.0,3110.050048828125,2959.846435546875,4894756
2021-03-17,3105.0,3155.0,3085.300048828125,3112.949951171875,2962.606689453125,3838390
2021-03-18,3125.949951171875,3146.449951171875,2987.050048828125,3036.5,2889.8486328125,3656306
2021-03-19,3030.0,3099.0,3005.0,3050.199951171875,2902.886962890625,5776626
2021-03-22,3048.699951171875,3139.449951171875,3018.64990234375,3129.64990234375,2978.499755859375,2821646
2021-03-23,3140.0,3169.0,3122.85009765625,3142.60009765625,2990.824462890625,3305973
2021-03-24,3111.199951171875,3152.300048828125,3111.14990234375,3121.10009765625,2970.36328125,2207104
2021-03-25,3112.199951171875,3130.85009765625,3050.0,3064.85009765625,2916.829345703125,3179786
2021-03-26,3090.64990234375,3118.0,3043.050048828125,3066.800048828125,2918.685546875,3697370
2021-03-30,3083.0,3188.449951171875,3060.89990234375,3158.550048828125,3006.004150390625,4694008
2021-03-31,3155.0,3205.0,3132.0,3177.85009765625,3024.3720703125,3530069
2021-04-01,3191.10009765625,3215.0,3145.0,3165.0,3012.14306640625,4285076
2021-04-05,3171.0,3263.0,3151.0,3238.89990234375,3082.4736328125,5317862
2021-04-06,3275.0,3275.0,3230.0,3264.699951171875,3107.02734375,2291562
2021-04-07,3259.0,3277.550048828125,3234.800048828125,3271.39990234375,3113.404052734375,2491268
2021-04-08,3270.0,3335.0,3266.050048828125,3317.35009765625,3157.13525390625,2578118
2021-04-09,3354.0,3354.35009765625,3308.0,3322.25,3161.798095703125,2911129
2021-04-12,3322.25,3338.10009765625,3213.199951171875,3246.550048828125,3089.754150390625,3791828
2021-04-13,3214.0,3214.0,3073.050048828125,3104.050048828125,2954.13671875,8654596
2021-04-15,3160.300048828125,3237.25,3087.449951171875,3218.949951171875,3063.487060546875,6062760
2021-04-16,3229.0,3247.0,3182.60009765625,3195.14990234375,3040.83642578125,3224657
2021-04-19,3169.0,3189.0,3135.10009765625,3161.800048828125,3009.09765625,2679106
2021-04-20,3225.0,3225.35009765625,3126.35009765625,3144.550048828125,2992.68017578125,3141893
2021-04-22,3148.0,3148.0,3105.25,3118.800048828125,2968.174072265625,1988980
2021-04-23,3105.0,3119.0,3091.050048828125,3109.5,2959.32275390625,1615309
2021-04-26,3102.050048828125,3153.0,3088.050048828125,3100.800048828125,2951.04345703125,2490260
2021-04-27,3106.0,3136.10009765625,3103.0,3132.0,2980.736328125,1471417
2021-04-28,3149.949951171875,3151.0,3112.0,3124.10009765625,2973.217529296875,1639037
2021-04-29,3145.60009765625,3157.35009765625,3105.5,3115.25,2964.79541015625,1621395
2021-04-30,3099.0,3132.050048828125,3020.0,3035.64990234375,2889.0400390625,3072305
2021-05-03,3024.89990234375,3055.0,3004.0,3037.0,2890.32470703125,1545831
2021-05-04,3062.800048828125,3090.0,3035.0,3049.75,2902.458740234375,1990777
2021-05-05,3070.0,3099.39990234375,3052.39990234375,3095.699951171875,2946.189453125,1939289
2021-05-06,3105.5,3134.0,3074.0,3111.449951171875,2961.178955078125,1791671
2021-05-07,3133.0,3159.85009765625,3111.800048828125,3132.89990234375,2981.593017578125,1912540
2021-05-10,3145.949951171875,3164.199951171875,3125.0,3145.5,2993.584716796875,2137153
2021-05-11,3125.0,3128.10009765625,3091.14990234375,3122.60009765625,2971.790771484375,2415625
2021-05-12,3120.0,3120.0,3070.60009765625,3087.60009765625,2938.48046875,1978558
2021-05-14,3098.5,3098.5,3040.0,3051.5,2904.12451171875,2043935
2021-05-17,3055.0,3075.199951171875,3036.0,3069.75,2921.4931640625,2890462
2021-05-18,3100.0,3124.0,3078.0,3088.800048828125,2939.622802734375,2098538
2021-05-19,3084.0,3118.0,3067.10009765625,3082.0,2933.1513671875,1986041
2021-05-20,3067.10009765625,3088.800048828125,3052.10009765625,3060.0,2912.2138671875,2329027
2021-05-21,3061.0,3088.199951171875,3055.10009765625,3080.5,2931.7236328125,1685566
2021-05-24,3081.5,3105.0,3072.0,3081.5,2932.67578125,1652260
2021-05-25,3092.0,3128.25,3082.10009765625,3114.0,2978.10205078125,1841613
2021-05-26,3120.0,3165.0,3103.800048828125,3158.5,3020.659912109375,1923753
2021-05-27,3161.949951171875,3217.75,3161.800048828125,3180.0,3041.22216796875,5959785
2021-05-28,3189.5,3198.0,3135.64990234375,3143.60009765625,3006.410888671875,1763701
2021-05-31,3150.0,3170.35009765625,3128.60009765625,3159.14990234375,3021.281982421875,1652799
2021-06-01,3168.60009765625,3169.949951171875,3132.0,3153.0,3015.400390625,1377441
2021-06-02,3150.85009765625,3159.449951171875,3115.0,3129.449951171875,2992.87841796875,2240078
2021-06-03,3154.550048828125,3154.550048828125,3122.64990234375,3141.25,3004.1630859375,1281706
2021-06-04,3128.0,3156.85009765625,3125.0,3143.75,3006.553955078125,1836060
2021-06-07,3145.0,3190.449951171875,3133.60009765625,3183.199951171875,3044.281982421875,2559821
2021-06-08,3198.0,3231.0,3187.199951171875,3200.14990234375,3060.49267578125,2574057
2021-06-09,3202.0,3220.0,3186.199951171875,3200.25,3060.58837890625,1710925
2021-06-10,3210.0,3224.0,3193.0,3216.800048828125,3076.416015625,1874324
2021-06-11,3211.550048828125,3309.0,3211.0,3273.800048828125,3130.928955078125,3452954
2021-06-14,3279.0,3308.699951171875,3270.35009765625,3276.35009765625,3133.36767578125,1847360
2021-06-15,3298.0,3298.0,3251.550048828125,3262.75,3120.360595703125,1304985
2021-06-16,3262.10009765625,3294.699951171875,3253.0,3274.35009765625,3131.45458984375,1635552
2021-06-17,3265.5,3336.050048828125,3260.0,3317.75,3172.96044921875,2273413
2021-06-18,3350.89990234375,3358.0,3275.0,3297.300048828125,3153.403564453125,3380431
2021-06-21,3265.0,3286.0,3251.699951171875,3273.10009765625,3130.259033203125,1130569
2021-06-22,3304.0,3327.050048828125,3285.0,3301.199951171875,3157.133056640625,1708688
2021-06-23,3329.0,3329.0,3256.39990234375,3261.39990234375,3119.06982421875,1467104
2021-06-24,3284.0,3383.0,3278.5,3373.60009765625,3226.373046875,4155204
2021-06-25,3375.25,3399.64990234375,3350.0,3380.800048828125,3233.2587890625,2722861
2021-06-28,3391.5,3391.5,3333.0,3336.75,3191.1318359375,1355238
2021-06-29,3342.0,3366.300048828125,3326.5,3340.85009765625,3195.052490234375,1497322
2021-06-30,3346.0,3382.0,3338.5,3345.75,3199.738525390625,1693146
2021-07-01,3358.0,3362.0,3332.35009765625,3341.5,3195.67431640625,990310
2021-07-02,3331.0,3339.699951171875,3295.199951171875,3325.449951171875,3180.32421875,1682274
2021-07-05,3342.0,3374.0,3302.0,3321.0,3176.068603515625,1972858
2021-07-06,3313.0,3328.0,3256.10009765625,3262.300048828125,3119.930419921875,2159420
2021-07-07,3275.0,3282.699951171875,3241.60009765625,3274.949951171875,3132.028564453125,2640710
2021-07-08,3298.0,3298.0,3231.89990234375,3258.5,3116.29638671875,2485811
2021-07-09,3250.0,3282.0,3201.0,3208.14990234375,3068.143798828125,6365067
2021-07-12,3235.0,3236.0,3188.35009765625,3193.10009765625,3053.750244140625,1892226
2021-07-13,3214.0,3214.0,3175.0,3187.550048828125,3048.4423828125,1809339
2021-07-14,3187.0,3222.0,3185.0,3214.550048828125,3074.263916015625,2044279
2021-07-15,3227.60009765625,3231.85009765625,3194.0,3202.949951171875,3069.855224609375,2232968
2021-07-16,3213.0,3219.85009765625,3192.0,3194.800048828125,3062.044189453125,1256526
2021-07-19,3180.0,3199.800048828125,3176.0,3184.60009765625,3052.267822265625,1597058
2021-07-20,3184.60009765625,3215.0,3156.14990234375,3205.800048828125,3072.5869140625,1811945
2021-07-22,3190.0,3224.949951171875,3190.0,3216.35009765625,3082.698486328125,2859334
2021-07-23,3230.0,3241.550048828125,3206.64990234375,3212.85009765625,3079.3447265625,1776193
2021-07-26,3200.0,3224.25,3190.85009765625,3197.550048828125,3064.679443359375,1259611
2021-07-27,3200.0,3210.0,3161.14990234375,3182.949951171875,3050.6865234375,1121367
2021-07-28,3188.0,3204.449951171875,3132.39990234375,3197.800048828125,3064.919677734375,1660654
2021-07-29,3200.25,3225.449951171875,3190.300048828125,3195.800048828125,3063.002685546875,1731997
2021-07-30,3219.0,3223.5,3162.35009765625,3167.449951171875,3035.830810546875,2999943
2021-08-02,3180.0,3224.89990234375,3167.0,3219.39990234375,3085.621826171875,2608669
2021-08-03,3229.0,3290.0,3218.949951171875,3284.89990234375,3148.400146484375,3804735
2021-08-04,3300.0,3305.199951171875,3261.199951171875,3273.949951171875,3137.90478515625,2929598
2021-08-05,3275.0,3315.0,3262.5,3283.949951171875,3147.4892578125,2534521
2021-08-06,3272.550048828125,3324.0,3265.0,3309.800048828125,3172.265625,2292362
2021-08-09,3323.89990234375,3337.0,3310.0,3322.699951171875,3184.62939453125,1510489
2021-08-10,3315.60009765625,3349.89990234375,3315.60009765625,3333.89990234375,3195.36376953125,2040777
2021-08-11,3350.0,3360.0,3327.10009765625,3344.199951171875,3205.236328125,1929707
2021-08-12,3326.0,3368.0,3326.0,3351.75,3212.47216796875,1310205
2021-08-13,3360.75,3480.0,3357.5,3463.39990234375,3319.48291015625,4363584
2021-08-16,3460.0,3494.35009765625,3436.5,3472.949951171875,3328.6357421875,2083489
2021-08-17,3482.10009765625,3560.800048828125,3463.0,3553.050048828125,3405.40771484375,4336019
2021-08-18,3573.85009765625,3595.0,3536.60009765625,3560.550048828125,3412.595947265625,2631309
2021-08-20,3506.0,3575.0,3500.0,3559.5,3411.589599609375,2836148
2021-08-23,3580.0,3673.0,3561.89990234375,3637.39990234375,3486.252685546875,3744176
2021-08-24,3657.0,3667.35009765625,3594.39990234375,3613.199951171875,3463.05810546875,2511141
2021-08-25,3610.0,3697.75,3607.050048828125,3659.0,3506.954833984375,2123263
2021-08-26,3660.0,3687.60009765625,3647.89990234375,3671.85009765625,3519.270751953125,1902533
2021-08-27,3666.0,3729.5,3651.10009765625,3720.14990234375,3565.56396484375,3944728
2021-08-30,3715.0,3740.35009765625,3687.60009765625,3701.300048828125,3547.496826171875,2033114
2021-08-31,3709.39990234375,3804.10009765625,3703.449951171875,3786.449951171875,3629.10888671875,3207480
2021-09-01,3796.0,3816.699951171875,3707.0,3714.949951171875,3560.579833984375,2643336
2021-09-02,3734.0,3859.14990234375,3722.0,3836.75,3677.318603515625,3403717
2021-09-03,3825.0,3856.89990234375,3804.550048828125,3842.050048828125,3682.398681640625,1746812
2021-09-06,3849.699951171875,3877.60009765625,3814.0,3852.0,3691.934814453125,1723693
2021-09-07,3864.0,3869.949951171875,3808.25,3815.89990234375,3657.33544921875,1585039
2021-09-08,3810.0,3815.0,3756.0,3774.14990234375,3617.3203125,4147175
2021-09-09,3789.699951171875,3808.699951171875,3765.0,3791.39990234375,3633.853271484375,1441148
2021-09-13,3767.0,3852.39990234375,3767.0,3845.35009765625,3685.5615234375,1691473
2021-09-14,3849.949951171875,3896.5,3825.0,3885.89990234375,3724.426513671875,1991188
2021-09-15,3882.10009765625,3980.0,3866.0,3954.550048828125,3790.223876953125,2461369
2021-09-16,3930.0,3981.75,3892.10009765625,3903.300048828125,3741.103271484375,2946666
2021-09-17,3920.0,3945.0,3805.0,3827.85009765625,3668.788330078125,6477148
2021-09-20,3809.0,3871.0,3807.85009765625,3823.5,3664.619140625,2002008
2021-09-21,3858.0,3871.550048828125,3821.64990234375,3862.949951171875,3702.4296875,1568129
2021-09-22,3862.5,3896.85009765625,3852.449951171875,3862.14990234375,3701.6630859375,1744067
2021-09-23,3870.0,3879.0,3835.0,3869.25,3708.468017578125,2003869
2021-09-24,3890.0,3944.39990234375,3855.0,3871.300048828125,3710.43310546875,2320754
2021-09-27,3900.0,3904.0,3802.89990234375,3836.949951171875,3677.51025390625,1673362
2021-09-28,3850.0,3850.0,3751.25,3779.14990234375,3622.112060546875,2253075
2021-09-29,3759.800048828125,3806.0,3722.14990234375,3791.89990234375,3634.331787109375,2489161
2021-09-30,3805.0,3805.0,3750.10009765625,3775.550048828125,3618.661865234375,2252412
2021-10-01,3781.75,3810.0,3725.0,3730.199951171875,3575.1962890625,1578374
2021-10-04,3724.800048828125,3783.64990234375,3707.449951171875,3773.300048828125,3616.50537109375,1356860
2021-10-05,3754.0,3840.0,3741.60009765625,3833.300048828125,3674.012451171875,1877966
2021-10-06,3836.0,3857.449951171875,3795.0,3810.89990234375,3652.542724609375,1678154
2021-10-07,3830.0,3899.0,3820.050048828125,3892.89990234375,3731.135009765625,1647233
2021-10-08,3925.0,3989.89990234375,3900.0,3935.64990234375,3772.108642578125,2934339
2021-10-11,3755.0,3757.5,3660.0,3685.60009765625,3532.44921875,11845402
2021-10-12,3706.0,3707.0,3630.60009765625,3652.85009765625,3501.060302734375,5752877
2021-10-13,3650.0,3675.449951171875,3645.0,3655.199951171875,3503.312744140625,3545655
2021-10-14,3625.0,3670.0,3608.199951171875,3611.449951171875,3468.022216796875,6442299
2021-10-18,3603.449951171875,3652.699951171875,3601.449951171875,3647.14990234375,3502.3046875,3590107
2021-10-19,3669.0,3690.10009765625,3625.199951171875,3634.14990234375,3489.821044921875,3135441
2021-10-20,3612.0,3630.0,3578.300048828125,3608.85009765625,3465.52587890625,2933693
2021-10-21,3604.10009765625,3607.449951171875,3511.25,3532.5,3392.2080078125,4871211
2021-10-22,3560.0,3561.60009765625,3485.0,3498.85009765625,3359.89453125,2691670
2021-10-25,3503.0,3514.550048828125,3450.0,3492.949951171875,3354.228759765625,2595594
2021-10-26,3494.5,3529.0,3475.0,3482.60009765625,3344.2900390625,3878763
2021-10-27,3483.0,3511.25,3483.0,3489.75,3351.15576171875,2510813
2021-10-28,3518.0,3518.0,3415.0,3421.64990234375,3285.760009765625,2424942
2021-10-29,3400.050048828125,3461.0,3385.949951171875,3397.75,3262.809326171875,3960501
2021-11-01,3437.949951171875,3487.0,3412.949951171875,3476.39990234375,3338.33544921875,2020718
2021-11-02,3494.0,3513.60009765625,3469.75,3484.199951171875,3345.826171875,3087414
2021-11-03,3504.199951171875,3519.89990234375,3466.050048828125,3492.25,3353.556640625,1537639
2021-11-04,3512.949951171875,3513.25,3505.0,3508.64990234375,3369.3046875,328991
2021-11-08,3548.0,3548.0,3481.199951171875,3502.75,3363.63916015625,2526082
2021-11-09,3508.0,3535.0,3496.0,3505.699951171875,3366.47216796875,1782692
2021-11-10,3498.0,3519.699951171875,3480.199951171875,3484.300048828125,3345.92236328125,1516489
2021-11-11,3480.0,3510.050048828125,3436.0,3488.199951171875,3349.6669921875,1284514
2021-11-12,3506.0,3534.14990234375,3485.699951171875,3526.050048828125,3386.01416015625,1747259
2021-11-15,3528.0,3569.60009765625,3528.0,3553.300048828125,3412.18212890625,1809157
2021-11-16,3569.0,3575.550048828125,3542.0,3556.39990234375,3415.15869140625,2013204
2021-11-17,3550.60009765625,3562.85009765625,3506.39990234375,3521.89990234375,3382.029052734375,1632914
2021-11-18,3515.14990234375,3520.85009765625,3451.60009765625,3475.699951171875,3337.663818359375,2136598
2021-11-22,3478.39990234375,3515.949951171875,3440.300048828125,3458.39990234375,3321.051025390625,3167936
2021-11-23,3445.0,3480.949951171875,3407.800048828125,3464.25,3326.668701171875,2153461
2021-11-24,3472.199951171875,3493.050048828125,3424.0,3443.300048828125,3306.550048828125,2161746
2021-11-25,3443.89990234375,3463.0,3434.050048828125,3445.89990234375,3309.047119140625,1849619
2021-11-26,3425.0,3490.0,3411.89990234375,3446.85009765625,3309.95947265625,1941251
2021-11-29,3447.14990234375,3529.35009765625,3406.449951171875,3502.0,3362.919189453125,2981745
2021-11-30,3491.0,3563.75,3491.0,3529.14990234375,3388.99072265625,5588446
2021-12-01,3535.0,3590.0,3535.0,3577.800048828125,3435.708740234375,2102118
2021-12-02,3589.199951171875,3648.0,3574.10009765625,3642.89990234375,3498.22314453125,3152938
2021-12-03,3646.449951171875,3665.949951171875,3630.85009765625,3640.449951171875,3495.870849609375,2486263
2021-12-06,3640.449951171875,3658.0,3522.0,3536.39990234375,3395.95263671875,1849642
2021-12-07,3562.5,3598.0,3524.300048828125,3584.5,3442.14208984375,1484458
2021-12-08,3601.0,3646.449951171875,3601.0,3626.89990234375,3482.8583984375,1428660
2021-12-09,3610.0,3634.75,3566.0,3601.75,3458.70751953125,1567957
2021-12-10,3585.0,3642.0,3575.10009765625,3636.800048828125,3492.365478515625,1510718
2021-12-13,3650.0,3662.0,3601.699951171875,3609.64990234375,3466.2939453125,1883864
2021-12-14,3605.0,3635.0,3576.699951171875,3623.800048828125,3479.88232421875,1747007
2021-12-15,3620.0,3623.0,3558.14990234375,3570.35009765625,3428.55419921875,1603233
2021-12-16,3582.0,3608.449951171875,3570.0,3581.60009765625,3439.35791015625,2072320
2021-12-17,3602.5,3651.35009765625,3573.699951171875,3584.35009765625,3441.998779296875,4333992
2021-12-20,3589.0,3606.0,3510.14990234375,3556.89990234375,3415.638671875,2312310
2021-12-21,3582.64990234375,3641.199951171875,3566.39990234375,3608.300048828125,3464.99755859375,2340989
2021-12-22,3624.0,3636.800048828125,3606.25,3630.75,3486.555908203125,1224328
2021-12-23,3648.0,3670.5,3630.0,3662.699951171875,3517.23681640625,1792861
2021-12-24,3685.0,3705.0,3644.800048828125,3670.89990234375,3525.111083984375,2209923
2021-12-27,3671.0,3700.0,3653.10009765625,3696.10009765625,3549.310546875,1534135
2021-12-28,3710.0,3725.0,3693.85009765625,3706.550048828125,3559.34521484375,1456218
2021-12-29,3692.25,3719.949951171875,3685.0,3694.699951171875,3547.9658203125,1456923
2021-12-30,3681.35009765625,3740.0,3680.0,3733.75,3585.46533203125,1966475
2021-12-31,3742.800048828125,3760.0,3731.300048828125,3738.35009765625,3589.8828125,1207141
2022-01-03,3750.0,3830.0,3745.0,3817.75,3666.129150390625,2346158
2022-01-04,3831.10009765625,3889.14990234375,3811.699951171875,3884.75,3730.468505859375,2488606
2022-01-05,3865.0,3870.0,3812.39990234375,3860.949951171875,3707.613525390625,1733031
2022-01-06,3812.0,3835.0,3772.0,3807.449951171875,3656.23828125,1810293
2022-01-07,3820.0,3864.89990234375,3796.39990234375,3853.5,3700.458984375,2460591
2022-01-10,3978.0,3978.0,3861.0,3879.85009765625,3725.762939453125,3937092
2022-01-11,3856.0,3925.0,3856.0,3915.89990234375,3760.381103515625,1906106
2022-01-12,3925.0,3929.0,3836.550048828125,3859.89990234375,3706.604736328125,3203744
2022-01-13,3918.0,3923.0,3857.0,3897.89990234375,3743.095947265625,6684507
2022-01-14,3877.85009765625,3977.0,3860.050048828125,3968.14990234375,3810.55615234375,3348123
2022-01-17,3992.699951171875,4043.0,3962.300048828125,4019.14990234375,3859.530517578125,3442604
2022-01-18,4033.949951171875,4041.699951171875,3980.0,3990.60009765625,3832.11474609375,2389041
2022-01-19,4012.0,4012.0,3910.5,3914.64990234375,3765.7861328125,3102539
2022-01-20,3910.0,3920.0,3811.0,3826.550048828125,3681.037109375,6176776
2022-01-21,3807.0,3851.550048828125,3771.10009765625,3833.5,3687.722412109375,3112358
2022-01-24,3840.0,3849.64990234375,3740.10009765625,3771.35009765625,3627.935791015625,3258414
2022-01-25,3769.5,3809.39990234375,3722.199951171875,3769.89990234375,3626.540771484375,3330501
2022-01-27,3731.0,3733.39990234375,3625.10009765625,3649.25,3510.478759765625,5718297
2022-01-28,3646.0,3729.800048828125,3646.0,3690.050048828125,3549.7275390625,3143862
2022-01-31,3749.0,3758.0,3721.39990234375,3736.25,3594.170654296875,2739393
2022-02-01,3770.0,3808.0,3736.39990234375,3800.64990234375,3656.121337890625,2105169
2022-02-02,3827.89990234375,3864.0,3800.64990234375,3856.199951171875,3709.559326171875,1984212
2022-02-03,3851.0,3882.5,3816.050048828125,3824.60009765625,3679.1611328125,1960538
2022-02-04,3815.300048828125,3824.699951171875,3769.0,3814.89990234375,3669.829345703125,2307366
2022-02-07,3791.0,3831.800048828125,3756.14990234375,3779.0,3635.294677734375,1919149
2022-02-08,3791.550048828125,3799.699951171875,3721.0,3743.449951171875,3601.0966796875,2946443
2022-02-09,3750.0,3777.949951171875,3746.10009765625,3760.550048828125,3617.54638671875,1638721
2022-02-10,3789.800048828125,3789.800048828125,3758.0,3770.35009765625,3626.9736328125,2112459
2022-02-11,3752.5,3752.5,3690.0,3694.949951171875,3554.441162109375,3851488
2022-02-14,3724.0,3793.25,3710.0,3733.75,3591.765625,5951745
2022-02-15,3786.0,3835.0,3748.0,3817.800048828125,3672.619384765625,3931683
2022-02-16,3844.0,3854.10009765625,3806.0,3813.10009765625,3668.09814453125,3256906
2022-02-17,3825.0,3835.0,3779.0,3784.199951171875,3640.29736328125,3134372
2022-02-18,3769.0,3815.949951171875,3757.60009765625,3793.89990234375,3649.6279296875,3688883
2022-02-21,3810.0,3827.800048828125,3705.550048828125,3719.39990234375,3577.96142578125,7465922
2022-02-22,3650.0,3667.89990234375,3570.0,3586.39990234375,3450.0185546875,5408531
2022-02-23,3611.0,3622.89990234375,3555.64990234375,3563.800048828125,3428.278076171875,2426203
2022-02-24,3474.0,3483.85009765625,3391.10009765625,3401.64990234375,3272.29443359375,5039136
2022-02-25,3468.0,3530.0,3462.0,3520.75,3386.865478515625,2549723
2022-02-28,3490.0,3563.75,3455.89990234375,3554.199951171875,3419.04345703125,3288942
2022-03-02,3552.5,3571.949951171875,3506.0,3546.14990234375,3411.299560546875,2761341
2022-03-03,3562.85009765625,3578.60009765625,3530.10009765625,3544.39990234375,3409.615966796875,1928039
2022-03-04,3501.5,3561.199951171875,3487.050048828125,3524.35009765625,3390.328369140625,2370257
2022-03-07,3450.0,3548.0,3431.550048828125,3484.89990234375,3352.37841796875,3054130
2022-03-08,3460.0,3609.0,3460.0,3599.949951171875,3463.053466796875,3300992
2022-03-09,3605.0,3654.0,3597.050048828125,3632.60009765625,3494.46240234375,2719654
2022-03-10,3684.0,3684.0,3615.0,3620.949951171875,3483.255126953125,2005441
2022-03-11,3603.25,3639.85009765625,3592.85009765625,3599.14990234375,3462.28369140625,1623423
2022-03-14,3580.0,3648.35009765625,3580.0,3643.0,3504.467041015625,1765688
2022-03-15,3659.0,3659.0,3585.39990234375,3593.89990234375,3457.23388671875,3651133
2022-03-16,3640.5,3668.0,3616.25,3655.89990234375,3516.8759765625,3090475
2022-03-17,3696.60009765625,3710.0,3660.300048828125,3672.75,3533.085205078125,3600452
2022-03-21,3696.0,3713.949951171875,3615.0,3626.699951171875,3488.78662109375,2413831
2022-03-22,3640.0,3711.0,3625.0,3700.949951171875,3560.212890625,2907611
2022-03-23,3708.0,3729.800048828125,3690.0,3712.39990234375,3571.2275390625,1596195
2022-03-24,3700.0,3758.199951171875,3695.0,3749.85009765625,3607.253173828125,1879046
2022-03-25,3759.89990234375,3779.5,3672.0,3707.449951171875,3566.4658203125,1690133
2022-03-28,3695.0,3713.0,3661.199951171875,3707.699951171875,3566.706298828125,1760990
2022-03-29,3694.75,3722.0,3691.0,3705.35009765625,3564.445556640625,2689063
2022-03-30,3738.0,3738.0,3706.199951171875,3731.550048828125,3589.649169921875,1583455
2022-03-31,3740.0,3754.64990234375,3720.199951171875,3739.949951171875,3597.7294921875,2168110
2022-04-01,3748.0,3763.0,3728.050048828125,3758.75,3615.814697265625,1387014
2022-04-04,3762.0,3780.0,3737.10009765625,3770.35009765625,3626.9736328125,1472994
2022-04-05,3772.0,3835.60009765625,3772.0,3814.800048828125,3669.733642578125,2314947
2022-04-06,3809.300048828125,3809.300048828125,3731.14990234375,3755.35009765625,3612.544677734375,2051729
2022-04-07,3745.5,3745.5,3679.0,3684.14990234375,3544.052001953125,2494829
2022-04-08,3690.0,3705.0,3642.5,3685.64990234375,3545.49462890625,2296773
2022-04-11,3690.0,3712.35009765625,3656.10009765625,3696.39990234375,3555.8359375,2291660
2022-04-12,3683.0,3739.0,3648.35009765625,3691.10009765625,3550.73779296875,4483476
2022-04-13,3707.0,3709.85009765625,3655.550048828125,3661.949951171875,3522.69580078125,1621672
2022-04-18,3610.0,3610.0,3522.5,3528.050048828125,3393.8876953125,3820792
2022-04-19,3550.0,3563.550048828125,3439.14990234375,3471.89990234375,3339.873046875,3170014
2022-04-20,3500.0,3569.14990234375,3480.0,3556.800048828125,3421.544677734375,2640370
2022-04-21,3580.0,3644.0,3567.39990234375,3628.64990234375,3490.66162109375,2280996
2022-04-22,3581.10009765625,3617.0,3571.5,3612.550048828125,3475.174560546875,1581465
2022-04-25,3558.0,3584.0,3533.10009765625,3548.199951171875,3413.271240234375,1960694
2022-04-26,3575.14990234375,3587.89990234375,3518.14990234375,3546.300048828125,3411.443359375,1943469
2022-04-27,3546.0,3568.449951171875,3506.300048828125,3561.199951171875,3425.77734375,1727648
2022-04-28,3588.0,3604.39990234375,3538.050048828125,3584.300048828125,3447.99853515625,1703660
2022-04-29,3597.0,3623.25,3536.85009765625,3546.699951171875,3411.82861328125,2051115
2022-05-02,3519.89990234375,3547.949951171875,3492.75,3542.39990234375,3407.691650390625,1324161
2022-05-04,3538.5,3545.449951171875,3465.300048828125,3479.75,3347.424560546875,2305825
2022-05-05,3512.10009765625,3533.0,3485.35009765625,3513.39990234375,3379.794677734375,1612262
2022-05-06,3459.0,3474.5,3424.5,3432.60009765625,3302.06787109375,2010812
2022-05-09,3398.0,3456.0,3346.85009765625,3445.10009765625,3314.09228515625,2481830
2022-05-10,3434.0,3464.800048828125,3422.0,3438.75,3307.983642578125,1622685
2022-05-11,3435.0,3448.449951171875,3382.14990234375,3412.0,3282.2509765625,1841769
2022-05-12,3378.0,3449.699951171875,3350.10009765625,3408.64990234375,3279.0283203125,2807195
2022-05-13,3435.0,3439.89990234375,3382.14990234375,3414.89990234375,3285.040283203125,2187823
2022-05-16,3415.0,3430.0,3366.60009765625,3376.800048828125,3248.389404296875,1195813
2022-05-17,3370.0,3467.0,3350.39990234375,3451.60009765625,3320.344970703125,1754076
2022-05-18,3465.0,3495.0,3443.050048828125,3448.800048828125,3317.651611328125,1866781
2022-05-19,3397.0,3405.0,3230.0,3261.949951171875,3137.9072265625,4642963
2022-05-20,3310.0,3313.89990234375,3270.050048828125,3293.0,3167.776123046875,3065125
2022-05-23,3304.800048828125,3338.89990234375,3267.0,3321.75,3195.4326171875,2293690
2022-05-24,3315.14990234375,3324.85009765625,3275.60009765625,3288.0,3162.96630859375,1711510
2022-05-25,3292.85009765625,3292.85009765625,3154.050048828125,3167.64990234375,3067.71875,3548046
2022-05-26,3191.0,3241.5,3180.550048828125,3226.949951171875,3125.148193359375,2813186
2022-05-27,3253.199951171875,3278.89990234375,3229.199951171875,3261.300048828125,3158.414794921875,3103153
2022-05-30,3297.0,3386.60009765625,3286.35009765625,3375.25,3268.77001953125,2094624
2022-05-31,3354.14990234375,3383.39990234375,3325.0,3364.35009765625,3258.21337890625,4840965
2022-06-01,3388.0,3388.0,3340.050048828125,3355.199951171875,3249.352294921875,1493835
2022-06-02,3355.0,3432.0,3346.300048828125,3423.0,3315.013427734375,2657939
2022-06-03,3459.39990234375,3477.300048828125,3431.199951171875,3440.14990234375,3331.62255859375,1913622
2022-06-06,3418.0,3453.0,3377.14990234375,3430.949951171875,3322.71240234375,1084210
2022-06-07,3401.050048828125,3418.85009765625,3356.0,3362.699951171875,3256.615478515625,2308256
2022-06-08,3380.14990234375,3413.949951171875,3346.5,3404.14990234375,3296.7578125,2185707
2022-06-09,3385.0,3437.0,3353.10009765625,3427.10009765625,3318.983642578125,1279197
2022-06-10,3382.0,3393.0,3352.0,3359.89990234375,3253.903564453125,1527582
2022-06-13,3290.0,3293.0,3192.449951171875,3219.60009765625,3118.030029296875,3030921
2022-06-14,3190.0,3238.89990234375,3174.699951171875,3210.550048828125,3109.265625,2611493
2022-06-15,3218.5,3234.0,3201.0,3206.300048828125,3105.149658203125,1404536
2022-06-16,3240.0,3244.85009765625,3133.050048828125,3142.0,3042.878662109375,2032028
2022-06-17,3092.0,3118.75,3023.85009765625,3088.89990234375,2991.452880859375,5240434
2022-06-20,3094.0,3138.75,3069.0,3112.39990234375,3014.211669921875,1502769
2022-06-21,3130.0,3237.75,3125.39990234375,3211.949951171875,3110.621337890625,2964461
2022-06-22,3199.89990234375,3250.550048828125,3183.0,3222.949951171875,3121.273681640625,3336315
2022-06-23,3222.949951171875,3318.0,3222.949951171875,3308.800048828125,3204.416259765625,3692578
2022-06-24,3339.0,3345.0,3277.5,3293.10009765625,3189.211181640625,2132118
2022-06-27,3350.0,3362.89990234375,3306.5,3314.699951171875,3210.1298828125,2037686
2022-06-28,3307.0,3330.0,3272.60009765625,3318.14990234375,3213.470703125,1400046
2022-06-29,3271.0,3333.0,3271.0,3290.5,3186.693603515625,2133994
2022-06-30,3272.0,3310.89990234375,3255.0,3267.10009765625,3164.031494140625,2719603
2022-07-01,3260.0,3333.0,3252.050048828125,3315.10009765625,3210.517333984375,1502879
2022-07-04,3312.0,3317.949951171875,3225.050048828125,3235.050048828125,3132.992919921875,2622535
2022-07-05,3255.0,3272.0,3206.949951171875,3216.300048828125,3114.834228515625,2170627
2022-07-06,3218.5,3268.5,3202.25,3260.75,3157.881591796875,2182144
2022-07-07,3271.0,3319.39990234375,3265.050048828125,3287.85009765625,3184.126708984375,1989921
2022-07-08,3300.0,3305.0,3250.0,3265.449951171875,3162.433837890625,2136916
2022-07-11,3206.14990234375,3225.0,3106.0,3113.800048828125,3015.5673828125,6974600
2022-07-12,3114.89990234375,3136.199951171875,3080.25,3084.699951171875,2987.385986328125,3734815
2022-07-13,3104.0,3110.0,3035.0,3038.75,2942.8857421875,3863530
2022-07-14,3056.0,3057.0,2967.0,2998.75,2911.813232421875,4764908
2022-07-15,3018.550048828125,3028.89990234375,2953.0,2994.60009765625,2907.783447265625,4574806
2022-07-18,3023.0,3076.949951171875,3014.300048828125,3063.5,2974.68603515625,3202795
2022-07-19,3030.050048828125,3078.949951171875,3030.050048828125,3074.25,2985.1240234375,1865074
2022-07-20,3107.800048828125,3171.949951171875,3098.050048828125,3164.800048828125,3073.049072265625,3402251
2022-07-21,3167.0,3184.0,3144.050048828125,3177.300048828125,3085.186767578125,2420640
2022-07-22,3185.0,3197.0,3143.5,3171.0,3079.0693359375,2075886
2022-07-25,3165.0,3186.449951171875,3149.10009765625,3166.75,3074.942626953125,1797504
2022-07-26,3164.699951171875,3168.89990234375,3096.5,3115.89990234375,3025.566650390625,2639367
2022-07-27,3115.0,3194.10009765625,3110.0,3188.85009765625,3096.402099609375,1389808
2022-07-28,3216.0,3264.0,3201.64990234375,3260.5,3165.974853515625,2106333
2022-07-29,3290.0,3317.300048828125,3275.0,3301.89990234375,3206.17431640625,2430257
2022-08-01,3327.0,3327.0,3271.0,3298.800048828125,3203.16455078125,1306913
2022-08-02,3290.0,3312.89990234375,3271.64990234375,3291.800048828125,3196.367431640625,1269114
2022-08-03,3280.0,3349.0,3277.050048828125,3339.5,3242.6845703125,2895824
2022-08-04,3350.0,3387.89990234375,3307.35009765625,3354.949951171875,3257.6865234375,2150567
2022-08-05,3361.199951171875,3377.0,3355.0,3365.050048828125,3267.493408203125,1106933
2022-08-08,3365.0,3378.89990234375,3336.0,3374.449951171875,3276.621337890625,1068836
2022-08-10,3385.0,3385.0,3335.0,3354.25,3257.006591796875,1878359
2022-08-11,3400.0,3428.699951171875,3375.050048828125,3422.5,3323.2783203125,1449248
2022-08-12,3419.0,3419.0,3381.25,3401.550048828125,3302.935791015625,1472354
2022-08-16,3411.0,3414.85009765625,3387.5,3392.699951171875,3294.341796875,839942
2022-08-17,3385.10009765625,3417.949951171875,3371.10009765625,3401.10009765625,3302.49853515625,1622326
2022-08-18,3390.0,3392.0,3362.0,3381.25,3283.22412109375,1430659
2022-08-19,3387.0,3421.5,3371.25,3385.75,3287.59375,1398410
2022-08-22,3365.0,3384.10009765625,3347.39990234375,3354.550048828125,3257.29833984375,1536532
2022-08-23,3319.949951171875,3341.89990234375,3270.0,3284.60009765625,3189.3759765625,1849256
2022-08-24,3292.0,3308.0,3250.199951171875,3255.35009765625,3160.97412109375,1691923
2022-08-25,3276.0,3278.14990234375,3214.75,3218.199951171875,3124.90087890625,1946930
2022-08-26,3234.300048828125,3257.0,3216.800048828125,3222.199951171875,3128.784912109375,1457962
2022-08-29,3125.0,3142.699951171875,3081.0,3132.550048828125,3041.734130859375,2539173
2022-08-30,3155.0,3226.5,3142.10009765625,3211.14990234375,3118.055419921875,3431525
2022-09-01,3190.0,3190.0,3121.0,3131.699951171875,3040.908935546875,3546935
2022-09-02,3163.0,3163.0,3120.300048828125,3130.39990234375,3039.646240234375,2052900
2022-09-05,3123.64990234375,3147.949951171875,3112.25,3133.39990234375,3042.559326171875,2147912
2022-09-06,3135.5,3140.85009765625,3106.35009765625,3127.050048828125,3036.3935546875,1936453
2022-09-07,3102.0,3161.89990234375,3102.0,3149.60009765625,3058.2900390625,1291534
2022-09-08,3170.0,3183.5,3160.10009765625,3169.64990234375,3077.758544921875,1346113
2022-09-09,3195.0,3233.5,3168.5,3217.64990234375,3124.36669921875,1561185
2022-09-12,3239.89990234375,3269.800048828125,3225.0,3242.949951171875,3148.93359375,1785928
2022-09-13,3263.449951171875,3263.449951171875,3225.0,3229.35009765625,3135.727783203125,1972678
2022-09-14,3135.0,3141.39990234375,3113.800048828125,3120.39990234375,3029.936279296875,5090269
2022-09-15,3130.0,3137.75,3100.0,3104.35009765625,3014.351806640625,2138023
2022-09-16,3076.0,3094.35009765625,3000.0,3008.699951171875,2921.474609375,5322221
2022-09-19,3036.0,3042.0,2987.800048828125,3028.800048828125,2940.99169921875,2072220
2022-09-20,3050.0,3079.949951171875,3030.0,3040.300048828125,2952.158447265625,1544295
2022-09-21,3028.0,3041.39990234375,2998.14990234375,3001.199951171875,2914.192626953125,2253818
2022-09-22,2990.0,3029.949951171875,2979.300048828125,3007.39990234375,2920.212158203125,2017983
2022-09-23,3004.0,3022.5,2979.0,2982.050048828125,2895.597412109375,2652374
2022-09-26,2959.85009765625,3025.85009765625,2926.10009765625,2994.39990234375,2907.5888671875,2925489
2022-09-27,3009.39990234375,3025.0,2976.0,3017.449951171875,2929.970947265625,2227447
2022-09-28,2980.0,3049.949951171875,2980.0,3035.64990234375,2947.64306640625,2739767
2022-09-29,3054.0,3055.85009765625,2990.0,2997.300048828125,2910.405029296875,2493902
2022-09-30,2990.85009765625,3019.699951171875,2950.10009765625,3004.550048828125,2917.4453125,2817353
2022-10-03,2995.0,3020.699951171875,2974.0,2984.949951171875,2898.412841796875,1763331
2022-10-04,3029.949951171875,3098.0,3023.0,3091.14990234375,3001.5341796875,2145875
2022-10-06,3111.0,3124.0,3092.449951171875,3101.949951171875,3012.021240234375,1790816
2022-10-07,3097.39990234375,3105.0,3058.10009765625,3064.89990234375,2976.045166015625,1939879
2022-10-10,3010.0,3127.0,3005.0,3118.550048828125,3028.139892578125,3064063
2022-10-11,3100.0,3145.0,3053.35009765625,3069.550048828125,2980.560791015625,4730645
2022-10-12,3084.89990234375,3109.89990234375,3062.050048828125,3100.75,3010.85595703125,1665247
2022-10-13,3100.75,3110.0,3052.35009765625,3103.300048828125,3013.332275390625,2054781
2022-10-14,3145.0,3150.0,3071.0,3099.14990234375,3009.302490234375,2245977
2022-10-17,3072.64990234375,3128.39990234375,3071.449951171875,3111.75,3029.35693359375,1517005
2022-10-18,3150.0,3155.35009765625,3128.550048828125,3144.699951171875,3061.43408203125,1793722
2022-10-19,3159.0,3159.0,3112.0,3121.85009765625,3039.189697265625,1194289
2022-10-20,3105.0,3160.0,3105.0,3157.300048828125,3073.701171875,1587601
2022-10-21,3157.800048828125,3160.39990234375,3127.0,3137.39990234375,3054.32763671875,1021913
2022-10-24,3170.10009765625,3178.0,3155.0,3161.699951171875,3077.984375,260949
2022-10-25,3180.5,3184.25,3151.14990234375,3162.10009765625,3078.3740234375,2069643
2022-10-27,3160.699951171875,3174.0,3134.35009765625,3157.39990234375,3073.79833984375,2438421
2022-10-28,3150.0,3178.5,3145.0,3163.25,3079.49365234375,1355739
2022-10-31,3199.0,3199.0,3177.800048828125,3193.14990234375,3108.601318359375,1919414
2022-11-01,3214.5,3262.60009765625,3203.449951171875,3259.699951171875,3173.389404296875,2991060
2022-11-02,3270.0,3270.0,3222.050048828125,3241.699951171875,3155.865966796875,1405955
2022-11-03,3228.050048828125,3228.050048828125,3195.0,3206.75,3121.84130859375,1422652
2022-11-04,3217.0,3220.050048828125,3166.14990234375,3217.39990234375,3132.20947265625,1464013
2022-11-07,3229.0,3242.800048828125,3195.10009765625,3233.699951171875,3148.077880859375,1474498
2022-11-09,3249.800048828125,3249.800048828125,3201.64990234375,3216.050048828125,3130.895263671875,1162267
2022-11-10,3170.0,3225.0,3170.0,3205.64990234375,3120.770751953125,1573092
2022-11-11,3269.60009765625,3341.60009765625,3255.050048828125,3315.949951171875,3228.150146484375,3265394
2022-11-14,3324.0,3349.0,3309.0,3335.5,3247.1826171875,1342074
2022-11-15,3321.0,3339.949951171875,3292.0,3332.60009765625,3244.359619140625,1400708
2022-11-16,3338.89990234375,3367.89990234375,3321.449951171875,3355.35009765625,3266.5068359375,1748235
2022-11-17,3340.0,3360.0,3317.75,3349.0,3260.3251953125,1417986
2022-11-18,3350.0,3362.75,3321.0,3343.449951171875,3254.921875,1164540
2022-11-21,3322.5,3333.699951171875,3273.0,3283.5,3196.559326171875,1304194
2022-11-22,3280.0,3318.949951171875,3255.25,3314.949951171875,3227.176513671875,1149739
2022-11-23,3330.0,3330.0,3291.0,3308.300048828125,3220.702880859375,1150011
2022-11-24,3316.25,3392.949951171875,3308.300048828125,3380.14990234375,3290.650390625,1296591
2022-11-25,3383.0,3403.35009765625,3348.0,3389.64990234375,3299.898681640625,1588981
2022-11-28,3366.0,3417.0,3365.550048828125,3395.25,3305.350341796875,2195437
2022-11-29,3383.0,3429.0,3383.0,3397.35009765625,3307.39501953125,1576028
2022-11-30,3383.0,3414.89990234375,3375.0,3390.800048828125,3301.018310546875,3410702
2022-12-01,3425.0,3480.0,3420.0,3475.64990234375,3383.62158203125,2180856
2022-12-02,3458.10009765625,3468.89990234375,3413.0,3439.14990234375,3348.088134765625,2411749
2022-12-05,3433.0,3439.14990234375,3407.0,3425.89990234375,3335.188720703125,1475065
2022-12-06,3400.050048828125,3407.949951171875,3368.0,3385.35009765625,3295.712890625,1166999
2022-12-07,3368.300048828125,3393.699951171875,3354.0,3380.60009765625,3291.08837890625,1167505
2022-12-08,3360.0,3380.60009765625,3339.449951171875,3350.550048828125,3261.834228515625,1285619
2022-12-09,3374.10009765625,3374.10009765625,3276.35009765625,3292.75,3205.564453125,1797896
2022-12-12,3255.5,3296.0,3236.10009765625,3286.449951171875,3199.43115234375,1527610
2022-12-13,3277.199951171875,3336.449951171875,3267.800048828125,3332.10009765625,3243.872802734375,1378016
2022-12-14,3348.800048828125,3377.0,3340.89990234375,3365.35009765625,3276.2421875,1213311
2022-12-15,3358.800048828125,3364.75,3298.949951171875,3305.10009765625,3217.58740234375,1415694
2022-12-16,3275.0,3292.0,3225.199951171875,3240.25,3154.45458984375,2703680
2022-12-19,3227.0,3245.5,3194.5,3202.050048828125,3117.265869140625,2120965
2022-12-20,3198.89990234375,3249.0,3163.64990234375,3243.949951171875,3158.056396484375,1529971
2022-12-21,3249.0,3283.050048828125,3240.0,3268.550048828125,3182.005126953125,1432566
2022-12-22,3294.0,3294.0,3245.10009765625,3259.699951171875,3173.389404296875,1384101
2022-12-23,3217.0,3266.85009765625,3217.0,3228.35009765625,3142.869873046875,1360281
2022-12-26,3228.35009765625,3272.0,3225.050048828125,3252.89990234375,3166.76953125,870157
2022-12-27,3269.199951171875,3273.800048828125,3231.5,3259.5,3173.19482421875,835883
2022-12-28,3249.800048828125,3266.10009765625,3226.0,3257.10009765625,3170.858154296875,910795
2022-12-29,3231.10009765625,3271.5,3228.0,3268.75,3182.19970703125,1037927
2022-12-30,3286.050048828125,3299.0,3246.199951171875,3256.699951171875,3170.468994140625,1163131
2023-01-02,3261.0,3266.85009765625,3235.199951171875,3261.449951171875,3175.09326171875,709547
2023-01-03,3252.0,3320.0,3245.300048828125,3311.35009765625,3223.671875,1245178
2023-01-04,3306.699951171875,3327.35009765625,3286.199951171875,3314.64990234375,3226.884521484375,1231668
2023-01-05,3330.199951171875,3337.300048828125,3281.949951171875,3311.10009765625,3223.4287109375,1826057
2023-01-06,3300.0,3301.550048828125,3200.0,3211.550048828125,3126.5146484375,2488376
2023-01-09,3229.0,3327.0,3221.14990234375,3319.949951171875,3232.04443359375,2885060
2023-01-10,3285.0,3298.0,3230.10009765625,3286.39990234375,3199.38232421875,3864655
2023-01-11,3290.10009765625,3349.5,3271.14990234375,3328.699951171875,3240.562744140625,2720512
2023-01-12,3329.0,3350.0,3315.550048828125,3334.35009765625,3246.062744140625,2250391
2023-01-13,3342.89990234375,3379.0,3305.0,3374.550048828125,3285.198486328125,1742837
2023-01-16,3317.0,3353.0,3298.050048828125,3334.050048828125,3253.484130859375,1843607
2023-01-17,3330.0,3381.800048828125,3321.0,3378.39990234375,3296.76220703125,1688475
2023-01-18,3380.0,3408.949951171875,3372.25,3390.0,3308.08203125,2421189
2023-01-19,3380.0,3387.0,3361.0,3373.10009765625,3291.590576171875,1585044
2023-01-20,3365.0,3394.64990234375,3355.60009765625,3363.10009765625,3281.831787109375,1529349
2023-01-23,3388.0,3419.0,3355.60009765625,3414.89990234375,3332.380126953125,1067916
2023-01-24,3425.0,3451.949951171875,3417.300048828125,3436.300048828125,3353.262939453125,1387863
2023-01-25,3425.300048828125,3435.0,3405.0,3429.75,3346.871337890625,874110
2023-01-27,3426.0,3446.0,3382.300048828125,3411.050048828125,3328.62353515625,1785879
2023-01-30,3420.0,3458.449951171875,3385.550048828125,3433.64990234375,3350.677001953125,1953798
2023-01-31,3449.0,3449.0,3351.0,3358.699951171875,3277.5380859375,2820375
2023-02-01,3363.0,3419.0,3355.0,3408.35009765625,3325.98876953125,2205161
2023-02-02,3427.0,3469.0,3420.10009765625,3460.39990234375,3376.78076171875,1813847
2023-02-03,3504.0,3504.0,3452.89990234375,3482.300048828125,3398.1513671875,1804469
2023-02-06,3473.14990234375,3473.14990234375,3436.85009765625,3459.949951171875,3376.341552734375,1138714
2023-02-07,3468.89990234375,3493.0,3461.39990234375,3472.550048828125,3388.63720703125,1455647
2023-02-08,3478.050048828125,3539.89990234375,3478.050048828125,3520.10009765625,3435.037841796875,1986946
2023-02-09,3515.0,3547.60009765625,3505.300048828125,3540.85009765625,3455.287109375,1655427
2023-02-10,3520.0,3542.35009765625,3508.14990234375,3537.550048828125,3452.066650390625,1187821
2023-02-13,3549.0,3549.0,3473.39990234375,3482.39990234375,3398.248779296875,1087939
2023-02-14,3505.0,3524.85009765625,3495.0,3500.10009765625,3415.521728515625,1579818
2023-02-15,3487.0,3526.0,3460.14990234375,3520.64990234375,3435.574951171875,1429449
2023-02-16,3527.199951171875,3575.0,3527.0,3558.050048828125,3472.07080078125,1618931
2023-02-17,3526.14990234375,3538.89990234375,3490.0,3501.14990234375,3416.546142578125,1061369
2023-02-20,3502.0,3522.0,3475.050048828125,3487.300048828125,3403.03076171875,1296082
2023-02-21,3494.0,3508.89990234375,3444.75,3451.0,3367.607666015625,1139541
2023-02-22,3414.949951171875,3447.0,3395.0,3401.550048828125,3319.35302734375,1218430
2023-02-23,3421.0,3452.39990234375,3408.0,3413.800048828125,3331.306884765625,1441570
2023-02-24,3422.5,3433.949951171875,3382.300048828125,3400.449951171875,3318.279052734375,977592
2023-02-27,3390.0,3390.0,3316.0,3331.85009765625,3251.33740234375,1128022
2023-02-28,3328.5,3392.0,3299.89990234375,3312.85009765625,3232.79638671875,4116217
2023-03-01,3323.0,3389.0,3315.0,3385.699951171875,3303.8857421875,1669307
2023-03-02,3361.0,3369.89990234375,3318.0,3321.449951171875,3241.1884765625,1556538
2023-03-03,3354.0,3358.0,3331.10009765625,3342.14990234375,3261.38818359375,1043190
2023-03-06,3361.89990234375,3404.949951171875,3359.0,3371.85009765625,3290.37060546875,1334132
2023-03-08,3364.0,3396.0,3330.85009765625,3390.39990234375,3308.47216796875,1844590
2023-03-09,3385.0,3385.0,3330.85009765625,3336.85009765625,3256.216552734375,1648500
2023-03-10,3312.89990234375,3337.25,3290.0,3331.0,3250.508056640625,1024404
2023-03-13,3333.0,3369.800048828125,3272.0,3281.949951171875,3202.643310546875,1901233
2023-03-14,3280.0,3304.39990234375,3209.39990234375,3214.949951171875,3137.26171875,2670334
2023-03-15,3250.0,3260.35009765625,3192.0,3198.89990234375,3121.599609375,1780522
2023-03-16,3208.0,3219.800048828125,3172.0,3185.0,3108.035888671875,1901060
2023-03-17,3150.5,3221.39990234375,3144.0,3179.300048828125,3102.473388671875,6739966
2023-03-20,3169.64990234375,3169.64990234375,3095.050048828125,3143.300048828125,3067.343505859375,2289468
2023-03-21,3143.300048828125,3156.75,3097.449951171875,3106.10009765625,3031.04248046875,1815297
2023-03-22,3130.050048828125,3143.5,3106.10009765625,3130.800048828125,3055.1455078125,1123939
2023-03-23,3114.89990234375,3146.35009765625,3101.0,3124.64990234375,3049.14404296875,1372218
2023-03-24,3148.89990234375,3170.0,3106.0,3120.5,3045.09423828125,1329577
2023-03-27,3135.0,3152.75,3106.0,3122.300048828125,3046.850830078125,1524217
2023-03-28,3127.0,3149.550048828125,3110.14990234375,3115.89990234375,3040.605712890625,1303530
2023-03-29,3129.0,3150.0,3104.10009765625,3138.89990234375,3063.049560546875,1740616
2023-03-31,3189.949951171875,3213.0,3152.0,3205.89990234375,3128.430419921875,2382581
2023-04-03,3224.949951171875,3224.949951171875,3173.75,3200.0,3122.67333984375,1521830
2023-04-05,3185.5,3264.35009765625,3185.5,3239.800048828125,3161.51171875,2655065
2023-04-06,3225.0,3257.35009765625,3215.0,3220.699951171875,3142.873046875,1703464
2023-04-10,3220.0,3272.0,3215.0,3263.39990234375,3184.541015625,2203187
2023-04-11,3264.0,3272.949951171875,3192.14990234375,3213.800048828125,3136.139892578125,2348779
2023-04-12,3227.949951171875,3260.949951171875,3199.0,3241.64990234375,3163.317138671875,2417727
2023-04-13,3210.0,3230.0,3180.0,3188.85009765625,3111.792724609375,4174070
2023-04-17,3134.10009765625,3163.39990234375,3070.25,3139.5,3063.635009765625,5505048
2023-04-18,3154.949951171875,3156.85009765625,3110.60009765625,3130.75,3055.0966796875,2617302
2023-04-19,3130.75,3140.0,3071.5,3089.60009765625,3014.94140625,3298034
2023-04-20,3090.0,3113.0,3078.0,3104.800048828125,3029.773681640625,2419999
2023-04-21,3110.0,3164.449951171875,3100.800048828125,3160.85009765625,3084.469482421875,1929184
2023-04-24,3151.10009765625,3180.949951171875,3126.14990234375,3174.800048828125,3098.082275390625,1640676
2023-04-25,3183.0,3191.199951171875,3147.5,3176.0,3099.253173828125,2024090
2023-04-26,3181.0,3208.39990234375,3181.0,3198.14990234375,3120.8681640625,2000029
2023-04-27,3185.0,3199.199951171875,3170.64990234375,3187.949951171875,3110.914306640625,2434446
2023-04-28,3200.39990234375,3227.25,3196.25,3219.25,3141.458251953125,2931312
2023-05-02,3235.0,3235.0,3210.0,3219.39990234375,3141.60400390625,2321159
2023-05-03,3216.0,3216.0,3173.14990234375,3179.89990234375,3103.058837890625,2468285
2023-05-04,3180.14990234375,3224.449951171875,3178.0,3220.699951171875,3142.873046875,1953253
2023-05-05,3220.0,3244.0,3210.050048828125,3230.699951171875,3152.631591796875,1710027
2023-05-08,3245.0,3254.85009765625,3231.300048828125,3250.60009765625,3172.050537109375,928235
2023-05-09,3252.60009765625,3298.0,3246.0,3283.25,3203.911376953125,1107375
2023-05-10,3290.0,3306.5,3266.050048828125,3286.800048828125,3207.375732421875,1559987
2023-05-11,3309.0,3309.699951171875,3272.0,3282.14990234375,3202.838134765625,1719623
2023-05-12,3279.14990234375,3290.0,3260.0,3274.300048828125,3195.177734375,1027479
2023-05-15,3284.0,3292.0,3248.35009765625,3255.050048828125,3176.39306640625,1150390
2023-05-16,3256.199951171875,3285.0,3250.449951171875,3258.14990234375,3179.417724609375,986306
2023-05-17,3255.949951171875,3280.0,3198.25,3208.699951171875,3131.1630859375,1588815
2023-05-18,3225.949951171875,3228.949951171875,3195.0,3199.85009765625,3122.52685546875,1369364
2023-05-19,3210.0,3234.5,3203.050048828125,3222.85009765625,3144.971435546875,1152449
2023-05-22,3230.0,3308.449951171875,3217.050048828125,3298.699951171875,3218.98828125,1333243
2023-05-23,3306.0,3327.949951171875,3290.10009765625,3297.050048828125,3217.3779296875,1687418
2023-05-24,3276.0,3317.199951171875,3276.0,3303.35009765625,3223.52587890625,1016555
2023-05-25,3294.0,3306.0,3267.10009765625,3293.5,3213.91357421875,1374917
2023-05-26,3293.5,3338.64990234375,3291.0,3328.89990234375,3248.458251953125,1791115
2023-05-29,3360.800048828125,3372.0,3312.0,3320.35009765625,3240.114990234375,1210372
2023-05-30,3315.0,3326.949951171875,3301.35009765625,3316.199951171875,3236.0654296875,1344224
2023-05-31,3309.0,3327.699951171875,3265.14990234375,3289.5,3210.010498046875,5815424
2023-06-01,3314.0,3340.0,3297.5,3324.0,3243.677001953125,1177314
2023-06-02,3326.25,3335.89990234375,3297.449951171875,3305.60009765625,3225.721435546875,2030661
2023-06-05,3315.0,3327.0,3285.050048828125,3288.89990234375,3209.425048828125,1861468
2023-06-06,3280.0,3288.85009765625,3220.60009765625,3232.300048828125,3154.19287109375,2022849
2023-06-07,3253.0,3278.85009765625,3241.0,3274.89990234375,3195.763427734375,1567196
2023-06-08,3261.0,3270.0,3233.0,3236.449951171875,3158.242431640625,1759366
2023-06-09,3245.0,3250.0,3205.35009765625,3209.300048828125,3131.74853515625,1775689
2023-06-12,3215.0,3254.39990234375,3211.0,3246.89990234375,3168.43994140625,2324605
2023-06-13,3260.0,3265.0,3239.0,3243.699951171875,3165.317138671875,1371928
2023-06-14,3243.699951171875,3255.85009765625,3225.85009765625,3251.050048828125,3172.48974609375,1658544
2023-06-15,3245.300048828125,3247.449951171875,3210.0,3216.300048828125,3161.921630859375,2273810
2023-06-16,3197.0,3199.39990234375,3156.0,3174.89990234375,3121.22119140625,4156189
2023-06-19,3190.0,3214.89990234375,3175.0,3210.39990234375,3156.120849609375,1468186
2023-06-20,3214.0,3232.5,3201.050048828125,3227.699951171875,3173.12841796875,1528452
2023-06-21,3250.0,3261.39990234375,3223.949951171875,3258.199951171875,3203.113037109375,1645987
2023-06-22,3260.0,3267.64990234375,3230.10009765625,3238.5,3183.74609375,1529603
2023-06-23,3237.300048828125,3249.39990234375,3209.14990234375,3216.35009765625,3161.970458984375,1119505
2023-06-26,3205.0,3213.89990234375,3173.0,3189.64990234375,3135.721923828125,1978803
2023-06-27,3202.0,3209.64990234375,3182.300048828125,3197.35009765625,3143.291748046875,863542
2023-06-28,3208.0,3230.949951171875,3193.39990234375,3215.449951171875,3161.0859375,1575872
2023-06-30,3220.0,3310.0,3214.10009765625,3302.25,3246.418212890625,2672406
2023-07-03,3314.300048828125,3318.800048828125,3268.75,3272.300048828125,3216.974609375,1687264
2023-07-04,3290.0,3315.0,3277.300048828125,3308.85009765625,3252.90673828125,1656681
2023-07-05,3320.0,3329.0,3305.0,3319.949951171875,3263.819091796875,1453008
2023-07-06,3306.550048828125,3328.449951171875,3302.0,3322.89990234375,3266.71875,1848238
2023-07-07,3302.0,3356.89990234375,3302.0,3329.25,3272.961669921875,1789326
2023-07-10,3324.75,3324.75,3265.199951171875,3271.949951171875,3216.63037109375,1407431
2023-07-11,3295.0,3295.0,3260.800048828125,3272.39990234375,3217.07275390625,1110172
2023-07-12,3280.949951171875,3289.14990234375,3250.10009765625,3259.89990234375,3204.783935546875,1515240
2023-07-13,3284.0,3367.449951171875,3272.75,3340.550048828125,3284.070556640625,4585146
2023-07-14,3365.0,3524.85009765625,3352.0,3514.64990234375,3455.226806640625,6306101
2023-07-17,3510.0,3549.89990234375,3477.050048828125,3491.699951171875,3432.6650390625,2743228
2023-07-18,3476.0,3524.0,3465.0,3496.85009765625,3437.72802734375,2600090
2023-07-19,3500.0,3516.85009765625,3445.64990234375,3470.050048828125,3411.38134765625,2405370
2023-07-20,3453.10009765625,3478.89990234375,3436.050048828125,3463.300048828125,3413.598876953125,1715404
2023-07-21,3404.050048828125,3434.89990234375,3359.050048828125,3368.300048828125,3319.96240234375,3770223
2023-07-24,3381.0,3413.449951171875,3372.10009765625,3394.75,3346.032470703125,1680132
2023-07-25,3397.5,3406.800048828125,3380.199951171875,3399.14990234375,3350.369384765625,1272980
2023-07-26,3400.35009765625,3420.85009765625,3385.0,3388.300048828125,3339.675537109375,1066803
2023-07-27,3394.949951171875,3411.64990234375,3385.050048828125,3396.89990234375,3348.151611328125,1701769
2023-07-28,3385.0,3393.699951171875,3331.0,3355.39990234375,3307.2470703125,2599831
2023-07-31,3364.39990234375,3426.64990234375,3360.89990234375,3421.449951171875,3372.349365234375,2743678
2023-08-01,3415.0,3460.0,3415.0,3452.050048828125,3402.51025390625,1956167
2023-08-02,3434.949951171875,3446.39990234375,3413.60009765625,3440.64990234375,3391.27392578125,1914899
2023-08-03,3420.0,3433.25,3368.0,3399.949951171875,3351.157958984375,2026351
2023-08-04,3401.25,3471.0,3401.25,3443.550048828125,3394.132568359375,2248493
2023-08-07,3453.949951171875,3488.0,3441.25,3484.050048828125,3434.051513671875,1853889
2023-08-08,3484.050048828125,3489.949951171875,3456.60009765625,3470.60009765625,3420.794189453125,1634225
2023-08-09,3464.89990234375,3467.0,3425.050048828125,3462.5,3412.810546875,1794589
2023-08-10,3450.0,3464.89990234375,3430.050048828125,3442.10009765625,3392.703125,1096701
2023-08-11,3438.10009765625,3466.64990234375,3414.0,3448.800048828125,3399.306884765625,1679974
2023-08-14,3440.699951171875,3455.0,3411.0,3449.85009765625,3400.342041015625,1190425
2023-08-16,3450.0,3466.0,3435.199951171875,3458.39990234375,3408.769287109375,1328445
2023-08-17,3455.0,3460.800048828125,3413.199951171875,3435.75,3386.4443359375,1843241
2023-08-18,3410.0,3410.0,3356.5,3367.10009765625,3318.779541015625,2526749
2023-08-21,3375.0,3409.75,3372.0,3401.64990234375,3352.83349609375,1375579
2023-08-22,3400.0,3411.0,3365.050048828125,3382.14990234375,3333.61328125,1222012
2023-08-23,3388.0,3402.0,3376.0,3398.25,3349.482177734375,1330046
2023-08-24,3408.0,3413.050048828125,3378.10009765625,3387.75,3339.13330078125,1152881
2023-08-25,3375.0,3385.800048828125,3350.25,3381.300048828125,3332.775634765625,1158046
2023-08-28,3394.0,3394.0,3360.10009765625,3375.550048828125,3327.108154296875,1037485
2023-08-29,3381.050048828125,3389.550048828125,3365.0,3376.14990234375,3327.699462890625,944517
2023-08-30,3398.0,3408.10009765625,3383.050048828125,3390.949951171875,3342.287109375,1188200
2023-08-31,3401.0,3417.39990234375,3343.64990234375,3356.800048828125,3308.62744140625,3417652
2023-09-01,3366.0,3389.0,3356.800048828125,3379.199951171875,3330.7060546875,1277950
2023-09-04,3378.0,3432.85009765625,3370.050048828125,3418.5,3369.441650390625,1828332
2023-09-05,3420.0,3447.0,3405.14990234375,3429.35009765625,3380.135986328125,1501842
2023-09-06,3434.0,3443.89990234375,3398.10009765625,3429.89990234375,3380.677978515625,1314818
2023-09-07,3430.800048828125,3460.0,3422.300048828125,3455.25,3405.664306640625,1885092
2023-09-08,3455.25,3465.0,3435.050048828125,3441.89990234375,3392.505859375,1518917
2023-09-11,3462.0,3485.699951171875,3445.0,3480.64990234375,3430.699951171875,1783604
2023-09-12,3492.0,3589.89990234375,3483.0,3580.800048828125,3529.41259765625,4476016
2023-09-13,3571.10009765625,3588.85009765625,3545.0,3567.85009765625,3516.648681640625,1754929
2023-09-14,3570.050048828125,3597.699951171875,3545.60009765625,3560.050048828125,3508.960693359375,2604721
2023-09-15,3567.85009765625,3607.35009765625,3562.449951171875,3598.300048828125,3546.66162109375,2952897
2023-09-18,3580.050048828125,3619.300048828125,3575.25,3606.14990234375,3554.398681640625,1395753
2023-09-20,3580.0,3625.0,3580.0,3606.050048828125,3554.30029296875,1649396
2023-09-21,3588.550048828125,3605.0,3528.0,3585.300048828125,3533.84814453125,2004073
2023-09-22,3584.0,3633.75,3565.050048828125,3603.64990234375,3551.934814453125,1989083
2023-09-25,3602.5,3620.0,3558.64990234375,3577.14990234375,3525.815185546875,1238778
2023-09-26,3567.60009765625,3594.949951171875,3536.0,3585.699951171875,3534.242431640625,1726062
2023-09-27,3590.0,3614.0,3555.699951171875,3589.300048828125,3537.790771484375,1541134
2023-09-28,3600.0,3602.800048828125,3527.35009765625,3536.75,3485.994873046875,1755753
2023-09-29,3537.199951171875,3568.449951171875,3505.550048828125,3528.60009765625,3477.9619140625,2243791
2023-10-03,3534.199951171875,3534.199951171875,3480.10009765625,3513.85009765625,3463.423583984375,1948148
2023-10-04,3486.300048828125,3548.0,3477.300048828125,3537.75,3486.98046875,1788138
2023-10-05,3554.0,3624.0,3551.199951171875,3589.35009765625,3537.840087890625,2990768
2023-10-06,3591.0,3634.949951171875,3575.050048828125,3621.39990234375,3569.43017578125,2075691
2023-10-09,3645.050048828125,3679.0,3631.0,3638.35009765625,3586.136962890625,4233074
2023-10-10,3640.050048828125,3648.0,3601.35009765625,3628.89990234375,3576.822021484375,1848148
2023-10-11,3650.0,3650.0,3605.0,3609.89990234375,3558.094970703125,2426417
2023-10-12,3575.0,3588.64990234375,3538.10009765625,3542.550048828125,3491.711669921875,4241281
2023-10-13,3530.0,3577.0,3525.0,3570.85009765625,3519.605712890625,2890357
2023-10-16,3566.0,3574.64990234375,3519.10009765625,3524.050048828125,3473.47705078125,1671104
2023-10-17,3530.0,3534.14990234375,3503.35009765625,3507.050048828125,3456.720947265625,1672065
2023-10-18,3511.0,3522.699951171875,3484.0,3487.25,3437.205322265625,1408245
2023-10-19,3469.5,3476.85009765625,3451.89990234375,3455.64990234375,3414.87158203125,1514545
2023-10-20,3450.39990234375,3499.5,3444.050048828125,3494.550048828125,3453.312744140625,1481211
2023-10-23,3473.0,3478.949951171875,3401.300048828125,3410.14990234375,3369.90869140625,1106272
2023-10-25,3390.5,3425.0,3377.199951171875,3390.10009765625,3350.095458984375,1518537
2023-10-26,3368.050048828125,3373.699951171875,3330.0,3336.75,3297.375,1984471
2023-10-27,3350.0,3362.0,3337.0,3350.949951171875,3311.4072265625,1108851
2023-10-30,3350.0,3382.85009765625,3333.75,3378.550048828125,3338.681884765625,910972
2023-10-31,3399.0,3399.0,3350.050048828125,3368.75,3328.9970703125,999811
2023-11-01,3355.0,3371.60009765625,3311.0,3330.64990234375,3291.3466796875,1563475
2023-11-02,3343.199951171875,3375.949951171875,3343.199951171875,3360.10009765625,3320.449462890625,1245384
2023-11-03,3382.0,3387.89990234375,3344.300048828125,3350.89990234375,3311.357666015625,1402598
2023-11-06,3375.0,3392.300048828125,3359.0,3380.25,3340.361572265625,1099852
2023-11-07,3378.0,3404.14990234375,3366.0,3370.449951171875,3330.67724609375,1191144
2023-11-08,3371.449951171875,3401.949951171875,3369.550048828125,3381.550048828125,3341.646484375,992899
2023-11-09,3390.10009765625,3391.5,3342.050048828125,3347.449951171875,3307.94873046875,2112352
2023-11-10,3338.0,3347.449951171875,3322.35009765625,3333.449951171875,3294.114013671875,1338557
2023-11-13,3356.0,3356.0,3327.0,3331.550048828125,3292.236572265625,1030990
2023-11-15,3383.10009765625,3413.0,3356.050048828125,3404.300048828125,3364.1279296875,2059802
2023-11-16,3430.050048828125,3529.35009765625,3414.199951171875,3497.85009765625,3456.57421875,3951984
2023-11-17,3497.85009765625,3524.5,3492.550048828125,3502.449951171875,3461.11962890625,2021292
2023-11-20,3491.25,3533.89990234375,3491.25,3519.60009765625,3478.0673828125,1475621
2023-11-21,3519.60009765625,3539.050048828125,3501.0,3510.199951171875,3468.778076171875,1807236
2023-11-22,3500.0,3532.64990234375,3481.10009765625,3530.14990234375,3488.492431640625,1798051
2023-11-23,3530.0,3544.0,3500.0,3508.25,3466.85107421875,2729804
2023-11-24,3494.25,3504.550048828125,3453.0,3457.10009765625,3416.304931640625,1989733
2023-11-28,3457.10009765625,3481.25,3433.0,3470.14990234375,3429.20068359375,1689195
2023-11-29,3481.0,3518.0,3475.800048828125,3513.75,3472.286376953125,1441634
2023-11-30,3499.449951171875,3516.64990234375,3481.0,3487.60009765625,3446.44482421875,3266235
2023-12-01,3500.0,3516.949951171875,3490.050048828125,3511.64990234375,3470.2109375,1172141
2023-12-04,3544.64990234375,3547.800048828125,3498.0,3512.449951171875,3471.00146484375,1625213
2023-12-05,3538.0,3538.0,3502.800048828125,3531.60009765625,3489.92578125,1377656
2023-12-06,3532.60009765625,3612.85009765625,3525.14990234375,3604.10009765625,3561.570068359375,1896572
2023-12-07,3605.0,3630.550048828125,3591.699951171875,3614.89990234375,3572.242431640625,1967653
2023-12-08,3633.0,3645.0,3602.050048828125,3626.699951171875,3583.9033203125,1641155
2023-12-11,3622.89990234375,3653.0,3615.0,3642.89990234375,3599.912109375,1102503
2023-12-12,3638.949951171875,3698.39990234375,3631.0,3672.10009765625,3628.767822265625,2236866
2023-12-13,3643.550048828125,3650.0,3563.0,3593.550048828125,3551.14453125,3850968
2023-12-14,3630.0,3678.0,3627.60009765625,3667.25,3623.97509765625,3290396
2023-12-15,3666.699951171875,3895.949951171875,3666.699951171875,3861.0,3815.438720703125,8531230
2023-12-18,3858.10009765625,3929.0,3830.14990234375,3859.199951171875,3813.659912109375,2521612
2023-12-19,3845.0,3855.10009765625,3790.0,3816.199951171875,3771.167236328125,2004435
2023-12-20,3827.25,3898.800048828125,3766.550048828125,3780.050048828125,3735.44384765625,2586083
2023-12-21,3756.25,3806.699951171875,3743.35009765625,3787.5,3742.805908203125,1517562
2023-12-22,3800.0,3845.949951171875,3762.0,3824.0,3778.875244140625,2413058
2023-12-26,3819.85009765625,3834.0,3790.14990234375,3795.550048828125,3750.760986328125,1285231
2023-12-27,3799.0,3818.199951171875,3768.0,3811.199951171875,3766.22607421875,1293976
2023-12-28,3824.0,3838.0,3792.10009765625,3799.89990234375,3755.0595703125,1682889
2023-12-29,3792.0,3822.60009765625,3765.39990234375,3793.39990234375,3748.63623046875,1574996
2024-01-01,3790.0,3832.0,3773.0,3811.10009765625,3766.12744140625,825907
2024-01-02,3811.10009765625,3811.10009765625,3767.25,3783.199951171875,3738.556640625,1344068
2024-01-03,3767.0,3771.85009765625,3687.050048828125,3691.75,3648.185791015625,1803075
2024-01-04,3701.75,3719.0,3651.0,3666.800048828125,3623.5302734375,3598144
2024-01-05,3675.0,3747.75,3674.85009765625,3737.89990234375,3693.791259765625,1963127
2024-01-08,3737.89990234375,3739.75,3672.39990234375,3678.300048828125,3634.894287109375,1067805
2024-01-09,3709.949951171875,3752.35009765625,3682.75,3689.89990234375,3646.357666015625,1370944
2024-01-10,3690.0,3729.25,3688.0,3713.050048828125,3669.234375,1292227
2024-01-11,3724.0,3773.0,3707.0,3735.550048828125,3691.468994140625,1777909
2024-01-12,3848.0,3905.25,3821.60009765625,3882.800048828125,3836.981201171875,6813450
2024-01-15,3960.0,3965.0,3885.0,3903.800048828125,3857.733642578125,2801505
2024-01-16,3899.0,3899.0,3855.550048828125,3861.300048828125,3815.735107421875,1432672
2024-01-17,3819.0,3909.949951171875,3812.550048828125,3884.60009765625,3838.760009765625,3458696
2024-01-18,3898.0,3908.800048828125,3862.0,3902.60009765625,3856.5478515625,2239110
2024-01-19,3945.0,3963.550048828125,3915.050048828125,3943.050048828125,3905.52734375,2941975
2024-01-23,3900.0,3933.89990234375,3842.75,3858.25,3821.5341796875,2618854
2024-01-24,3880.0,3883.64990234375,3805.60009765625,3841.800048828125,3805.24072265625,2657709
2024-01-25,3839.89990234375,3861.0,3778.699951171875,3810.300048828125,3774.04052734375,2205154
2024-01-29,3800.800048828125,3820.0,3780.85009765625,3801.0,3764.828857421875,1646747
2024-01-30,3807.449951171875,3847.800048828125,3787.0,3800.550048828125,3764.383056640625,1411621
2024-01-31,3811.199951171875,3834.0,3796.449951171875,3815.949951171875,3779.636474609375,2459358
2024-02-01,3820.0,3904.89990234375,3805.050048828125,3854.14990234375,3817.472900390625,2363107
2024-02-02,3875.050048828125,3984.39990234375,3872.0,3966.300048828125,3928.555908203125,2826510
2024-02-05,3983.0,4022.0,3962.10009765625,3973.300048828125,3935.4892578125,1691523
2024-02-06,3997.0,4149.89990234375,3990.0,4136.0,4096.64111328125,4474396
2024-02-07,4153.0,4155.0,4073.949951171875,4083.39990234375,4044.541259765625,2124267
2024-02-08,4090.0,4158.0,4086.050048828125,4134.10009765625,4094.75927734375,2345173
2024-02-09,4136.5498046875,4184.75,4100.0,4133.7001953125,4094.363037109375,2100596
2024-02-12,4130.0,4159.60009765625,4105.5498046875,4120.7001953125,4081.48681640625,1013716
2024-02-13,4125.4501953125,4170.0,4081.5,4149.5,4110.01220703125,1257415
2024-02-14,4107.0,4114.89990234375,4049.5,4100.10009765625,4061.082763671875,1391283
2024-02-15,4128.0,4146.2998046875,4083.0,4103.2001953125,4064.1533203125,1091582
2024-02-16,4113.25,4147.9501953125,4100.10009765625,4128.2998046875,4089.01416015625,1307556
2024-02-19,4123.0498046875,4128.2998046875,4055.0,4103.7998046875,4064.7470703125,772291
2024-02-20,4082.10009765625,4098.0,4010.0,4030.64990234375,3992.293212890625,1193648
2024-02-21,4013.0,4063.35009765625,3980.60009765625,3991.5,3953.51611328125,1885939
2024-02-22,3971.0,4094.949951171875,3971.0,4087.10009765625,4048.206298828125,2982052
2024-02-23,4130.0,4130.0,4046.39990234375,4052.10009765625,4013.539306640625,2538072
2024-02-26,4036.0,4050.0,3982.75,4001.050048828125,3962.97509765625,1379284
2024-02-27,3999.0,4124.0,3999.0,4104.39990234375,4065.341552734375,2960475
2024-02-28,4095.60009765625,4154.89990234375,4089.0,4118.9501953125,4079.75341796875,1939225
2024-02-29,4099.0,4138.10009765625,4064.550048828125,4095.10009765625,4056.13037109375,3772719
2024-03-01,4107.2001953125,4140.0,4086.800048828125,4094.35009765625,4055.387451171875,2043265
2024-03-04,4105.0,4117.89990234375,4075.89990234375,4080.699951171875,4041.8671875,1749271
2024-03-05,4062.0,4064.0,3980.0,4012.10009765625,3973.920166015625,2070859
2024-03-06,3994.050048828125,4072.0,3958.449951171875,4064.300048828125,4025.623291015625,1744204
2024-03-07,4065.0,4124.0,4037.699951171875,4108.60009765625,4069.501953125,2688905
2024-03-11,4089.0,4153.0,4089.0,4122.35009765625,4083.120849609375,2304068
2024-03-12,4122.35009765625,4229.9501953125,4121.0498046875,4192.25,4152.35595703125,4039801
2024-03-13,4205.0,4241.0,4131.89990234375,4149.0,4109.517578125,2837260
2024-03-14,4153.4501953125,4225.0,4086.0,4207.60009765625,4167.5595703125,2919608
2024-03-15,4192.60009765625,4239.0,4177.0,4219.25,4179.09912109375,3373143
2024-03-18,4215.25,4254.75,4117.85009765625,4152.5,4112.98388671875,1526904
2024-03-19,4051.25,4058.0,3966.60009765625,3977.300048828125,3939.451171875,8931209
2024-03-20,3986.0,4018.0,3960.199951171875,3970.89990234375,3933.11181640625,1817913
2024-03-21,3990.050048828125,4008.39990234375,3948.0,3972.949951171875,3935.142578125,3829582
2024-03-22,3897.0,3938.0,3855.0,3910.89990234375,3873.68310546875,5852485
2024-03-26,3875.0,3946.699951171875,3871.449951171875,3877.5,3840.600830078125,3440925
2024-03-27,3888.5,3895.0,3829.39990234375,3840.89990234375,3804.34912109375,1968575
2024-03-28,3850.10009765625,3915.0,3840.5,3876.300048828125,3839.412353515625,4311783
2024-04-01,3897.699951171875,3933.300048828125,3888.050048828125,3916.75,3879.4775390625,1569676
2024-04-02,3890.0,3909.85009765625,3873.0,3883.800048828125,3846.841064453125,2142666
2024-04-03,3851.0,3981.0,3851.0,3947.300048828125,3909.73681640625,3973090
2024-04-04,3975.89990234375,4028.64990234375,3935.25,4003.300048828125,3965.203857421875,3394637
2024-04-05,3978.0,4002.0,3960.5,3979.25,3941.3828125,1636819
2024-04-08,3983.0,4032.64990234375,3960.0,3972.550048828125,3934.74658203125,2302538
2024-04-09,3984.0,4015.85009765625,3925.050048828125,3946.550048828125,3908.993896484375,1876992
2024-04-10,3956.39990234375,3990.199951171875,3918.0,3984.64990234375,3946.731201171875,2101965
2024-04-12,3971.0,4013.35009765625,3945.5,4001.39990234375,3963.32177734375,4354821
2024-04-15,4001.39990234375,4064.199951171875,3919.050048828125,3941.199951171875,3903.694580078125,4200329
2024-04-16,3902.0,3928.699951171875,3862.85009765625,3872.800048828125,3835.94580078125,3051420
2024-04-18,3876.800048828125,3936.0,3850.0,3862.0,3825.248291015625,3476284
2024-04-19,3838.0,3852.550048828125,3800.89990234375,3826.199951171875,3789.7890625,2957749
2024-04-22,3837.0,3878.0,3812.0,3864.60009765625,3827.82373046875,1728883
2024-04-23,3877.050048828125,3895.0,3860.60009765625,3874.699951171875,3837.82763671875,1807586
2024-04-24,3890.0,3898.0,3824.449951171875,3831.050048828125,3794.593017578125,1317312
2024-04-25,3811.199951171875,3873.64990234375,3811.0,3852.199951171875,3815.541748046875,2856271
2024-04-26,3855.14990234375,3876.800048828125,3802.550048828125,3821.35009765625,3784.985107421875,2039178
2024-04-29,3838.0,3877.800048828125,3819.199951171875,3870.199951171875,3833.370361328125,1110693
2024-04-30,3872.0,3881.75,3810.0,3820.64990234375,3784.291748046875,2203078
2024-05-02,3778.050048828125,3871.10009765625,3778.050048828125,3863.300048828125,3826.5361328125,2491044
2024-05-03,3890.14990234375,3893.60009765625,3797.60009765625,3843.39990234375,3806.825439453125,2962234
2024-05-06,3853.0,3939.949951171875,3853.0,3921.050048828125,3883.736572265625,2053831
2024-05-07,3930.800048828125,3988.0,3913.5,3978.949951171875,3941.085205078125,2062112
2024-05-08,3961.0,3984.300048828125,3938.60009765625,3976.949951171875,3939.1044921875,1247685
2024-05-09,3962.0,3971.0,3910.050048828125,3960.199951171875,3922.513916015625,1726486
2024-05-10,3962.60009765625,3973.60009765625,3885.050048828125,3893.89990234375,3856.8447265625,1672489
2024-05-13,3884.5,3955.0,3870.0,3947.800048828125,3910.23193359375,931326
2024-05-14,3936.0,3945.800048828125,3892.89990234375,3901.199951171875,3864.0751953125,1058317
2024-05-15,3904.5,3926.949951171875,3875.5,3880.39990234375,3843.47314453125,1115021
2024-05-16,3891.10009765625,3909.5,3843.5,3900.949951171875,3891.91064453125,2599399
2024-05-17,3919.0,3920.0,3830.0,3834.10009765625,3825.2158203125,2765804
2024-05-21,3830.60009765625,3844.75,3810.050048828125,3820.199951171875,3811.347900390625,1908117
2024-05-22,3835.0,3841.25,3817.550048828125,3832.0,3823.12060546875,1311168
2024-05-23,3840.949951171875,3905.0,3825.5,3893.449951171875,3884.427978515625,2095742
2024-05-24,3878.25,3883.800048828125,3844.300048828125,3849.5,3840.580078125,1309452
2024-05-27,3855.0,3908.35009765625,3841.35009765625,3847.050048828125,3838.1357421875,1841538
2024-05-28,3858.0,3870.0,3830.0,3839.89990234375,3831.002197265625,1801993
2024-05-29,3848.89990234375,3848.89990234375,3800.0,3803.64990234375,3794.836181640625,1568095
2024-05-30,3777.0,3794.39990234375,3715.449951171875,3736.10009765625,3727.44287109375,2919230
2024-05-31,3740.0,3749.800048828125,3653.75,3670.949951171875,3662.443603515625,10956800
2024-06-03,3732.800048828125,3751.550048828125,3696.0,3702.85009765625,3694.269775390625,2156773
2024-06-04,3700.0,3745.0,3591.5,3715.0,3706.3916015625,3395997
2024-06-05,3716.0,3783.800048828125,3700.0,3746.449951171875,3737.768798828125,2799670
2024-06-06,3781.0,3839.89990234375,3741.5,3830.39990234375,3821.524169921875,4328036
2024-06-07,3837.300048828125,3915.0,3837.300048828125,3893.949951171875,3884.927001953125,4552445
2024-06-10,3895.0,3905.89990234375,3841.89990234375,3858.699951171875,3849.758544921875,1734661
2024-06-11,3845.0,3879.949951171875,3841.0,3852.10009765625,3843.174072265625,1419898
2024-06-12,3874.39990234375,3893.5,3827.449951171875,3831.64990234375,3822.771240234375,2177001
2024-06-13,3856.800048828125,3890.0,3852.0,3878.14990234375,3869.16357421875,1932323
2024-06-14,3889.0,3889.0,3828.0,3832.050048828125,3823.17041015625,1860730
2024-06-18,3826.050048828125,3842.0,3795.050048828125,3815.10009765625,3806.259765625,1774045
2024-06-19,3827.64990234375,3833.85009765625,3792.949951171875,3801.699951171875,3792.890625,1509050
2024-06-20,3796.0,3809.949951171875,3780.050048828125,3787.25,3778.47412109375,2846526
2024-06-21,3827.0,3877.800048828125,3798.050048828125,3810.75,3801.919677734375,4642195
2024-06-24,3808.75,3857.0,3791.300048828125,3816.800048828125,3807.955810546875,1702154
2024-06-25,3817.0,3847.64990234375,3792.89990234375,3838.449951171875,3829.555419921875,1338808
2024-06-26,3844.5,3866.949951171875,3841.0,3855.85009765625,3846.915283203125,1639845
2024-06-27,3831.0,3942.0,3818.10009765625,3934.14990234375,3925.03369140625,4526556
2024-06-28,3917.800048828125,3960.0,3897.85009765625,3904.14990234375,3895.103271484375,2731571
2024-07-01,3884.0,4001.699951171875,3884.0,3978.199951171875,3968.981689453125,2658723
2024-07-02,3993.60009765625,4023.39990234375,3982.550048828125,4017.39990234375,4008.0908203125,2307449
2024-07-03,4020.0,4026.10009765625,3955.0,3965.25,3956.061767578125,1821198
2024-07-04,3999.85009765625,4047.35009765625,3982.10009765625,4020.949951171875,4011.632568359375,2518001
2024-07-05,4010.0,4026.75,3988.0,4011.800048828125,4002.50390625,1668616
2024-07-08,4022.0,4031.25,3978.050048828125,3993.199951171875,3983.947021484375,1758882
2024-07-09,3985.0,4006.949951171875,3975.10009765625,3985.5,3976.264892578125,1305801
2024-07-10,3983.699951171875,4003.300048828125,3902.0,3909.14990234375,3900.091552734375,2669716
2024-07-11,3931.0,3980.0,3895.60009765625,3923.699951171875,3914.60791015625,4872189
2024-07-12,3980.0,4199.9501953125,3971.300048828125,4183.9501953125,4174.25537109375,13509164
2024-07-15,4235.7001953125,4240.0,4157.0498046875,4169.2001953125,4159.53955078125,4848030
2024-07-16,4172.0,4194.5498046875,4144.89990234375,4178.4501953125,4168.76806640625,2029521
2024-07-18,4160.0,4325.0,4160.0,4315.5498046875,4305.5498046875,5613364
2024-07-19,4317.39990234375,4358.75,4285.25,4302.39990234375,4302.39990234375,3903354
2024-07-22,4299.9501953125,4319.9501953125,4265.0,4287.35009765625,4287.35009765625,1896386
2024-07-23,4283.0,4361.7001953125,4266.2998046875,4302.35009765625,4302.35009765625,2365208
2024-07-24,4287.5,4339.10009765625,4268.10009765625,4306.25,4306.25,1809793
2024-07-25,4295.0,4343.0,4274.2001953125,4322.5,4322.5,2810342
2024-07-26,4350.0,4422.4501953125,4337.0498046875,4387.85009765625,4387.85009765625,3552210
2024-07-29,4415.0,4431.0,4371.0,4381.10009765625,4381.10009765625,1746803
2024-07-30,4391.10009765625,4398.0,4327.2998046875,4365.35009765625,4365.35009765625,1797906
2024-07-31,4350.0,4414.0,4345.0,4385.35009765625,4385.35009765625,2330091
2024-08-01,4399.39990234375,4419.2998046875,4365.0498046875,4397.10009765625,4397.10009765625,2202244
2024-08-02,4365.0,4398.0,4270.0,4283.0498046875,4283.0498046875,2811282
2024-08-05,4239.0,4239.0,4110.5,4155.0498046875,4155.0498046875,2787771
2024-08-06,4170.9501953125,4258.25,4160.7998046875,4171.2001953125,4171.2001953125,2203067
2024-08-07,4228.0,4244.9501953125,4180.2998046875,4200.4501953125,4200.4501953125,1237666
2024-08-08,4181.0,4232.0,4160.0,4172.5498046875,4172.5498046875,2441283
2024-08-09,4217.0,4253.64990234375,4205.5498046875,4228.75,4228.75,1302536
2024-08-12,4230.0,4239.0,4186.35009765625,4195.64990234375,4195.64990234375,936912
2024-08-13,4213.0,4234.0,4183.0,4196.9501953125,4196.9501953125,1495593
2024-08-14,4209.0,4306.2001953125,4188.14990234375,4295.25,4295.25,3226545
