<?xml version="1.0" encoding="UTF-8"?>
<kml xmlns="http://www.opengis.net/kml/2.2"><Document>
<name>kakinada_valasapakala</name>
<Style id="place"><LineStyle><color>ff0000ff</color><width>2</width></LineStyle><PolyStyle><color>4d0000ff</color></PolyStyle></Style>
<Style id="boundary"><LineStyle><color>ff00ffff</color><width>3</width></LineStyle><PolyStyle><color>4d00ffff</color></PolyStyle></Style>
<Style id="landuse"><LineStyle><color>ff00aa00</color><width>2</width></LineStyle><PolyStyle><color>4d00aa00</color></PolyStyle></Style>
<Style id="highway"><LineStyle><color>ffffffff</color><width>2</width></LineStyle><PolyStyle><color>4dffffff</color></PolyStyle></Style>
<Style id="waterway"><LineStyle><color>ffff9900</color><width>2</width></LineStyle><PolyStyle><color>4dff9900</color></PolyStyle></Style>
<Style id="water"><LineStyle><color>ffff6600</color><width>2</width></LineStyle><PolyStyle><color>4dff6600</color></PolyStyle></Style>
<Style id="building"><LineStyle><color>ffcccccc</color><width>1</width></LineStyle><PolyStyle><color>4dcccccc</color></PolyStyle></Style>
<Folder><name>building (538)</name>
<Placemark><name>building</name><styleUrl>#building</styleUrl><description>building: yes</description>
<Polygon><outerBoundaryIs><LinearRing><coordinates>82.2744813,17.0209302,0 82.2744775,17.0200004,0 82.2740706,17.0200019,0 82.2740743,17.0209317,0 82.2744813,17.0209302,0</coordinates></LinearRing></outerBoundaryIs></Polygon>
</Placemark>
<Placemark><name>building</name><styleUrl>#building</styleUrl><description>building: yes</description>
<Polygon><outerBoundaryIs><LinearRing><coordinates>82.2725289,17.0200328,0 82.2725334,17.020941,0 82.2733249,17.0209374,0 82.2733204,17.0200292,0 82.2725289,17.0200328,0</coordinates></LinearRing></outerBoundaryIs></Polygon>
</Placemark>
<Placemark><name>building</name><styleUrl>#building</styleUrl><description>building: yes</description>
<Polygon><outerBoundaryIs><LinearRing><coordinates>82.2739611,17.0199932,0 82.2735314,17.0199963,0 82.2735389,17.0209334,0 82.2739687,17.0209302,0 82.2739611,17.0199932,0</coordinates></LinearRing></outerBoundaryIs></Polygon>
</Placemark>
<Placemark><name>Kakinada Sub station</name><styleUrl>#building</styleUrl><description>building: substation
layer: 1
name: Kakinada Sub station
power: substation
substation: transmission
voltage: 220000;132000</description>
<Polygon><outerBoundaryIs><LinearRing><coordinates>82.2503337,17.0141577,0 82.2510758,17.0164779,0 82.2513084,17.017362,0 82.2498773,17.0178942,0 82.2490175,17.0182208,0 82.2487131,17.0167091,0 82.2485647,17.0148118,0 82.2490636,17.0146876,0 82.2495687,17.0145294,0 82.24953,17.0144493,0 82.2497625,17.0143774,0 82.2503337,17.0141577,0</coordinates></LinearRing></outerBoundaryIs></Polygon>
</Placemark>
<Placemark><name>building</name><styleUrl>#building</styleUrl><description>building: yes</description>
<Polygon><outerBoundaryIs><LinearRing><coordinates>82.273073,16.9835373,0 82.2730958,16.9835611,0 82.2731022,16.9836001,0 82.2730921,16.983624,0 82.2730616,16.983647,0 82.273038,16.9836509,0 82.2729999,16.9836381,0 82.2729836,16.9836204,0 82.2729752,16.9835848,0 82.2729895,16.9835502,0 82.2730064,16.9835364,0 82.2730451,16.9835283,0 82.273073,16.9835373,0</coordinates></LinearRing></outerBoundaryIs></Polygon>
</Placemark>
<Placemark><name>building</name><styleUrl>#building</styleUrl><description>building: yes</description>
<Polygon><outerBoundaryIs><LinearRing><coordinates>82.2711506,16.9856445,0 82.2711871,16.9856917,0 82.2711905,16.985758,0 82.2711653,16.9858022,0 82.2711119,16.9858338,0 82.2710646,16.9858365,0 82.2710072,16.985811,0 82.2709786,16.985774,0 82.27097,16.9857138,0 82.2709975,16.9856579,0 82.2710346,16.9856317,0 82.2710994,16.9856233,0 82.2711506,16.9856445,0</coordinates></LinearRing></outerBoundaryIs></Polygon>
</Placemark>
<Placemark><name>building</name><styleUrl>#building</styleUrl><description>building: yes</description>
<Polygon><outerBoundaryIs><LinearRing><coordinates>82.2708456,16.9856213,0 82.2708883,16.9856769,0 82.2708922,16.9857537,0 82.270862,16.9858065,0 82.2708003,16.9858429,0 82.2707436,16.9858461,0 82.2706776,16.9858167,0 82.2706434,16.9857724,0 82.2706335,16.9857026,0 82.270665,16.9856377,0 82.2707099,16.9856059,0 82.2707847,16.9855962,0 82.2708456,16.9856213,0</coordinates></LinearRing></outerBoundaryIs></Polygon>
</Placemark>
<Placemark><name>building</name><styleUrl>#building</styleUrl><description>building: yes</description>
<Polygon><outerBoundaryIs><LinearRing><coordinates>82.2720679,16.986013,0 82.2721043,16.9860601,0 82.2721077,16.9861264,0 82.2720825,16.9861706,0 82.2720291,16.9862022,0 82.2719818,16.986205,0 82.2719244,16.9861794,0 82.2718958,16.9861424,0 82.2718872,16.9860823,0 82.2719147,16.9860264,0 82.2719518,16.9860001,0 82.2720166,16.9859917,0 82.2720679,16.986013,0</coordinates></LinearRing></outerBoundaryIs></Polygon>
</Placemark>
<Placemark><name>building</name><styleUrl>#building</styleUrl><description>building: yes</description>
<Polygon><outerBoundaryIs><LinearRing><coordinates>82.2708327,16.9859511,0 82.2708755,16.9860068,0 82.2708794,16.9860835,0 82.2708492,16.9861364,0 82.2707875,16.9861728,0 82.2707308,16.986176,0 82.2706648,16.9861465,0 82.2706306,16.9861022,0 82.2706207,16.9860324,0 82.2706522,16.9859675,0 82.2706971,16.9859357,0 82.2707719,16.985926,0 82.2708327,16.9859511,0</coordinates></LinearRing></outerBoundaryIs></Polygon>
</Placemark>
<Placemark><name>building</name><styleUrl>#building</styleUrl><description>building: yes</description>
<Polygon><outerBoundaryIs><LinearRing><coordinates>82.2717744,16.9859954,0 82.2718108,16.9860426,0 82.2718142,16.9861088,0 82.271789,16.9861531,0 82.2717356,16.9861847,0 82.2716883,16.9861874,0 82.2716309,16.9861619,0 82.2716023,16.9861249,0 82.2715937,16.9860647,0 82.2716212,16.9860088,0 82.2716583,16.9859826,0 82.2717231,16.9859742,0 82.2717744,16.9859954,0</coordinates></LinearRing></outerBoundaryIs></Polygon>
</Placemark>
<Placemark><name>building</name><styleUrl>#building</styleUrl><description>building: yes</description>
<Polygon><outerBoundaryIs><LinearRing><coordinates>82.2714883,16.9856371,0 82.2715363,16.9856887,0 82.2715477,16.9857648,0 82.2715228,16.9858201,0 82.2714649,16.9858618,0 82.2714087,16.9858701,0 82.2713402,16.9858466,0 82.2713018,16.9858056,0 82.2712852,16.985737,0 82.2713102,16.9856695,0 82.2713518,16.9856339,0 82.2714253,16.9856175,0 82.2714883,16.9856371,0</coordinates></LinearRing></outerBoundaryIs></Polygon>
</Placemark>
<Placemark><name>building</name><styleUrl>#building</styleUrl><description>building: yes</description>
<Polygon><outerBoundaryIs><LinearRing><coordinates>82.2714085,16.9840313,0 82.2714474,16.9840726,0 82.2714571,16.9841353,0 82.2714378,16.9841794,0 82.2713898,16.9842146,0 82.2713452,16.9842215,0 82.2712872,16.9842019,0 82.2712565,16.984169,0 82.2712429,16.9841119,0 82.2712645,16.9840561,0 82.2712974,16.9840286,0 82.2713584,16.9840154,0 82.2714085,16.9840313,0</coordinates></LinearRing></outerBoundaryIs></Polygon>
</Placemark>
<Placemark><name>building</name><styleUrl>#building</styleUrl><description>building: yes</description>
<Polygon><outerBoundaryIs><LinearRing><coordinates>82.2717846,16.9846062,0 82.2718127,16.9846355,0 82.2718204,16.9846822,0 82.2718075,16.9847128,0 82.2717713,16.9847402,0 82.2717405,16.9847453,0 82.2716954,16.9847303,0 82.2716742,16.9847073,0 82.2716641,16.9846641,0 82.2716815,16.9846225,0 82.2717037,16.9846045,0 82.2717496,16.9845949,0 82.2717846,16.9846062,0</coordinates></LinearRing></outerBoundaryIs></Polygon>
</Placemark>
<Placemark><name>building</name><styleUrl>#building</styleUrl><description>building: yes</description>
<Polygon><outerBoundaryIs><LinearRing><coordinates>82.2717853,16.9840464,0 82.2718241,16.9840877,0 82.2718339,16.9841503,0 82.2718145,16.9841944,0 82.2717666,16.9842297,0 82.2717219,16.9842366,0 82.2716639,16.984217,0 82.2716333,16.9841841,0 82.2716196,16.984127,0 82.2716413,16.9840712,0 82.2716742,16.9840437,0 82.2717351,16.9840305,0 82.2717853,16.9840464,0</coordinates></LinearRing></outerBoundaryIs></Polygon>
</Placemark>
<Placemark><name>building</name><styleUrl>#building</styleUrl><description>building: yes</description>
<Polygon><outerBoundaryIs><LinearRing><coordinates>82.2732676,16.9835398,0 82.2732904,16.9835636,0 82.2732968,16.9836026,0 82.2732867,16.9836265,0 82.2732562,16.9836494,0 82.2732326,16.9836533,0 82.2731945,16.9836406,0 82.2731781,16.9836229,0 82.2731697,16.9835873,0 82.2731841,16.9835526,0 82.273201,16.9835389,0 82.2732397,16.9835308,0 82.2732676,16.9835398,0</coordinates></LinearRing></outerBoundaryIs></Polygon>
</Placemark>
<Placemark><name>building</name><styleUrl>#building</styleUrl><description>building: yes</description>
<Polygon><outerBoundaryIs><LinearRing><coordinates>82.2717821,16.9848195,0 82.2718101,16.9848487,0 82.271818,16.9848952,0 82.2718052,16.9849259,0 82.2717691,16.9849535,0 82.2717382,16.9849587,0 82.2716929,16.9849436,0 82.2716716,16.9849205,0 82.2716617,16.9848772,0 82.2716792,16.9848356,0 82.2717015,16.9848177,0 82.2717473,16.9848083,0 82.2717821,16.9848195,0</coordinates></LinearRing></outerBoundaryIs></Polygon>
</Placemark>
<Placemark><name>building</name><styleUrl>#building</styleUrl><description>building: yes</description>
<Polygon><outerBoundaryIs><LinearRing><coordinates>82.27306,16.9837519,0 82.2730829,16.9837757,0 82.2730893,16.9838147,0 82.2730791,16.9838386,0 82.2730486,16.9838616,0 82.273025,16.9838655,0 82.2729869,16.9838528,0 82.2729706,16.9838351,0 82.2729622,16.9837994,0 82.2729766,16.9837648,0 82.2729934,16.983751,0 82.2730321,16.9837429,0 82.27306,16.9837519,0</coordinates></LinearRing></outerBoundaryIs></Polygon>
</Placemark>
<Placemark><name>building</name><styleUrl>#building</styleUrl><description>building: yes</description>
<Polygon><outerBoundaryIs><LinearRing><coordinates>82.2711176,16.9859852,0 82.2711541,16.9860324,0 82.2711575,16.9860986,0 82.2711323,16.9861428,0 82.2710788,16.9861744,0 82.2710316,16.9861772,0 82.2709741,16.9861516,0 82.2709456,16.9861146,0 82.270937,16.9860545,0 82.2709644,16.9859986,0 82.2710016,16.9859724,0 82.2710664,16.9859639,0 82.2711176,16.9859852,0</coordinates></LinearRing></outerBoundaryIs></Polygon>
</Placemark>
<Placemark><name>building</name><styleUrl>#building</styleUrl><description>building: yes</description>
<Polygon><outerBoundaryIs><LinearRing><coordinates>82.2732508,16.9837718,0 82.2732736,16.9837956,0 82.27328,16.9838346,0 82.2732699,16.9838585,0 82.2732394,16.9838815,0 82.2732158,16.9838854,0 82.2731777,16.9838727,0 82.2731614,16.983855,0 82.273153,16.9838193,0 82.2731673,16.9837847,0 82.2731842,16.9837709,0 82.2732229,16.9837628,0 82.2732508,16.9837718,0</coordinates></LinearRing></outerBoundaryIs></Polygon>
</Placemark>
<Placemark><name>building</name><styleUrl>#building</styleUrl><description>building: yes</description>
<Polygon><outerBoundaryIs><LinearRing><coordinates>82.2714784,16.9859792,0 82.2715212,16.9860348,0 82.2715251,16.9861116,0 82.2714949,16.9861644,0 82.2714332,16.9862008,0 82.2713765,16.986204,0 82.2713105,16.9861746,0 82.2712763,16.9861303,0 82.2712664,16.9860605,0 82.2712979,16.9859956,0 82.2713428,16.9859638,0 82.2714176,16.9859541,0 82.2714784,16.9859792,0</coordinates></LinearRing></outerBoundaryIs></Polygon>
</Placemark>
<Placemark><name>building</name><styleUrl>#building</styleUrl><description>building: yes</description>
<Polygon><outerBoundaryIs><LinearRing><coordinates>82.2720826,16.9856699,0 82.2721254,16.9857255,0 82.2721293,16.9858023,0 82.2720991,16.9858551,0 82.2720374,16.9858915,0 82.2719807,16.9858947,0 82.2719147,16.9858653,0 82.2718805,16.985821,0 82.2718706,16.9857512,0 82.2719021,16.9856863,0 82.2719469,16.9856545,0 82.2720217,16.9856448,0 82.2720826,16.9856699,0</coordinates></LinearRing></outerBoundaryIs></Polygon>
</Placemark>
<Placemark><name>building</name><styleUrl>#building</styleUrl><description>building: yes</description>
<Polygon><outerBoundaryIs><LinearRing><coordinates>82.2712276,16.9844046,0 82.2712638,16.9844344,0 82.2712877,16.9844685,0 82.2713021,16.984509,0 82.2713037,16.9845622,0 82.2712923,16.984602,0 82.2712732,16.9846346,0 82.2712394,16.9846678,0 82.2712019,16.9846886,0 82.2711735,16.9846972,0 82.2711272,16.9847008,0 82.2710762,16.9846902,0 82.2710398,16.9846715,0 82.2710093,16.9846448,0 82.2709888,16.9846163,0 82.2709729,16.9845757,0 82.2709693,16.9845277,0 82.2709842,16.9844729,0 82.2710029,16.984443,0 82.2710293,16.9844165,0 82.2710582,16.984398,0 82.2711114,16.9843811,0 82.2711486,16.9843796,0 82.2711897,16.9843874,0 82.2712276,16.9844046,0</coordinates></LinearRing></outerBoundaryIs></Polygon>
</Placemark>
<Placemark><name>building</name><styleUrl>#building</styleUrl><description>building: yes</description>
<Polygon><outerBoundaryIs><LinearRing><coordinates>82.2810233,16.9839502,0 82.281231,16.9839525,0 82.2812422,16.9830507,0 82.2810345,16.9830484,0 82.2810233,16.9839502,0</coordinates></LinearRing></outerBoundaryIs></Polygon>
</Placemark>
<Placemark><name>building</name><styleUrl>#building</styleUrl><description>building: yes</description>
<Polygon><outerBoundaryIs><LinearRing><coordinates>82.2841628,16.9838733,0 82.2843453,16.9838713,0 82.2843345,16.9829722,0 82.284152,16.9829742,0 82.2841628,16.9838733,0</coordinates></LinearRing></outerBoundaryIs></Polygon>
</Placemark>
<Placemark><name>building</name><styleUrl>#building</styleUrl><description>building: yes</description>
<Polygon><outerBoundaryIs><LinearRing><coordinates>82.2796629,16.9841908,0 82.2796668,16.9840793,0 82.2798284,16.9840845,0 82.2798245,16.984196,0 82.2796629,16.9841908,0</coordinates></LinearRing></outerBoundaryIs></Polygon>
</Placemark>
<Placemark><name>building</name><styleUrl>#building</styleUrl><description>building: house</description>
<Polygon><outerBoundaryIs><LinearRing><coordinates>82.256558,16.9976223,0 82.2567029,16.9975864,0 82.2566749,16.997483,0 82.25653,16.9975188,0 82.256558,16.9976223,0</coordinates></LinearRing></outerBoundaryIs></Polygon>
</Placemark>
<Placemark><name>building</name><styleUrl>#building</styleUrl><description>building: house</description>
<Polygon><outerBoundaryIs><LinearRing><coordinates>82.2563815,16.9978057,0 82.2565356,16.9977734,0 82.256513,16.9976749,0 82.2563589,16.9977072,0 82.2563815,16.9978057,0</coordinates></LinearRing></outerBoundaryIs></Polygon>
</Placemark>
<Placemark><name>building</name><styleUrl>#building</styleUrl><description>building: house</description>
<Polygon><outerBoundaryIs><LinearRing><coordinates>82.2565794,16.9977549,0 82.2565544,16.9976459,0 82.2567368,16.9976077,0 82.2567618,16.9977167,0 82.2565794,16.9977549,0</coordinates></LinearRing></outerBoundaryIs></Polygon>
</Placemark>
<Placemark><name>building</name><styleUrl>#building</styleUrl><description>building: house</description>
<Polygon><outerBoundaryIs><LinearRing><coordinates>82.2565949,16.9978511,0 82.2565788,16.9977767,0 82.2567772,16.9977434,0 82.2567933,16.9978177,0 82.2565949,16.9978511,0</coordinates></LinearRing></outerBoundaryIs></Polygon>
</Placemark>
<Placemark><name>building</name><styleUrl>#building</styleUrl><description>building: house</description>
<Polygon><outerBoundaryIs><LinearRing><coordinates>82.2566106,16.9979326,0 82.2565972,16.9978704,0 82.2567924,16.997832,0 82.2568058,16.9978941,0 82.2566106,16.9979326,0</coordinates></LinearRing></outerBoundaryIs></Polygon>
</Placemark>
<Placemark><name>building</name><styleUrl>#building</styleUrl><description>building: house</description>
<Polygon><outerBoundaryIs><LinearRing><coordinates>82.2566396,16.9980141,0 82.2566235,16.9979496,0 82.256764,16.9979176,0 82.2567801,16.997982,0 82.2566396,16.9980141,0</coordinates></LinearRing></outerBoundaryIs></Polygon>
</Placemark>
<Placemark><name>building</name><styleUrl>#building</styleUrl><description>building: house</description>
<Polygon><outerBoundaryIs><LinearRing><coordinates>82.2562975,16.9979916,0 82.2562641,16.9978345,0 82.2560719,16.9978718,0 82.2561053,16.9980289,0 82.2562975,16.9979916,0</coordinates></LinearRing></outerBoundaryIs></Polygon>
</Placemark>
<Placemark><name>building</name><styleUrl>#building</styleUrl><description>building: house</description>
<Polygon><outerBoundaryIs><LinearRing><coordinates>82.2562784,16.9982923,0 82.2562167,16.9980871,0 82.2563588,16.9980589,0 82.2564151,16.9982641,0 82.2562784,16.9982923,0</coordinates></LinearRing></outerBoundaryIs></Polygon>
</Placemark>
<Placemark><name>building</name><styleUrl>#building</styleUrl><description>building: yes</description>
<Polygon><outerBoundaryIs><LinearRing><coordinates>82.2546078,16.9932732,0 82.254805,16.993254,0 82.2547939,16.9931502,0 82.2545968,16.9931695,0 82.2546078,16.9932732,0</coordinates></LinearRing></outerBoundaryIs></Polygon>
</Placemark>
<Placemark><name>building</name><styleUrl>#building</styleUrl><description>building: yes</description>
<Polygon><outerBoundaryIs><LinearRing><coordinates>82.2585909,17.0240481,0 82.2582117,17.0243002,0 82.2583525,17.0244938,0 82.2587317,17.0242417,0 82.2585909,17.0240481,0</coordinates></LinearRing></outerBoundaryIs></Polygon>
</Placemark>
<Placemark><name>Ap tourism guest house</name><styleUrl>#building</styleUrl><description>building: yes
name: Ap tourism guest house
office: guide</description>
<Polygon><outerBoundaryIs><LinearRing><coordinates>82.2436267,16.9915995,0 82.2435311,16.9918607,0 82.2437055,16.9921814,0 82.2440085,16.9920428,0 82.2436267,16.9915995,0</coordinates></LinearRing></outerBoundaryIs></Polygon>
</Placemark>
<Placemark><name>building</name><styleUrl>#building</styleUrl><description>amenity: library
building: yes</description>
<Polygon><outerBoundaryIs><LinearRing><coordinates>82.2488871,16.9900208,0 82.2489981,16.989997,0 82.2489777,16.9899363,0 82.2488712,16.9899602,0 82.2488871,16.9900208,0</coordinates></LinearRing></outerBoundaryIs></Polygon>
</Placemark>
<Placemark><name>Sport authority gym.</name><styleUrl>#building</styleUrl><description>building: yes
leisure: fitness_centre
name: Sport authority gym.</description>
<Polygon><outerBoundaryIs><LinearRing><coordinates>82.2458564,16.984197,0 82.2460477,16.9841161,0 82.24611,16.9842906,0 82.2459454,16.9843544,0 82.2458564,16.984197,0</coordinates></LinearRing></outerBoundaryIs></Polygon>
</Placemark>
<Placemark><name>JNTUK girls hostel</name><styleUrl>#building</styleUrl><description>addr:city: Kakinada, Andhra Pradesh
building: yes
building:levels: 2
name: JNTUK girls hostel</description>
<Polygon><outerBoundaryIs><LinearRing><coordinates>82.2429664,16.9833767,0 82.2426141,16.9824641,0 82.2431983,16.9822296,0 82.2435639,16.9831251,0 82.2429664,16.9833767,0</coordinates></LinearRing></outerBoundaryIs></Polygon>
</Placemark>
<Placemark><name>Income Tax quarters</name><styleUrl>#building</styleUrl><description>building: yes
name: Income Tax quarters</description>
<Polygon><outerBoundaryIs><LinearRing><coordinates>82.2522455,16.990741,0 82.2526801,16.9906609,0 82.2526423,16.990506,0 82.2521888,16.990599,0 82.2522455,16.990741,0</coordinates></LinearRing></outerBoundaryIs></Polygon>
</Placemark>
<Placemark><name>BSNL Telephone Exchange</name><styleUrl>#building</styleUrl><description>building: yes
name: BSNL Telephone Exchange</description>
<Polygon><outerBoundaryIs><LinearRing><coordinates>82.2513708,16.9902039,0 82.2515517,16.9901833,0 82.2515115,16.989944,0 82.2513276,16.9900154,0 82.2513708,16.9902039,0</coordinates></LinearRing></outerBoundaryIs></Polygon>
</Placemark>
<Placemark><name>RTO Office</name><styleUrl>#building</styleUrl><description>building: yes
name: RTO Office</description>
<Polygon><outerBoundaryIs><LinearRing><coordinates>82.2494649,16.9824605,0 82.2497118,16.9824212,0 82.2496326,16.9822335,0 82.2494079,16.982297,0 82.2494649,16.9824605,0</coordinates></LinearRing></outerBoundaryIs></Polygon>
</Placemark>
<Placemark><name>building</name><styleUrl>#building</styleUrl><description>building: yes</description>
<Polygon><outerBoundaryIs><LinearRing><coordinates>82.2471794,16.9933938,0 82.2472164,16.9934964,0 82.2473411,16.9934554,0 82.2473042,16.9933527,0 82.2471794,16.9933938,0</coordinates></LinearRing></outerBoundaryIs></Polygon>
</Placemark>
<Placemark><name>building</name><styleUrl>#building</styleUrl><description>building: yes</description>
<Polygon><outerBoundaryIs><LinearRing><coordinates>82.2433238,16.9960345,0 82.2433929,16.9962223,0 82.2435377,16.9961736,0 82.2434686,16.9959858,0 82.2433238,16.9960345,0</coordinates></LinearRing></outerBoundaryIs></Polygon>
</Placemark>
<Placemark><name>building</name><styleUrl>#building</styleUrl><description>building: yes</description>
<Polygon><outerBoundaryIs><LinearRing><coordinates>82.2569641,16.996881,0 82.257074,16.9968547,0 82.2570337,16.9967008,0 82.2569239,16.9967271,0 82.2569641,16.996881,0</coordinates></LinearRing></outerBoundaryIs></Polygon>
</Placemark>
<Placemark><name>building</name><styleUrl>#building</styleUrl><description>building: yes</description>
<Polygon><outerBoundaryIs><LinearRing><coordinates>82.2436605,16.9893754,0 82.2437072,16.9895044,0 82.2437958,16.9894751,0 82.2437491,16.989346,0 82.2436605,16.9893754,0</coordinates></LinearRing></outerBoundaryIs></Polygon>
</Placemark>
<Placemark><name>building</name><styleUrl>#building</styleUrl><description>building: yes</description>
<Polygon><outerBoundaryIs><LinearRing><coordinates>82.2443806,16.996132,0 82.2445348,16.9964543,0 82.244693,16.996385,0 82.2445388,16.9960627,0 82.2443806,16.996132,0</coordinates></LinearRing></outerBoundaryIs></Polygon>
</Placemark>
<Placemark><name>building</name><styleUrl>#building</styleUrl><description>building: yes</description>
<Polygon><outerBoundaryIs><LinearRing><coordinates>82.2453287,17.0022765,0 82.2453911,17.0024274,0 82.2454997,17.0023863,0 82.2454374,17.0022355,0 82.2453287,17.0022765,0</coordinates></LinearRing></outerBoundaryIs></Polygon>
</Placemark>
<Placemark><name>building</name><styleUrl>#building</styleUrl><description>building: yes</description>
<Polygon><outerBoundaryIs><LinearRing><coordinates>82.2479479,17.0097366,0 82.2479758,17.0098414,0 82.2481864,17.0097901,0 82.2481585,17.0096853,0 82.2479479,17.0097366,0</coordinates></LinearRing></outerBoundaryIs></Polygon>
</Placemark>
<Placemark><name>building</name><styleUrl>#building</styleUrl><description>building: yes</description>
<Polygon><outerBoundaryIs><LinearRing><coordinates>82.2447708,16.9956049,0 82.2447827,16.9957002,0 82.2449289,16.9956835,0 82.244917,16.9955882,0 82.2447708,16.9956049,0</coordinates></LinearRing></outerBoundaryIs></Polygon>
</Placemark>
<Placemark><name>building</name><styleUrl>#building</styleUrl><description>building: yes</description>
<Polygon><outerBoundaryIs><LinearRing><coordinates>82.2435571,16.9954305,0 82.2435999,16.9956048,0 82.2437313,16.9955753,0 82.2436886,16.995401,0 82.2435571,16.9954305,0</coordinates></LinearRing></outerBoundaryIs></Polygon>
</Placemark>
<Placemark><name>building</name><styleUrl>#building</styleUrl><description>building: yes</description>
<Polygon><outerBoundaryIs><LinearRing><coordinates>82.2431333,16.9944198,0 82.2431719,16.9945071,0 82.243302,16.9944545,0 82.2432634,16.9943672,0 82.2431333,16.9944198,0</coordinates></LinearRing></outerBoundaryIs></Polygon>
</Placemark>
<Placemark><name>building</name><styleUrl>#building</styleUrl><description>building: yes</description>
<Polygon><outerBoundaryIs><LinearRing><coordinates>82.2530721,17.0064275,0 82.2531818,17.0063862,0 82.253337,17.006764,0 82.2532761,17.0067869,0 82.2532545,17.0067342,0 82.253217,17.0067483,0 82.25319,17.0066826,0 82.2531244,17.0067073,0 82.2531034,17.0066561,0 82.2530518,17.0066755,0 82.2530323,17.0066282,0 82.2530863,17.0066079,0 82.2530688,17.0065651,0 82.2531438,17.006537,0 82.2531154,17.0064678,0 82.2530922,17.0064765,0 82.2530721,17.0064275,0</coordinates></LinearRing></outerBoundaryIs></Polygon>
</Placemark>
<Placemark><name>Spandana</name><styleUrl>#building</styleUrl><description>amenity: conference_centre
building: yes
name: Spandana</description>
<Polygon><outerBoundaryIs><LinearRing><coordinates>82.2439191,16.9974699,0 82.2443151,16.9973986,0 82.2443151,16.9969673,0 82.2437701,16.9970198,0 82.2439191,16.9974699,0</coordinates></LinearRing></outerBoundaryIs></Polygon>
</Placemark>
<Placemark><name>SRMT</name><styleUrl>#building</styleUrl><description>building: construction
name: SRMT</description>
<Polygon><outerBoundaryIs><LinearRing><coordinates>82.2422558,16.9987432,0 82.243061,16.9986902,0 82.2429604,16.9976698,0 82.2421249,16.997718,0 82.2422558,16.9987432,0</coordinates></LinearRing></outerBoundaryIs></Polygon>
</Placemark>
<Placemark><name>Andhra University</name><styleUrl>#building</styleUrl><description>building: university
name: Andhra University</description>
<Polygon><outerBoundaryIs><LinearRing><coordinates>82.2430773,17.0250266,0 82.2440676,17.0244348,0 82.2436453,17.0239523,0 82.2427237,17.0245467,0 82.2430773,17.0250266,0</coordinates></LinearRing></outerBoundaryIs></Polygon>
</Placemark>
<Placemark><name>Devi Fishery</name><styleUrl>#building</styleUrl><description>building: industrial
layer: 1
name: Devi Fishery</description>
<Polygon><outerBoundaryIs><LinearRing><coordinates>82.2439919,17.0010756,0 82.2445805,17.0024725,0 82.245518,17.0021111,0 82.2449439,17.0006864,0 82.2439919,17.0010756,0</coordinates></LinearRing></outerBoundaryIs></Polygon>
</Placemark>
<Placemark><name>building</name><styleUrl>#building</styleUrl><description>building: yes</description>
<Polygon><outerBoundaryIs><LinearRing><coordinates>82.2448403,16.9980308,0 82.2450025,16.9979447,0 82.2449571,16.9978664,0 82.2447949,16.9979524,0 82.2448403,16.9980308,0</coordinates></LinearRing></outerBoundaryIs></Polygon>
</Placemark>
<Placemark><name>building</name><styleUrl>#building</styleUrl><description>building: yes</description>
<Polygon><outerBoundaryIs><LinearRing><coordinates>82.2467071,17.0219108,0 82.2467089,17.0220486,0 82.2465584,17.0220505,0 82.2465565,17.0219127,0 82.2467071,17.0219108,0</coordinates></LinearRing></outerBoundaryIs></Polygon>
</Placemark>
<Placemark><name>building</name><styleUrl>#building</styleUrl><description>building: yes</description>
<Polygon><outerBoundaryIs><LinearRing><coordinates>82.2441029,16.986025,0 82.2441739,16.9859978,0 82.2442042,16.9860702,0 82.2441333,16.9860974,0 82.2441029,16.986025,0</coordinates></LinearRing></outerBoundaryIs></Polygon>
</Placemark>
<Placemark><name>building</name><styleUrl>#building</styleUrl><description>building: service</description>
<Polygon><outerBoundaryIs><LinearRing><coordinates>82.2691156,17.0008802,0 82.2691221,17.0005385,0 82.2693437,17.0005423,0 82.2693373,17.000884,0 82.2691156,17.0008802,0</coordinates></LinearRing></outerBoundaryIs></Polygon>
</Placemark>
<Placemark><name>building</name><styleUrl>#building</styleUrl><description>building: service</description>
<Polygon><outerBoundaryIs><LinearRing><coordinates>82.269301,17.0011607,0 82.2693077,17.0010302,0 82.2694098,17.001035,0 82.2694074,17.0010834,0 82.269365,17.0010814,0 82.2693632,17.0011164,0 82.269484,17.0011221,0 82.2694816,17.0011691,0 82.269301,17.0011607,0</coordinates></LinearRing></outerBoundaryIs></Polygon>
</Placemark>
<Placemark><name>building</name><styleUrl>#building</styleUrl><description>building: service</description>
<Polygon><outerBoundaryIs><LinearRing><coordinates>82.2684928,17.0009642,0 82.268515,17.0004989,0 82.2689008,17.0005157,0 82.2688787,17.000981,0 82.2684928,17.0009642,0</coordinates></LinearRing></outerBoundaryIs></Polygon>
</Placemark>
<Placemark><name>building</name><styleUrl>#building</styleUrl><description>building: service</description>
<Polygon><outerBoundaryIs><LinearRing><coordinates>82.2684851,17.0010893,0 82.2684871,17.0009911,0 82.2688254,17.0009974,0 82.2688234,17.0010957,0 82.2684851,17.0010893,0</coordinates></LinearRing></outerBoundaryIs></Polygon>
</Placemark>
<Placemark><name>building</name><styleUrl>#building</styleUrl><description>building: service</description>
<Polygon><outerBoundaryIs><LinearRing><coordinates>82.2694957,17.0008774,0 82.2694233,17.0006704,0 82.2694448,17.0006635,0 82.2694976,17.0006466,0 82.2695701,17.0008536,0 82.2694957,17.0008774,0</coordinates></LinearRing></outerBoundaryIs></Polygon>
</Placemark>
<Placemark><name>building</name><styleUrl>#building</styleUrl><description>building: service</description>
<Polygon><outerBoundaryIs><LinearRing><coordinates>82.2693595,17.0006549,0 82.2693617,17.0006011,0 82.2694442,17.0006043,0 82.2694419,17.0006581,0 82.2693595,17.0006549,0</coordinates></LinearRing></outerBoundaryIs></Polygon>
</Placemark>
<Placemark><name>building</name><styleUrl>#building</styleUrl><description>building: service</description>
<Polygon><outerBoundaryIs><LinearRing><coordinates>82.2684175,17.0009068,0 82.2684272,17.000708,0 82.2684989,17.0007112,0 82.2684893,17.00091,0 82.2684175,17.0009068,0</coordinates></LinearRing></outerBoundaryIs></Polygon>
</Placemark>
<Placemark><name>building</name><styleUrl>#building</styleUrl><description>building: service</description>
<Polygon><outerBoundaryIs><LinearRing><coordinates>82.2680624,17.0006803,0 82.2680739,17.0004644,0 82.2683229,17.0004765,0 82.2683114,17.0006924,0 82.2680624,17.0006803,0</coordinates></LinearRing></outerBoundaryIs></Polygon>
</Placemark>
<Placemark><name>building</name><styleUrl>#building</styleUrl><description>building: service</description>
<Polygon><outerBoundaryIs><LinearRing><coordinates>82.2680165,17.0011005,0 82.2680186,17.001051,0 82.2683504,17.0010643,0 82.2683482,17.0011138,0 82.2680165,17.0011005,0</coordinates></LinearRing></outerBoundaryIs></Polygon>
</Placemark>
<Placemark><name>building</name><styleUrl>#building</styleUrl><description>building: service</description>
<Polygon><outerBoundaryIs><LinearRing><coordinates>82.2675817,17.0005261,0 82.2675834,17.0004456,0 82.2676827,17.0004475,0 82.2676809,17.000528,0 82.2675817,17.0005261,0</coordinates></LinearRing></outerBoundaryIs></Polygon>
</Placemark>
<Placemark><name>building</name><styleUrl>#building</styleUrl><description>building: service</description>
<Polygon><outerBoundaryIs><LinearRing><coordinates>82.2673664,17.0005206,0 82.2673552,17.0004908,0 82.2673701,17.0004432,0 82.267516,17.00045,0 82.267512,17.0005275,0 82.2673664,17.0005206,0</coordinates></LinearRing></outerBoundaryIs></Polygon>
</Placemark>
<Placemark><name>building</name><styleUrl>#building</styleUrl><description>building: service</description>
<Polygon><outerBoundaryIs><LinearRing><coordinates>82.2673221,17.0007547,0 82.2673253,17.0007018,0 82.2673315,17.0006613,0 82.2673614,17.0006386,0 82.2675921,17.0006513,0 82.267585,17.0007692,0 82.2673221,17.0007547,0</coordinates></LinearRing></outerBoundaryIs></Polygon>
</Placemark>
<Placemark><name>building</name><styleUrl>#building</styleUrl><description>building: service</description>
<Polygon><outerBoundaryIs><LinearRing><coordinates>82.2671309,17.0009544,0 82.2671184,17.0009318,0 82.267084,17.0009313,0 82.267085,17.0008604,0 82.2672602,17.0008627,0 82.2672592,17.0009341,0 82.2672468,17.0009532,0 82.2671309,17.0009544,0</coordinates></LinearRing></outerBoundaryIs></Polygon>
</Placemark>
<Placemark><name>building</name><styleUrl>#building</styleUrl><description>building: service</description>
<Polygon><outerBoundaryIs><LinearRing><coordinates>82.2671088,17.0007315,0 82.2671118,17.0006425,0 82.2672541,17.0006469,0 82.2672512,17.0007359,0 82.2671088,17.0007315,0</coordinates></LinearRing></outerBoundaryIs></Polygon>
</Placemark>
<Placemark><name>building</name><styleUrl>#building</styleUrl><description>building: service</description>
<Polygon><outerBoundaryIs><LinearRing><coordinates>82.2671074,17.0005349,0 82.2671099,17.0005028,0 82.2672294,17.0005112,0 82.2672269,17.0005433,0 82.2671074,17.0005349,0</coordinates></LinearRing></outerBoundaryIs></Polygon>
</Placemark>
<Placemark><name>building</name><styleUrl>#building</styleUrl><description>building: service</description>
<Polygon><outerBoundaryIs><LinearRing><coordinates>82.267215,17.0008173,0 82.2672213,17.0007557,0 82.2672561,17.000759,0 82.2672498,17.0008206,0 82.267215,17.0008173,0</coordinates></LinearRing></outerBoundaryIs></Polygon>
</Placemark>
<Placemark><name>building</name><styleUrl>#building</styleUrl><description>building: service</description>
<Polygon><outerBoundaryIs><LinearRing><coordinates>82.2676383,17.0020588,0 82.2676764,17.001323,0 82.268172,17.0013465,0 82.2681338,17.0020823,0 82.2676383,17.0020588,0</coordinates></LinearRing></outerBoundaryIs></Polygon>
</Placemark>
<Placemark><name>building</name><styleUrl>#building</styleUrl><description>building: service</description>
<Polygon><outerBoundaryIs><LinearRing><coordinates>82.2672691,17.0019017,0 82.2672382,17.0015674,0 82.2673832,17.0015552,0 82.2674141,17.0018895,0 82.2672691,17.0019017,0</coordinates></LinearRing></outerBoundaryIs></Polygon>
</Placemark>
<Placemark><name>building</name><styleUrl>#building</styleUrl><description>building: service</description>
<Polygon><outerBoundaryIs><LinearRing><coordinates>82.2672995,17.0022504,0 82.2672682,17.0019417,0 82.2674197,17.0019277,0 82.2674511,17.0022364,0 82.2672995,17.0022504,0</coordinates></LinearRing></outerBoundaryIs></Polygon>
</Placemark>
<Placemark><name>building</name><styleUrl>#building</styleUrl><description>building: service</description>
<Polygon><outerBoundaryIs><LinearRing><coordinates>82.2674627,17.003366,0 82.2672479,17.0025589,0 82.2675402,17.0024877,0 82.2677549,17.003295,0 82.2674627,17.003366,0</coordinates></LinearRing></outerBoundaryIs></Polygon>
</Placemark>
<Placemark><name>building</name><styleUrl>#building</styleUrl><description>building: service</description>
<Polygon><outerBoundaryIs><LinearRing><coordinates>82.2678936,17.0032634,0 82.2676786,17.0024571,0 82.2679737,17.0023851,0 82.2681889,17.0031913,0 82.2678936,17.0032634,0</coordinates></LinearRing></outerBoundaryIs></Polygon>
</Placemark>
<Placemark><name>building</name><styleUrl>#building</styleUrl><description>building: service</description>
<Polygon><outerBoundaryIs><LinearRing><coordinates>82.2678783,17.0037769,0 82.267814,17.0035216,0 82.2699892,17.0030207,0 82.2700535,17.0032756,0 82.2678783,17.0037769,0</coordinates></LinearRing></outerBoundaryIs></Polygon>
</Placemark>
<Placemark><name>building</name><styleUrl>#building</styleUrl><description>building: service</description>
<Polygon><outerBoundaryIs><LinearRing><coordinates>82.2679729,17.0041722,0 82.2679036,17.003895,0 82.2700102,17.003413,0 82.2700796,17.0036905,0 82.2679729,17.0041722,0</coordinates></LinearRing></outerBoundaryIs></Polygon>
</Placemark>
<Placemark><name>building</name><styleUrl>#building</styleUrl><description>building: service</description>
<Polygon><outerBoundaryIs><LinearRing><coordinates>82.2677061,17.0050779,0 82.2673309,17.0036382,0 82.267689,17.0035528,0 82.2680646,17.0049924,0 82.2677061,17.0050779,0</coordinates></LinearRing></outerBoundaryIs></Polygon>
</Placemark>
<Placemark><name>building</name><styleUrl>#building</styleUrl><description>building: service</description>
<Polygon><outerBoundaryIs><LinearRing><coordinates>82.2722427,17.0042177,0 82.2722138,17.0041328,0 82.2726454,17.0039985,0 82.2726743,17.0040835,0 82.2722427,17.0042177,0</coordinates></LinearRing></outerBoundaryIs></Polygon>
</Placemark>
<Placemark><name>building</name><styleUrl>#building</styleUrl><description>building: service</description>
<Polygon><outerBoundaryIs><LinearRing><coordinates>82.2726485,17.0044692,0 82.2726183,17.0043667,0 82.2729368,17.0042808,0 82.272967,17.0043834,0 82.2726485,17.0044692,0</coordinates></LinearRing></outerBoundaryIs></Polygon>
</Placemark>
<Placemark><name>building</name><styleUrl>#building</styleUrl><description>building: service</description>
<Polygon><outerBoundaryIs><LinearRing><coordinates>82.2728346,17.0046722,0 82.2728129,17.0046108,0 82.2730019,17.0045495,0 82.2730237,17.0046109,0 82.2728346,17.0046722,0</coordinates></LinearRing></outerBoundaryIs></Polygon>
</Placemark>
<Placemark><name>building</name><styleUrl>#building</styleUrl><description>building: service</description>
<Polygon><outerBoundaryIs><LinearRing><coordinates>82.2731035,17.0046829,0 82.2730752,17.0045959,0 82.2731395,17.0045767,0 82.2731678,17.0046638,0 82.2731035,17.0046829,0</coordinates></LinearRing></outerBoundaryIs></Polygon>
</Placemark>
<Placemark><name>building</name><styleUrl>#building</styleUrl><description>building: service</description>
<Polygon><outerBoundaryIs><LinearRing><coordinates>82.2722414,17.0037066,0 82.272221,17.0036441,0 82.2725636,17.0035416,0 82.2725841,17.003604,0 82.2722414,17.0037066,0</coordinates></LinearRing></outerBoundaryIs></Polygon>
</Placemark>
<Placemark><name>building</name><styleUrl>#building</styleUrl><description>building: service</description>
<Polygon><outerBoundaryIs><LinearRing><coordinates>82.2715742,17.0070837,0 82.2715483,17.0068822,0 82.2723766,17.0067851,0 82.2724024,17.0069867,0 82.2715742,17.0070837,0</coordinates></LinearRing></outerBoundaryIs></Polygon>
</Placemark>
<Placemark><name>building</name><styleUrl>#building</styleUrl><description>building: service</description>
<Polygon><outerBoundaryIs><LinearRing><coordinates>82.2716025,17.0074365,0 82.271584,17.0072741,0 82.2722389,17.0072059,0 82.2722574,17.0073683,0 82.2716025,17.0074365,0</coordinates></LinearRing></outerBoundaryIs></Polygon>
</Placemark>
<Placemark><name>building</name><styleUrl>#building</styleUrl><description>building: service</description>
<Polygon><outerBoundaryIs><LinearRing><coordinates>82.2718028,17.0077678,0 82.2717625,17.0076908,0 82.2717813,17.0076139,0 82.2721052,17.0075703,0 82.2721279,17.0077239,0 82.2718028,17.0077678,0</coordinates></LinearRing></outerBoundaryIs></Polygon>
</Placemark>
<Placemark><name>building</name><styleUrl>#building</styleUrl><description>building: service</description>
<Polygon><outerBoundaryIs><LinearRing><coordinates>82.2715455,17.0061129,0 82.2715302,17.0059964,0 82.2715143,17.005875,0 82.27198,17.0058191,0 82.2720112,17.006057,0 82.2715455,17.0061129,0</coordinates></LinearRing></outerBoundaryIs></Polygon>
</Placemark>
<Placemark><name>building</name><styleUrl>#building</styleUrl><description>building: service</description>
<Polygon><outerBoundaryIs><LinearRing><coordinates>82.2713352,17.0061221,0 82.2712966,17.0058299,0 82.2714258,17.0058143,0 82.2714645,17.0061064,0 82.2713352,17.0061221,0</coordinates></LinearRing></outerBoundaryIs></Polygon>
</Placemark>
<Placemark><name>building</name><styleUrl>#building</styleUrl><description>building: service</description>
<Polygon><outerBoundaryIs><LinearRing><coordinates>82.272012,17.0057459,0 82.271966,17.005658,0 82.271992,17.0056236,0 82.2722871,17.0055912,0 82.2723019,17.0057142,0 82.272012,17.0057459,0</coordinates></LinearRing></outerBoundaryIs></Polygon>
</Placemark>
<Placemark><name>building</name><styleUrl>#building</styleUrl><description>building: service</description>
<Polygon><outerBoundaryIs><LinearRing><coordinates>82.2719887,17.005609,0 82.2719499,17.0055388,0 82.2719721,17.0054236,0 82.2723165,17.0053914,0 82.2723354,17.0055766,0 82.2719887,17.005609,0</coordinates></LinearRing></outerBoundaryIs></Polygon>
</Placemark>
<Placemark><name>building</name><styleUrl>#building</styleUrl><description>building: service</description>
<Polygon><outerBoundaryIs><LinearRing><coordinates>82.2724417,17.0059308,0 82.2724075,17.0055971,0 82.2726039,17.0055787,0 82.2726382,17.0059123,0 82.2724417,17.0059308,0</coordinates></LinearRing></outerBoundaryIs></Polygon>
</Placemark>
<Placemark><name>building</name><styleUrl>#building</styleUrl><description>building: service</description>
<Polygon><outerBoundaryIs><LinearRing><coordinates>82.2724547,17.006212,0 82.2724323,17.0059755,0 82.27265,17.0059565,0 82.2726725,17.0061931,0 82.2724547,17.006212,0</coordinates></LinearRing></outerBoundaryIs></Polygon>
</Placemark>
<Placemark><name>building</name><styleUrl>#building</styleUrl><description>building: service</description>
<Polygon><outerBoundaryIs><LinearRing><coordinates>82.2715786,17.0057568,0 82.2715504,17.0054666,0 82.2718233,17.0054423,0 82.2718515,17.0057326,0 82.2715786,17.0057568,0</coordinates></LinearRing></outerBoundaryIs></Polygon>
</Placemark>
<Placemark><name>building</name><styleUrl>#building</styleUrl><description>building: service</description>
<Polygon><outerBoundaryIs><LinearRing><coordinates>82.2716869,17.0066198,0 82.2716738,17.0065094,0 82.2719062,17.0064841,0 82.2719193,17.0065946,0 82.2716869,17.0066198,0</coordinates></LinearRing></outerBoundaryIs></Polygon>
</Placemark>
<Placemark><name>building</name><styleUrl>#building</styleUrl><description>building: service</description>
<Polygon><outerBoundaryIs><LinearRing><coordinates>82.2721714,17.0064554,0 82.2721544,17.0062848,0 82.2722115,17.0062796,0 82.2722285,17.0064502,0 82.2721714,17.0064554,0</coordinates></LinearRing></outerBoundaryIs></Polygon>
</Placemark>
<Placemark><name>building</name><styleUrl>#building</styleUrl><description>building: service</description>
<Polygon><outerBoundaryIs><LinearRing><coordinates>82.2744563,17.0072698,0 82.2743925,17.0066087,0 82.2765022,17.0064225,0 82.276566,17.007084,0 82.2744563,17.0072698,0</coordinates></LinearRing></outerBoundaryIs></Polygon>
</Placemark>
<Placemark><name>building</name><styleUrl>#building</styleUrl><description>building: service</description>
<Polygon><outerBoundaryIs><LinearRing><coordinates>82.2752486,17.0061644,0 82.2752394,17.0060632,0 82.2755605,17.0060365,0 82.2755697,17.0061377,0 82.2752486,17.0061644,0</coordinates></LinearRing></outerBoundaryIs></Polygon>
</Placemark>
<Placemark><name>building</name><styleUrl>#building</styleUrl><description>building: service</description>
<Polygon><outerBoundaryIs><LinearRing><coordinates>82.2766483,17.0061762,0 82.2766426,17.00611,0 82.2768405,17.0060942,0 82.2768463,17.0061604,0 82.2766483,17.0061762,0</coordinates></LinearRing></outerBoundaryIs></Polygon>
</Placemark>
<Placemark><name>building</name><styleUrl>#building</styleUrl><description>building: service</description>
<Polygon><outerBoundaryIs><LinearRing><coordinates>82.2757143,17.0056847,0 82.2757093,17.0056383,0 82.2756656,17.0056427,0 82.2756625,17.0056141,0 82.2756289,17.0056175,0 82.2756212,17.0055464,0 82.2756361,17.0055179,0 82.2757193,17.0055095,0 82.2757246,17.0055585,0 82.2758111,17.0055499,0 82.2758246,17.0056737,0 82.2757143,17.0056847,0</coordinates></LinearRing></outerBoundaryIs></Polygon>
</Placemark>
<Placemark><name>building</name><styleUrl>#building</styleUrl><description>building: service</description>
<Polygon><outerBoundaryIs><LinearRing><coordinates>82.2757488,17.0054185,0 82.2757334,17.0051652,0 82.2758309,17.0051598,0 82.2758462,17.0054131,0 82.2757488,17.0054185,0</coordinates></LinearRing></outerBoundaryIs></Polygon>
</Placemark>
<Placemark><name>building</name><styleUrl>#building</styleUrl><description>building: service</description>
<Polygon><outerBoundaryIs><LinearRing><coordinates>82.2753352,17.0051208,0 82.2753268,17.0050554,0 82.27543,17.0050433,0 82.2754384,17.0051087,0 82.2753352,17.0051208,0</coordinates></LinearRing></outerBoundaryIs></Polygon>
</Placemark>
<Placemark><name>building</name><styleUrl>#building</styleUrl><description>building: service</description>
<Polygon><outerBoundaryIs><LinearRing><coordinates>82.2751297,17.0055725,0 82.275113,17.0054474,0 82.2752784,17.0054272,0 82.2752951,17.0055523,0 82.2751297,17.0055725,0</coordinates></LinearRing></outerBoundaryIs></Polygon>
</Placemark>
<Placemark><name>building</name><styleUrl>#building</styleUrl><description>building: service</description>
<Polygon><outerBoundaryIs><LinearRing><coordinates>82.275067,17.0054016,0 82.2750575,17.0052534,0 82.2752282,17.0052434,0 82.2752377,17.0053915,0 82.275067,17.0054016,0</coordinates></LinearRing></outerBoundaryIs></Polygon>
</Placemark>
<Placemark><name>building</name><styleUrl>#building</styleUrl><description>building: service</description>
<Polygon><outerBoundaryIs><LinearRing><coordinates>82.2747246,17.0056565,0 82.2746986,17.005368,0 82.2748368,17.0053567,0 82.2748627,17.0056451,0 82.2747936,17.0056508,0 82.2747246,17.0056565,0</coordinates></LinearRing></outerBoundaryIs></Polygon>
</Placemark>
<Placemark><name>building</name><styleUrl>#building</styleUrl><description>building: service</description>
<Polygon><outerBoundaryIs><LinearRing><coordinates>82.2746042,17.004626,0 82.2745962,17.0045229,0 82.2748984,17.0045014,0 82.2749064,17.0046046,0 82.2746042,17.004626,0</coordinates></LinearRing></outerBoundaryIs></Polygon>
</Placemark>
<Placemark><name>building</name><styleUrl>#building</styleUrl><description>building: service</description>
<Polygon><outerBoundaryIs><LinearRing><coordinates>82.2752621,17.0045931,0 82.2752589,17.0045211,0 82.275423,17.0045143,0 82.2754262,17.0045863,0 82.2752621,17.0045931,0</coordinates></LinearRing></outerBoundaryIs></Polygon>
</Placemark>
<Placemark><name>building</name><styleUrl>#building</styleUrl><description>building: service</description>
<Polygon><outerBoundaryIs><LinearRing><coordinates>82.2757321,17.0043261,0 82.2757317,17.0042366,0 82.2758786,17.004236,0 82.275879,17.0043255,0 82.2757321,17.0043261,0</coordinates></LinearRing></outerBoundaryIs></Polygon>
</Placemark>
<Placemark><name>building</name><styleUrl>#building</styleUrl><description>building: service</description>
<Polygon><outerBoundaryIs><LinearRing><coordinates>82.2760767,17.0042967,0 82.2760746,17.0042201,0 82.276267,17.0042153,0 82.2762691,17.0042919,0 82.2760767,17.0042967,0</coordinates></LinearRing></outerBoundaryIs></Polygon>
</Placemark>
<Placemark><name>building</name><styleUrl>#building</styleUrl><description>building: service</description>
<Polygon><outerBoundaryIs><LinearRing><coordinates>82.2749221,17.0038744,0 82.2748916,17.003783,0 82.2752948,17.0036597,0 82.2753253,17.0037512,0 82.2749221,17.0038744,0</coordinates></LinearRing></outerBoundaryIs></Polygon>
</Placemark>
<Placemark><name>building</name><styleUrl>#building</styleUrl><description>building: service</description>
<Polygon><outerBoundaryIs><LinearRing><coordinates>82.2745368,17.0037581,0 82.2745204,17.0037096,0 82.2747136,17.0036502,0 82.2747299,17.0036987,0 82.2745368,17.0037581,0</coordinates></LinearRing></outerBoundaryIs></Polygon>
</Placemark>
<Placemark><name>building</name><styleUrl>#building</styleUrl><description>building: service</description>
<Polygon><outerBoundaryIs><LinearRing><coordinates>82.274187,17.0039881,0 82.274138,17.0038359,0 82.274235,17.0038074,0 82.274284,17.0039595,0 82.274187,17.0039881,0</coordinates></LinearRing></outerBoundaryIs></Polygon>
</Placemark>
<Placemark><name>building</name><styleUrl>#building</styleUrl><description>building: service</description>
<Polygon><outerBoundaryIs><LinearRing><coordinates>82.2743447,17.0041579,0 82.27433,17.0041196,0 82.2743393,17.0040843,0 82.2744199,17.0040793,0 82.274425,17.0041528,0 82.2743447,17.0041579,0</coordinates></LinearRing></outerBoundaryIs></Polygon>
</Placemark>
<Placemark><name>building</name><styleUrl>#building</styleUrl><description>building: service</description>
<Polygon><outerBoundaryIs><LinearRing><coordinates>82.2744963,17.0045959,0 82.2744903,17.0045053,0 82.2745465,17.0045019,0 82.2745526,17.0045925,0 82.2744963,17.0045959,0</coordinates></LinearRing></outerBoundaryIs></Polygon>
</Placemark>
<Placemark><name>building</name><styleUrl>#building</styleUrl><description>building: service</description>
<Polygon><outerBoundaryIs><LinearRing><coordinates>82.2734628,17.0043671,0 82.2734392,17.0042936,0 82.2737642,17.0041984,0 82.2737878,17.004272,0 82.2734628,17.0043671,0</coordinates></LinearRing></outerBoundaryIs></Polygon>
</Placemark>
<Placemark><name>building</name><styleUrl>#building</styleUrl><description>building: service</description>
<Polygon><outerBoundaryIs><LinearRing><coordinates>82.2737779,17.0043747,0 82.27376,17.0043275,0 82.2738543,17.0042947,0 82.2738722,17.0043419,0 82.2737779,17.0043747,0</coordinates></LinearRing></outerBoundaryIs></Polygon>
</Placemark>
<Placemark><name>building</name><styleUrl>#building</styleUrl><description>building: service</description>
<Polygon><outerBoundaryIs><LinearRing><coordinates>82.2734827,17.0041827,0 82.2734376,17.0040509,0 82.273507,17.0040292,0 82.2735521,17.004161,0 82.2734827,17.0041827,0</coordinates></LinearRing></outerBoundaryIs></Polygon>
</Placemark>
<Placemark><name>building</name><styleUrl>#building</styleUrl><description>building: service</description>
<Polygon><outerBoundaryIs><LinearRing><coordinates>82.2734106,17.0040252,0 82.2733087,17.0037195,0 82.2734129,17.0036878,0 82.2735148,17.0039934,0 82.2734106,17.0040252,0</coordinates></LinearRing></outerBoundaryIs></Polygon>
</Placemark>
<Placemark><name>building</name><styleUrl>#building</styleUrl><description>building: service</description>
<Polygon><outerBoundaryIs><LinearRing><coordinates>82.2732668,17.003581,0 82.273236,17.0034843,0 82.2733273,17.0034577,0 82.2733581,17.0035544,0 82.2732668,17.003581,0</coordinates></LinearRing></outerBoundaryIs></Polygon>
</Placemark>
<Placemark><name>building</name><styleUrl>#building</styleUrl><description>building: service</description>
<Polygon><outerBoundaryIs><LinearRing><coordinates>82.2733331,17.0036719,0 82.2733101,17.0036168,0 82.2733571,17.0035989,0 82.2733801,17.003654,0 82.2733331,17.0036719,0</coordinates></LinearRing></outerBoundaryIs></Polygon>
</Placemark>
<Placemark><name>building</name><styleUrl>#building</styleUrl><description>building: service</description>
<Polygon><outerBoundaryIs><LinearRing><coordinates>82.273197,17.0033332,0 82.2731818,17.0032907,0 82.2732465,17.0032695,0 82.2732617,17.0033121,0 82.273197,17.0033332,0</coordinates></LinearRing></outerBoundaryIs></Polygon>
</Placemark>
<Placemark><name>building</name><styleUrl>#building</styleUrl><description>building: service</description>
<Polygon><outerBoundaryIs><LinearRing><coordinates>82.2728557,17.0034785,0 82.2728082,17.0033275,0 82.2728807,17.0033066,0 82.2729283,17.0034576,0 82.2728557,17.0034785,0</coordinates></LinearRing></outerBoundaryIs></Polygon>
</Placemark>
<Placemark><name>building</name><styleUrl>#building</styleUrl><description>building: service</description>
<Polygon><outerBoundaryIs><LinearRing><coordinates>82.2719924,17.003778,0 82.2719684,17.0037058,0 82.2721484,17.0036511,0 82.2721724,17.0037234,0 82.2719924,17.003778,0</coordinates></LinearRing></outerBoundaryIs></Polygon>
</Placemark>
<Placemark><name>building</name><styleUrl>#building</styleUrl><description>building: service</description>
<Polygon><outerBoundaryIs><LinearRing><coordinates>82.2723679,17.0032942,0 82.2719128,17.0019749,0 82.272917,17.0016581,0 82.273372,17.0029775,0 82.2723679,17.0032942,0</coordinates></LinearRing></outerBoundaryIs></Polygon>
</Placemark>
<Placemark><name>building</name><styleUrl>#building</styleUrl><description>building: service</description>
<Polygon><outerBoundaryIs><LinearRing><coordinates>82.2741295,17.0036819,0 82.2738792,17.0029384,0 82.2750714,17.0025712,0 82.2753218,17.0033149,0 82.2741295,17.0036819,0</coordinates></LinearRing></outerBoundaryIs></Polygon>
</Placemark>
<Placemark><name>building</name><styleUrl>#building</styleUrl><description>building: service</description>
<Polygon><outerBoundaryIs><LinearRing><coordinates>82.278014,17.0040338,0 82.2780049,17.0039256,0 82.2784779,17.0038891,0 82.2784871,17.0039972,0 82.278014,17.0040338,0</coordinates></LinearRing></outerBoundaryIs></Polygon>
</Placemark>
<Placemark><name>building</name><styleUrl>#building</styleUrl><description>building: service</description>
<Polygon><outerBoundaryIs><LinearRing><coordinates>82.2782961,17.004336,0 82.2782922,17.0042288,0 82.2784995,17.0042219,0 82.2785034,17.0043292,0 82.2782961,17.004336,0</coordinates></LinearRing></outerBoundaryIs></Polygon>
</Placemark>
<Placemark><name>building</name><styleUrl>#building</styleUrl><description>building: yes</description>
<Polygon><outerBoundaryIs><LinearRing><coordinates>82.2613906,17.0032582,0 82.2613696,17.0031844,0 82.2615205,17.0031451,0 82.2615415,17.0032189,0 82.2613906,17.0032582,0</coordinates></LinearRing></outerBoundaryIs></Polygon>
</Placemark>
<Placemark><name>building</name><styleUrl>#building</styleUrl><description>building: yes</description>
<Polygon><outerBoundaryIs><LinearRing><coordinates>82.2613696,17.0031755,0 82.2613473,17.0030934,0 82.2614943,17.0030569,0 82.2615166,17.0031391,0 82.2613696,17.0031755,0</coordinates></LinearRing></outerBoundaryIs></Polygon>
</Placemark>
<Placemark><name>building</name><styleUrl>#building</styleUrl><description>building: yes</description>
<Polygon><outerBoundaryIs><LinearRing><coordinates>82.2613478,17.0030897,0 82.2613222,17.0030007,0 82.2614695,17.002962,0 82.2614951,17.0030511,0 82.2613478,17.0030897,0</coordinates></LinearRing></outerBoundaryIs></Polygon>
</Placemark>
<Placemark><name>building</name><styleUrl>#building</styleUrl><description>building: yes</description>
<Polygon><outerBoundaryIs><LinearRing><coordinates>82.2611806,17.0034092,0 82.2611304,17.0032138,0 82.2612773,17.0031793,0 82.2613276,17.0033747,0 82.2611806,17.0034092,0</coordinates></LinearRing></outerBoundaryIs></Polygon>
</Placemark>
<Placemark><name>building</name><styleUrl>#building</styleUrl><description>building: yes</description>
<Polygon><outerBoundaryIs><LinearRing><coordinates>82.2611307,17.0034222,0 82.2610774,17.0032354,0 82.2611261,17.0032227,0 82.2611794,17.0034094,0 82.2611307,17.0034222,0</coordinates></LinearRing></outerBoundaryIs></Polygon>
</Placemark>
<Placemark><name>building</name><styleUrl>#building</styleUrl><description>building: yes</description>
<Polygon><outerBoundaryIs><LinearRing><coordinates>82.2610632,17.003441,0 82.2610072,17.0032566,0 82.261076,17.0032365,0 82.2611286,17.0034229,0 82.2610632,17.003441,0</coordinates></LinearRing></outerBoundaryIs></Polygon>
</Placemark>
<Placemark><name>building</name><styleUrl>#building</styleUrl><description>building: yes</description>
<Polygon><outerBoundaryIs><LinearRing><coordinates>82.2609224,17.0034625,0 82.2608679,17.0033037,0 82.2609997,17.0032624,0 82.2610542,17.0034212,0 82.2609224,17.0034625,0</coordinates></LinearRing></outerBoundaryIs></Polygon>
</Placemark>
<Placemark><name>building</name><styleUrl>#building</styleUrl><description>building: yes</description>
<Polygon><outerBoundaryIs><LinearRing><coordinates>82.2606814,17.0035251,0 82.26063,17.0033535,0 82.2607729,17.0033144,0 82.2608243,17.003486,0 82.2606814,17.0035251,0</coordinates></LinearRing></outerBoundaryIs></Polygon>
</Placemark>
<Placemark><name>building</name><styleUrl>#building</styleUrl><description>building: yes</description>
<Polygon><outerBoundaryIs><LinearRing><coordinates>82.2606449,17.0033135,0 82.2606018,17.0031629,0 82.2607093,17.0031347,0 82.2607525,17.0032853,0 82.2606449,17.0033135,0</coordinates></LinearRing></outerBoundaryIs></Polygon>
</Placemark>
<Placemark><name>building</name><styleUrl>#building</styleUrl><description>building: yes</description>
<Polygon><outerBoundaryIs><LinearRing><coordinates>82.2604986,17.0033466,0 82.2604643,17.0032273,0 82.2605953,17.0031929,0 82.2606296,17.0033122,0 82.2604986,17.0033466,0</coordinates></LinearRing></outerBoundaryIs></Polygon>
</Placemark>
<Placemark><name>building</name><styleUrl>#building</styleUrl><description>building: yes</description>
<Polygon><outerBoundaryIs><LinearRing><coordinates>82.2603543,17.0028211,0 82.2603298,17.0027414,0 82.2604782,17.0026998,0 82.2605027,17.0027794,0 82.2603543,17.0028211,0</coordinates></LinearRing></outerBoundaryIs></Polygon>
</Placemark>
<Placemark><name>building</name><styleUrl>#building</styleUrl><description>building: yes</description>
<Polygon><outerBoundaryIs><LinearRing><coordinates>82.2604182,17.0030758,0 82.2603859,17.0029683,0 82.2604793,17.0029426,0 82.2605116,17.0030501,0 82.2604182,17.0030758,0</coordinates></LinearRing></outerBoundaryIs></Polygon>
</Placemark>
<Placemark><name>building</name><styleUrl>#building</styleUrl><description>building: yes</description>
<Polygon><outerBoundaryIs><LinearRing><coordinates>82.2605212,17.0030807,0 82.2604779,17.0029326,0 82.2605691,17.0029082,0 82.2606124,17.0030563,0 82.2605212,17.0030807,0</coordinates></LinearRing></outerBoundaryIs></Polygon>
</Placemark>
<Placemark><name>building</name><styleUrl>#building</styleUrl><description>building: yes</description>
<Polygon><outerBoundaryIs><LinearRing><coordinates>82.2606163,17.003059,0 82.2605737,17.0029085,0 82.2606664,17.002886,0 82.2607072,17.0030392,0 82.2606163,17.003059,0</coordinates></LinearRing></outerBoundaryIs></Polygon>
</Placemark>
<Placemark><name>building</name><styleUrl>#building</styleUrl><description>building: yes</description>
<Polygon><outerBoundaryIs><LinearRing><coordinates>82.2609235,17.0029885,0 82.2608848,17.0028368,0 82.2609544,17.0028206,0 82.2609931,17.0029723,0 82.2609235,17.0029885,0</coordinates></LinearRing></outerBoundaryIs></Polygon>
</Placemark>
<Placemark><name>building</name><styleUrl>#building</styleUrl><description>building: yes</description>
<Polygon><outerBoundaryIs><LinearRing><coordinates>82.2609989,17.0029793,0 82.2609605,17.0028227,0 82.2610348,17.002806,0 82.2610733,17.0029627,0 82.2609989,17.0029793,0</coordinates></LinearRing></outerBoundaryIs></Polygon>
</Placemark>
<Placemark><name>building</name><styleUrl>#building</styleUrl><description>building: yes</description>
<Polygon><outerBoundaryIs><LinearRing><coordinates>82.261078,17.002949,0 82.261038,17.0028057,0 82.2611209,17.0027846,0 82.2611609,17.0029279,0 82.261078,17.002949,0</coordinates></LinearRing></outerBoundaryIs></Polygon>
</Placemark>
<Placemark><name>building</name><styleUrl>#building</styleUrl><description>building: yes</description>
<Polygon><outerBoundaryIs><LinearRing><coordinates>82.2611666,17.00293,0 82.2611564,17.0028874,0 82.2612655,17.0028637,0 82.2612756,17.0029064,0 82.2611666,17.00293,0</coordinates></LinearRing></outerBoundaryIs></Polygon>
</Placemark>
<Placemark><name>building</name><styleUrl>#building</styleUrl><description>building: yes</description>
<Polygon><outerBoundaryIs><LinearRing><coordinates>82.2611536,17.0028796,0 82.2611463,17.0028529,0 82.2612191,17.0028347,0 82.2612155,17.0028216,0 82.2612534,17.0028122,0 82.2612642,17.0028521,0 82.2611536,17.0028796,0</coordinates></LinearRing></outerBoundaryIs></Polygon>
</Placemark>
<Placemark><name>building</name><styleUrl>#building</styleUrl><description>building: yes</description>
<Polygon><outerBoundaryIs><LinearRing><coordinates>82.2611384,17.0028382,0 82.2611277,17.0027994,0 82.2611591,17.0027914,0 82.2611699,17.0028302,0 82.2611384,17.0028382,0</coordinates></LinearRing></outerBoundaryIs></Polygon>
</Placemark>
<Placemark><name>building</name><styleUrl>#building</styleUrl><description>building: yes</description>
<Polygon><outerBoundaryIs><LinearRing><coordinates>82.2612132,17.0028172,0 82.2612022,17.0027748,0 82.2612422,17.0027652,0 82.2612533,17.0028077,0 82.2612132,17.0028172,0</coordinates></LinearRing></outerBoundaryIs></Polygon>
</Placemark>
<Placemark><name>building</name><styleUrl>#building</styleUrl><description>building: yes</description>
<Polygon><outerBoundaryIs><LinearRing><coordinates>82.2615816,17.0031444,0 82.2615579,17.0030525,0 82.2616831,17.003023,0 82.2617068,17.0031149,0 82.2615816,17.0031444,0</coordinates></LinearRing></outerBoundaryIs></Polygon>
</Placemark>
<Placemark><name>building</name><styleUrl>#building</styleUrl><description>building: yes</description>
<Polygon><outerBoundaryIs><LinearRing><coordinates>82.2616972,17.0030717,0 82.2616624,17.0029301,0 82.2617853,17.0029032,0 82.2618193,17.0030449,0 82.2616972,17.0030717,0</coordinates></LinearRing></outerBoundaryIs></Polygon>
</Placemark>
<Placemark><name>building</name><styleUrl>#building</styleUrl><description>building: yes</description>
<Polygon><outerBoundaryIs><LinearRing><coordinates>82.2615034,17.0028487,0 82.2614675,17.0027008,0 82.261565,17.0026791,0 82.2616009,17.002827,0 82.2615034,17.0028487,0</coordinates></LinearRing></outerBoundaryIs></Polygon>
</Placemark>
<Placemark><name>building</name><styleUrl>#building</styleUrl><description>building: yes</description>
<Polygon><outerBoundaryIs><LinearRing><coordinates>82.261605,17.0028273,0 82.2615694,17.0026788,0 82.2616695,17.0026569,0 82.2617051,17.0028054,0 82.261605,17.0028273,0</coordinates></LinearRing></outerBoundaryIs></Polygon>
</Placemark>
<Placemark><name>building</name><styleUrl>#building</styleUrl><description>building: yes</description>
<Polygon><outerBoundaryIs><LinearRing><coordinates>82.2617081,17.0028037,0 82.2616732,17.0026573,0 82.2617595,17.0026385,0 82.2617944,17.0027849,0 82.2617081,17.0028037,0</coordinates></LinearRing></outerBoundaryIs></Polygon>
</Placemark>
<Placemark><name>building</name><styleUrl>#building</styleUrl><description>building: yes</description>
<Polygon><outerBoundaryIs><LinearRing><coordinates>82.2617979,17.0027861,0 82.2617606,17.0026357,0 82.2618806,17.0026085,0 82.2619179,17.0027589,0 82.2617979,17.0027861,0</coordinates></LinearRing></outerBoundaryIs></Polygon>
</Placemark>
<Placemark><name>building</name><styleUrl>#building</styleUrl><description>building: yes</description>
<Polygon><outerBoundaryIs><LinearRing><coordinates>82.261459,17.0026975,0 82.2614349,17.0025974,0 82.2615756,17.0025665,0 82.2615997,17.0026666,0 82.261459,17.0026975,0</coordinates></LinearRing></outerBoundaryIs></Polygon>
</Placemark>
<Placemark><name>building</name><styleUrl>#building</styleUrl><description>building: yes</description>
<Polygon><outerBoundaryIs><LinearRing><coordinates>82.2614316,17.002591,0 82.2614101,17.0024965,0 82.2615466,17.002468,0 82.2615681,17.0025626,0 82.2614316,17.002591,0</coordinates></LinearRing></outerBoundaryIs></Polygon>
</Placemark>
<Placemark><name>building</name><styleUrl>#building</styleUrl><description>building: yes</description>
<Polygon><outerBoundaryIs><LinearRing><coordinates>82.2616054,17.0026686,0 82.2615568,17.0024644,0 82.2617113,17.0024308,0 82.2617564,17.0026353,0 82.2616054,17.0026686,0</coordinates></LinearRing></outerBoundaryIs></Polygon>
</Placemark>
<Placemark><name>building</name><styleUrl>#building</styleUrl><description>building: yes</description>
<Polygon><outerBoundaryIs><LinearRing><coordinates>82.2618509,17.0031575,0 82.2618302,17.0030745,0 82.2618069,17.002981,0 82.2622811,17.0028731,0 82.262325,17.0030495,0 82.2618509,17.0031575,0</coordinates></LinearRing></outerBoundaryIs></Polygon>
</Placemark>
<Placemark><name>building</name><styleUrl>#building</styleUrl><description>building: yes</description>
<Polygon><outerBoundaryIs><LinearRing><coordinates>82.2618409,17.0029268,0 82.2618238,17.0028551,0 82.2623134,17.0027481,0 82.2623306,17.0028199,0 82.2618409,17.0029268,0</coordinates></LinearRing></outerBoundaryIs></Polygon>
</Placemark>
<Placemark><name>building</name><styleUrl>#building</styleUrl><description>building: yes</description>
<Polygon><outerBoundaryIs><LinearRing><coordinates>82.2617193,17.0037263,0 82.2616915,17.0035934,0 82.2618289,17.0035671,0 82.2618567,17.0037,0 82.2617193,17.0037263,0</coordinates></LinearRing></outerBoundaryIs></Polygon>
</Placemark>
<Placemark><name>building</name><styleUrl>#building</styleUrl><description>building: yes</description>
<Polygon><outerBoundaryIs><LinearRing><coordinates>82.261863,17.0036897,0 82.2618338,17.003565,0 82.2619171,17.0035472,0 82.2619463,17.0036718,0 82.261863,17.0036897,0</coordinates></LinearRing></outerBoundaryIs></Polygon>
</Placemark>
<Placemark><name>building</name><styleUrl>#building</styleUrl><description>building: yes</description>
<Polygon><outerBoundaryIs><LinearRing><coordinates>82.2619495,17.0036669,0 82.2619192,17.0035447,0 82.2619986,17.0035267,0 82.2620289,17.0036488,0 82.2619495,17.0036669,0</coordinates></LinearRing></outerBoundaryIs></Polygon>
</Placemark>
<Placemark><name>building</name><styleUrl>#building</styleUrl><description>building: yes</description>
<Polygon><outerBoundaryIs><LinearRing><coordinates>82.2620303,17.0036495,0 82.2620029,17.0035279,0 82.2620905,17.0035098,0 82.2621179,17.0036315,0 82.2620303,17.0036495,0</coordinates></LinearRing></outerBoundaryIs></Polygon>
</Placemark>
<Placemark><name>building</name><styleUrl>#building</styleUrl><description>building: yes</description>
<Polygon><outerBoundaryIs><LinearRing><coordinates>82.2621218,17.0036287,0 82.2620952,17.00351,0 82.2621692,17.0034948,0 82.2621958,17.0036135,0 82.2621218,17.0036287,0</coordinates></LinearRing></outerBoundaryIs></Polygon>
</Placemark>
<Placemark><name>building</name><styleUrl>#building</styleUrl><description>building: yes</description>
<Polygon><outerBoundaryIs><LinearRing><coordinates>82.2622005,17.0036222,0 82.2621709,17.0034936,0 82.2622458,17.0034778,0 82.2622753,17.0036065,0 82.2622005,17.0036222,0</coordinates></LinearRing></outerBoundaryIs></Polygon>
</Placemark>
<Placemark><name>building</name><styleUrl>#building</styleUrl><description>building: yes</description>
<Polygon><outerBoundaryIs><LinearRing><coordinates>82.2622798,17.0036042,0 82.2622514,17.0034776,0 82.262316,17.0034643,0 82.2623444,17.0035909,0 82.2622798,17.0036042,0</coordinates></LinearRing></outerBoundaryIs></Polygon>
</Placemark>
<Placemark><name>building</name><styleUrl>#building</styleUrl><description>building: yes</description>
<Polygon><outerBoundaryIs><LinearRing><coordinates>82.2623554,17.0035876,0 82.2623263,17.0034634,0 82.2623944,17.0034488,0 82.2624234,17.0035731,0 82.2623554,17.0035876,0</coordinates></LinearRing></outerBoundaryIs></Polygon>
</Placemark>
<Placemark><name>building</name><styleUrl>#building</styleUrl><description>building: yes</description>
<Polygon><outerBoundaryIs><LinearRing><coordinates>82.2624296,17.0035721,0 82.2624005,17.0034476,0 82.2624706,17.0034326,0 82.2624997,17.0035571,0 82.2624296,17.0035721,0</coordinates></LinearRing></outerBoundaryIs></Polygon>
</Placemark>
<Placemark><name>building</name><styleUrl>#building</styleUrl><description>building: yes</description>
<Polygon><outerBoundaryIs><LinearRing><coordinates>82.2625025,17.0035624,0 82.262471,17.0034283,0 82.2625146,17.0034195,0 82.2625443,17.0035547,0 82.2625025,17.0035624,0</coordinates></LinearRing></outerBoundaryIs></Polygon>
</Placemark>
<Placemark><name>building</name><styleUrl>#building</styleUrl><description>building: yes</description>
<Polygon><outerBoundaryIs><LinearRing><coordinates>82.2606253,17.0037795,0 82.2605874,17.0036333,0 82.2606805,17.0036112,0 82.2607184,17.0037574,0 82.2606253,17.0037795,0</coordinates></LinearRing></outerBoundaryIs></Polygon>
</Placemark>
<Placemark><name>building</name><styleUrl>#building</styleUrl><description>building: yes</description>
<Polygon><outerBoundaryIs><LinearRing><coordinates>82.260723,17.0037571,0 82.2606883,17.0036281,0 82.260732,17.0036174,0 82.2607666,17.0037463,0 82.260723,17.0037571,0</coordinates></LinearRing></outerBoundaryIs></Polygon>
</Placemark>
<Placemark><name>building</name><styleUrl>#building</styleUrl><description>building: yes</description>
<Polygon><outerBoundaryIs><LinearRing><coordinates>82.2606433,17.0038794,0 82.2606221,17.0037956,0 82.2607313,17.0037704,0 82.2607525,17.0038542,0 82.2606433,17.0038794,0</coordinates></LinearRing></outerBoundaryIs></Polygon>
</Placemark>
<Placemark><name>building</name><styleUrl>#building</styleUrl><description>building: yes</description>
<Polygon><outerBoundaryIs><LinearRing><coordinates>82.2606421,17.0038819,0 82.2607487,17.0038601,0 82.2607622,17.0039208,0 82.2606556,17.0039426,0 82.2606421,17.0038819,0</coordinates></LinearRing></outerBoundaryIs></Polygon>
</Placemark>
<Placemark><name>building</name><styleUrl>#building</styleUrl><description>building: yes</description>
<Polygon><outerBoundaryIs><LinearRing><coordinates>82.2607761,17.0039226,0 82.2607356,17.0037713,0 82.2607912,17.0037577,0 82.2608316,17.0039091,0 82.2607761,17.0039226,0</coordinates></LinearRing></outerBoundaryIs></Polygon>
</Placemark>
<Placemark><name>building</name><styleUrl>#building</styleUrl><description>building: yes</description>
<Polygon><outerBoundaryIs><LinearRing><coordinates>82.2608332,17.0039092,0 82.2607963,17.0037562,0 82.2608732,17.0037393,0 82.2609101,17.0038922,0 82.2608332,17.0039092,0</coordinates></LinearRing></outerBoundaryIs></Polygon>
</Placemark>
<Placemark><name>building</name><styleUrl>#building</styleUrl><description>building: yes</description>
<Polygon><outerBoundaryIs><LinearRing><coordinates>82.2609115,17.0038932,0 82.2608751,17.0037386,0 82.2609372,17.0037252,0 82.2609736,17.0038798,0 82.2609115,17.0038932,0</coordinates></LinearRing></outerBoundaryIs></Polygon>
</Placemark>
<Placemark><name>building</name><styleUrl>#building</styleUrl><description>building: yes</description>
<Polygon><outerBoundaryIs><LinearRing><coordinates>82.2609764,17.0038797,0 82.2609381,17.0037227,0 82.2610112,17.0037064,0 82.2610495,17.0038634,0 82.2609764,17.0038797,0</coordinates></LinearRing></outerBoundaryIs></Polygon>
</Placemark>
<Placemark><name>building</name><styleUrl>#building</styleUrl><description>building: yes</description>
<Polygon><outerBoundaryIs><LinearRing><coordinates>82.2610622,17.0038792,0 82.2610136,17.0037009,0 82.2611394,17.0036695,0 82.2611879,17.0038479,0 82.2610622,17.0038792,0</coordinates></LinearRing></outerBoundaryIs></Polygon>
</Placemark>
<Placemark><name>building</name><styleUrl>#building</styleUrl><description>building: yes</description>
<Polygon><outerBoundaryIs><LinearRing><coordinates>82.2612874,17.0037888,0 82.2612562,17.0036657,0 82.2613727,17.0036387,0 82.2614039,17.0037619,0 82.2612874,17.0037888,0</coordinates></LinearRing></outerBoundaryIs></Polygon>
</Placemark>
<Placemark><name>building</name><styleUrl>#building</styleUrl><description>building: yes</description>
<Polygon><outerBoundaryIs><LinearRing><coordinates>82.2614636,17.0037263,0 82.2614383,17.0036197,0 82.2615569,17.003594,0 82.2615822,17.0037007,0 82.2614636,17.0037263,0</coordinates></LinearRing></outerBoundaryIs></Polygon>
</Placemark>
<Placemark><name>building</name><styleUrl>#building</styleUrl><description>building: yes</description>
<Polygon><outerBoundaryIs><LinearRing><coordinates>82.2612511,17.0036533,0 82.2612054,17.0034825,0 82.2613015,17.0034591,0 82.2613471,17.0036298,0 82.2612511,17.0036533,0</coordinates></LinearRing></outerBoundaryIs></Polygon>
</Placemark>
<Placemark><name>building</name><styleUrl>#building</styleUrl><description>building: yes</description>
<Polygon><outerBoundaryIs><LinearRing><coordinates>82.2606927,17.0041227,0 82.2606684,17.0040367,0 82.2608093,17.0040003,0 82.2608336,17.0040864,0 82.2606927,17.0041227,0</coordinates></LinearRing></outerBoundaryIs></Polygon>
</Placemark>
<Placemark><name>building</name><styleUrl>#building</styleUrl><description>building: yes</description>
<Polygon><outerBoundaryIs><LinearRing><coordinates>82.2607083,17.0042112,0 82.2606864,17.0041303,0 82.2608352,17.0040935,0 82.2608571,17.0041743,0 82.2607083,17.0042112,0</coordinates></LinearRing></outerBoundaryIs></Polygon>
</Placemark>
<Placemark><name>building</name><styleUrl>#building</styleUrl><description>building: yes</description>
<Polygon><outerBoundaryIs><LinearRing><coordinates>82.2611086,17.0042519,0 82.2610743,17.0041174,0 82.2612106,17.0040857,0 82.2612448,17.0042201,0 82.2611086,17.0042519,0</coordinates></LinearRing></outerBoundaryIs></Polygon>
</Placemark>
<Placemark><name>building</name><styleUrl>#building</styleUrl><description>building: yes</description>
<Polygon><outerBoundaryIs><LinearRing><coordinates>82.2612451,17.0042012,0 82.2612187,17.004104,0 82.261317,17.0040796,0 82.2613434,17.0041768,0 82.2612451,17.0042012,0</coordinates></LinearRing></outerBoundaryIs></Polygon>
</Placemark>
<Placemark><name>building</name><styleUrl>#building</styleUrl><description>building: yes</description>
<Polygon><outerBoundaryIs><LinearRing><coordinates>82.261373,17.0042253,0 82.2613283,17.0040722,0 82.2614667,17.0040352,0 82.2615114,17.0041884,0 82.261373,17.0042253,0</coordinates></LinearRing></outerBoundaryIs></Polygon>
</Placemark>
<Placemark><name>building</name><styleUrl>#building</styleUrl><description>building: yes</description>
<Polygon><outerBoundaryIs><LinearRing><coordinates>82.2615166,17.0041433,0 82.2614847,17.0040548,0 82.2615622,17.0040293,0 82.261594,17.0041178,0 82.2615166,17.0041433,0</coordinates></LinearRing></outerBoundaryIs></Polygon>
</Placemark>
<Placemark><name>building</name><styleUrl>#building</styleUrl><description>building: yes</description>
<Polygon><outerBoundaryIs><LinearRing><coordinates>82.2615592,17.0039288,0 82.2615333,17.0038428,0 82.2616852,17.0038011,0 82.261711,17.0038871,0 82.2615592,17.0039288,0</coordinates></LinearRing></outerBoundaryIs></Polygon>
</Placemark>
<Placemark><name>building</name><styleUrl>#building</styleUrl><description>building: yes</description>
<Polygon><outerBoundaryIs><LinearRing><coordinates>82.2617832,17.0039096,0 82.2617537,17.0037882,0 82.2618586,17.0037648,0 82.2618882,17.0038862,0 82.2617832,17.0039096,0</coordinates></LinearRing></outerBoundaryIs></Polygon>
</Placemark>
<Placemark><name>building</name><styleUrl>#building</styleUrl><description>building: yes</description>
<Polygon><outerBoundaryIs><LinearRing><coordinates>82.2618906,17.003885,0 82.2618636,17.0037644,0 82.2619509,17.0037473,0 82.2619771,17.0038694,0 82.2618906,17.003885,0</coordinates></LinearRing></outerBoundaryIs></Polygon>
</Placemark>
<Placemark><name>building</name><styleUrl>#building</styleUrl><description>building: yes</description>
<Polygon><outerBoundaryIs><LinearRing><coordinates>82.2619793,17.0038697,0 82.2619541,17.0037514,0 82.2620435,17.0037339,0 82.2620687,17.0038523,0 82.2619793,17.0038697,0</coordinates></LinearRing></outerBoundaryIs></Polygon>
</Placemark>
<Placemark><name>building</name><styleUrl>#building</styleUrl><description>building: yes</description>
<Polygon><outerBoundaryIs><LinearRing><coordinates>82.2620728,17.0038516,0 82.2620445,17.0037343,0 82.2621523,17.0037105,0 82.2621806,17.0038278,0 82.2620728,17.0038516,0</coordinates></LinearRing></outerBoundaryIs></Polygon>
</Placemark>
<Placemark><name>building</name><styleUrl>#building</styleUrl><description>building: yes</description>
<Polygon><outerBoundaryIs><LinearRing><coordinates>82.2621895,17.0039539,0 82.2621597,17.0038417,0 82.2622714,17.0038145,0 82.2623013,17.0039267,0 82.2621895,17.0039539,0</coordinates></LinearRing></outerBoundaryIs></Polygon>
</Placemark>
<Placemark><name>building</name><styleUrl>#building</styleUrl><description>building: yes</description>
<Polygon><outerBoundaryIs><LinearRing><coordinates>82.2622804,17.0038251,0 82.2622508,17.0036919,0 82.2623034,17.0036812,0 82.2623329,17.0038144,0 82.2622804,17.0038251,0</coordinates></LinearRing></outerBoundaryIs></Polygon>
</Placemark>
<Placemark><name>building</name><styleUrl>#building</styleUrl><description>building: yes</description>
<Polygon><outerBoundaryIs><LinearRing><coordinates>82.2604025,17.0038419,0 82.260357,17.0036912,0 82.2604921,17.003654,0 82.2605375,17.0038047,0 82.2604025,17.0038419,0</coordinates></LinearRing></outerBoundaryIs></Polygon>
</Placemark>
<Placemark><name>building</name><styleUrl>#building</styleUrl><description>building: yes</description>
<Polygon><outerBoundaryIs><LinearRing><coordinates>82.2604407,17.0039537,0 82.260412,17.0038416,0 82.2605353,17.0038103,0 82.2605648,17.0039245,0 82.2604407,17.0039537,0</coordinates></LinearRing></outerBoundaryIs></Polygon>
</Placemark>
<Placemark><name>building</name><styleUrl>#building</styleUrl><description>building: yes</description>
<Polygon><outerBoundaryIs><LinearRing><coordinates>82.2602707,17.0040356,0 82.2602345,17.0038892,0 82.2603328,17.0038669,0 82.260369,17.0040133,0 82.2602707,17.0040356,0</coordinates></LinearRing></outerBoundaryIs></Polygon>
</Placemark>
<Placemark><name>building</name><styleUrl>#building</styleUrl><description>building: yes</description>
<Polygon><outerBoundaryIs><LinearRing><coordinates>82.2601967,17.0040202,0 82.2601708,17.0039163,0 82.260232,17.0039023,0 82.2602579,17.0040062,0 82.2601967,17.0040202,0</coordinates></LinearRing></outerBoundaryIs></Polygon>
</Placemark>
<Placemark><name>building</name><styleUrl>#building</styleUrl><description>building: yes</description>
<Polygon><outerBoundaryIs><LinearRing><coordinates>82.2600534,17.0044958,0 82.2600127,17.0043597,0 82.2601281,17.0043281,0 82.2601689,17.0044641,0 82.2600534,17.0044958,0</coordinates></LinearRing></outerBoundaryIs></Polygon>
</Placemark>
<Placemark><name>building</name><styleUrl>#building</styleUrl><description>building: yes</description>
<Polygon><outerBoundaryIs><LinearRing><coordinates>82.2604165,17.0044416,0 82.2603734,17.0042878,0 82.2604213,17.0042755,0 82.2604644,17.0044294,0 82.2604165,17.0044416,0</coordinates></LinearRing></outerBoundaryIs></Polygon>
</Placemark>
<Placemark><name>building</name><styleUrl>#building</styleUrl><description>building: yes</description>
<Polygon><outerBoundaryIs><LinearRing><coordinates>82.2604659,17.0044241,0 82.2605545,17.0044005,0 82.2605103,17.0042489,0 82.2604218,17.0042725,0 82.2604659,17.0044241,0</coordinates></LinearRing></outerBoundaryIs></Polygon>
</Placemark>
<Placemark><name>building</name><styleUrl>#building</styleUrl><description>building: yes</description>
<Polygon><outerBoundaryIs><LinearRing><coordinates>82.2605585,17.0044047,0 82.2605383,17.0043306,0 82.2606504,17.0043026,0 82.2606706,17.0043767,0 82.2605585,17.0044047,0</coordinates></LinearRing></outerBoundaryIs></Polygon>
</Placemark>
<Placemark><name>building</name><styleUrl>#building</styleUrl><description>building: yes</description>
<Polygon><outerBoundaryIs><LinearRing><coordinates>82.2605372,17.004329,0 82.2605149,17.0042473,0 82.2606277,17.0042191,0 82.26065,17.0043008,0 82.2605372,17.004329,0</coordinates></LinearRing></outerBoundaryIs></Polygon>
</Placemark>
<Placemark><name>building</name><styleUrl>#building</styleUrl><description>building: yes</description>
<Polygon><outerBoundaryIs><LinearRing><coordinates>82.2600359,17.0034575,0 82.2600014,17.0033233,0 82.2600904,17.0033023,0 82.260125,17.0034365,0 82.2600359,17.0034575,0</coordinates></LinearRing></outerBoundaryIs></Polygon>
</Placemark>
<Placemark><name>building</name><styleUrl>#building</styleUrl><description>building: yes</description>
<Polygon><outerBoundaryIs><LinearRing><coordinates>82.2601948,17.0033746,0 82.2601693,17.003274,0 82.2601977,17.0032674,0 82.2601927,17.0032476,0 82.2602545,17.0032333,0 82.260285,17.0033537,0 82.2601948,17.0033746,0</coordinates></LinearRing></outerBoundaryIs></Polygon>
</Placemark>
<Placemark><name>building</name><styleUrl>#building</styleUrl><description>building: yes</description>
<Polygon><outerBoundaryIs><LinearRing><coordinates>82.2600894,17.0036394,0 82.2600536,17.0034982,0 82.2601696,17.0034713,0 82.2602054,17.0036126,0 82.2600894,17.0036394,0</coordinates></LinearRing></outerBoundaryIs></Polygon>
</Placemark>
<Placemark><name>building</name><styleUrl>#building</styleUrl><description>building: yes</description>
<Polygon><outerBoundaryIs><LinearRing><coordinates>82.2602285,17.0036173,0 82.2601989,17.0034817,0 82.2602794,17.0034656,0 82.260309,17.0036012,0 82.2602285,17.0036173,0</coordinates></LinearRing></outerBoundaryIs></Polygon>
</Placemark>
<Placemark><name>building</name><styleUrl>#building</styleUrl><description>building: yes</description>
<Polygon><outerBoundaryIs><LinearRing><coordinates>82.259251,17.0036328,0 82.2591997,17.0034904,0 82.2592876,17.0034614,0 82.2593389,17.0036039,0 82.259251,17.0036328,0</coordinates></LinearRing></outerBoundaryIs></Polygon>
</Placemark>
<Placemark><name>building</name><styleUrl>#building</styleUrl><description>building: yes</description>
<Polygon><outerBoundaryIs><LinearRing><coordinates>82.2602126,17.0027591,0 82.2601912,17.0026427,0 82.2602324,17.0026357,0 82.2602539,17.0027521,0 82.2602126,17.0027591,0</coordinates></LinearRing></outerBoundaryIs></Polygon>
</Placemark>
<Placemark><name>building</name><styleUrl>#building</styleUrl><description>building: yes</description>
<Polygon><outerBoundaryIs><LinearRing><coordinates>82.2601276,17.0027764,0 82.2601041,17.0026567,0 82.2601825,17.0026427,0 82.2602059,17.0027624,0 82.2601276,17.0027764,0</coordinates></LinearRing></outerBoundaryIs></Polygon>
</Placemark>
<Placemark><name>building</name><styleUrl>#building</styleUrl><description>building: yes</description>
<Polygon><outerBoundaryIs><LinearRing><coordinates>82.2600418,17.0027909,0 82.2600178,17.0026723,0 82.2600963,17.0026578,0 82.2601203,17.0027764,0 82.2600418,17.0027909,0</coordinates></LinearRing></outerBoundaryIs></Polygon>
</Placemark>
<Placemark><name>building</name><styleUrl>#building</styleUrl><description>building: yes</description>
<Polygon><outerBoundaryIs><LinearRing><coordinates>82.2598776,17.0026812,0 82.2598554,17.0025442,0 82.2599335,17.0025326,0 82.2599557,17.0026696,0 82.2598776,17.0026812,0</coordinates></LinearRing></outerBoundaryIs></Polygon>
</Placemark>
<Placemark><name>building</name><styleUrl>#building</styleUrl><description>building: yes</description>
<Polygon><outerBoundaryIs><LinearRing><coordinates>82.2596294,17.0028453,0 82.2596094,17.0027356,0 82.2597368,17.0027144,0 82.2597568,17.0028241,0 82.2596294,17.0028453,0</coordinates></LinearRing></outerBoundaryIs></Polygon>
</Placemark>
<Placemark><name>building</name><styleUrl>#building</styleUrl><description>building: yes</description>
<Polygon><outerBoundaryIs><LinearRing><coordinates>82.2594656,17.0028533,0 82.2594487,17.0027641,0 82.2595928,17.0027391,0 82.2596126,17.0028432,0 82.2594868,17.002865,0 82.2594656,17.0028533,0</coordinates></LinearRing></outerBoundaryIs></Polygon>
</Placemark>
<Placemark><name>building</name><styleUrl>#building</styleUrl><description>building: yes</description>
<Polygon><outerBoundaryIs><LinearRing><coordinates>82.2593068,17.0029325,0 82.2592784,17.0027811,0 82.2593477,17.0027692,0 82.2593762,17.0029206,0 82.2593068,17.0029325,0</coordinates></LinearRing></outerBoundaryIs></Polygon>
</Placemark>
<Placemark><name>building</name><styleUrl>#building</styleUrl><description>building: yes</description>
<Polygon><outerBoundaryIs><LinearRing><coordinates>82.2592447,17.0029508,0 82.2592156,17.0027911,0 82.2592738,17.0027814,0 82.2593029,17.0029411,0 82.2592447,17.0029508,0</coordinates></LinearRing></outerBoundaryIs></Polygon>
</Placemark>
<Placemark><name>building</name><styleUrl>#building</styleUrl><description>building: yes</description>
<Polygon><outerBoundaryIs><LinearRing><coordinates>82.2591215,17.0027997,0 82.259101,17.0026693,0 82.2592099,17.0026536,0 82.2592305,17.002784,0 82.2591215,17.0027997,0</coordinates></LinearRing></outerBoundaryIs></Polygon>
</Placemark>
<Placemark><name>building</name><styleUrl>#building</styleUrl><description>building: yes</description>
<Polygon><outerBoundaryIs><LinearRing><coordinates>82.2590012,17.0028245,0 82.2589796,17.002697,0 82.2590926,17.0026795,0 82.2591142,17.002807,0 82.2590012,17.0028245,0</coordinates></LinearRing></outerBoundaryIs></Polygon>
</Placemark>
<Placemark><name>building</name><styleUrl>#building</styleUrl><description>building: yes</description>
<Polygon><outerBoundaryIs><LinearRing><coordinates>82.2589145,17.0028439,0 82.2588919,17.0027141,0 82.2589669,17.0027022,0 82.2589895,17.002832,0 82.2589145,17.0028439,0</coordinates></LinearRing></outerBoundaryIs></Polygon>
</Placemark>
<Placemark><name>building</name><styleUrl>#building</styleUrl><description>building: yes</description>
<Polygon><outerBoundaryIs><LinearRing><coordinates>82.2588488,17.00286,0 82.2588267,17.0027303,0 82.2588882,17.0027207,0 82.2589103,17.0028505,0 82.2588488,17.00286,0</coordinates></LinearRing></outerBoundaryIs></Polygon>
</Placemark>
<Placemark><name>building</name><styleUrl>#building</styleUrl><description>building: yes</description>
<Polygon><outerBoundaryIs><LinearRing><coordinates>82.2587895,17.002788,0 82.2587832,17.0027312,0 82.2588188,17.0027276,0 82.2588251,17.0027844,0 82.2587895,17.002788,0</coordinates></LinearRing></outerBoundaryIs></Polygon>
</Placemark>
<Placemark><name>building</name><styleUrl>#building</styleUrl><description>building: yes</description>
<Polygon><outerBoundaryIs><LinearRing><coordinates>82.2589441,17.0030041,0 82.2589383,17.002936,0 82.2589154,17.0029378,0 82.2589086,17.0028569,0 82.258928,17.002847,0 82.2590003,17.0028414,0 82.2590136,17.0029987,0 82.2589441,17.0030041,0</coordinates></LinearRing></outerBoundaryIs></Polygon>
</Placemark>
<Placemark><name>building</name><styleUrl>#building</styleUrl><description>building: yes</description>
<Polygon><outerBoundaryIs><LinearRing><coordinates>82.2590224,17.0029656,0 82.2590058,17.0028306,0 82.2591103,17.0028188,0 82.2591269,17.0029539,0 82.2590224,17.0029656,0</coordinates></LinearRing></outerBoundaryIs></Polygon>
</Placemark>
<Placemark><name>building</name><styleUrl>#building</styleUrl><description>building: yes</description>
<Polygon><outerBoundaryIs><LinearRing><coordinates>82.2601636,17.0030138,0 82.2601254,17.0028609,0 82.2602524,17.0028319,0 82.2602907,17.0029848,0 82.2601636,17.0030138,0</coordinates></LinearRing></outerBoundaryIs></Polygon>
</Placemark>
<Placemark><name>building</name><styleUrl>#building</styleUrl><description>building: yes</description>
<Polygon><outerBoundaryIs><LinearRing><coordinates>82.2601877,17.0031148,0 82.2601661,17.0030214,0 82.2603183,17.0029893,0 82.2603399,17.0030827,0 82.2601877,17.0031148,0</coordinates></LinearRing></outerBoundaryIs></Polygon>
</Placemark>
<Placemark><name>building</name><styleUrl>#building</styleUrl><description>building: yes</description>
<Polygon><outerBoundaryIs><LinearRing><coordinates>82.2601778,17.0031348,0 82.2600781,17.0031587,0 82.2600479,17.0030438,0 82.2601476,17.0030198,0 82.2601778,17.0031348,0</coordinates></LinearRing></outerBoundaryIs></Polygon>
</Placemark>
<Placemark><name>building</name><styleUrl>#building</styleUrl><description>building: yes</description>
<Polygon><outerBoundaryIs><LinearRing><coordinates>82.2600082,17.0031882,0 82.2599736,17.003065,0 82.2600445,17.0030468,0 82.2600791,17.00317,0 82.2600082,17.0031882,0</coordinates></LinearRing></outerBoundaryIs></Polygon>
</Placemark>
<Placemark><name>building</name><styleUrl>#building</styleUrl><description>building: yes</description>
<Polygon><outerBoundaryIs><LinearRing><coordinates>82.2598539,17.0030567,0 82.2598104,17.002935,0 82.2599411,17.0028922,0 82.2599846,17.0030139,0 82.2598539,17.0030567,0</coordinates></LinearRing></outerBoundaryIs></Polygon>
</Placemark>
<Placemark><name>building</name><styleUrl>#building</styleUrl><description>building: yes</description>
<Polygon><outerBoundaryIs><LinearRing><coordinates>82.2598939,17.0032156,0 82.2598585,17.0030836,0 82.259963,17.003058,0 82.2599984,17.00319,0 82.2598939,17.0032156,0</coordinates></LinearRing></outerBoundaryIs></Polygon>
</Placemark>
<Placemark><name>building</name><styleUrl>#building</styleUrl><description>building: yes</description>
<Polygon><outerBoundaryIs><LinearRing><coordinates>82.2597903,17.003238,0 82.2597568,17.0031081,0 82.2598538,17.0030852,0 82.2598874,17.0032152,0 82.2597903,17.003238,0</coordinates></LinearRing></outerBoundaryIs></Polygon>
</Placemark>
<Placemark><name>building</name><styleUrl>#building</styleUrl><description>building: yes</description>
<Polygon><outerBoundaryIs><LinearRing><coordinates>82.2596805,17.0032623,0 82.2596353,17.0031415,0 82.2597284,17.0031096,0 82.2597736,17.0032305,0 82.2596805,17.0032623,0</coordinates></LinearRing></outerBoundaryIs></Polygon>
</Placemark>
<Placemark><name>building</name><styleUrl>#building</styleUrl><description>building: yes</description>
<Polygon><outerBoundaryIs><LinearRing><coordinates>82.259731,17.00308,0 82.2596935,17.0029432,0 82.259794,17.002918,0 82.2598315,17.0030549,0 82.259731,17.00308,0</coordinates></LinearRing></outerBoundaryIs></Polygon>
</Placemark>
<Placemark><name>building</name><styleUrl>#building</styleUrl><description>building: yes</description>
<Polygon><outerBoundaryIs><LinearRing><coordinates>82.2596181,17.0031063,0 82.2595746,17.002973,0 82.2596744,17.0029433,0 82.2597178,17.0030766,0 82.2596181,17.0031063,0</coordinates></LinearRing></outerBoundaryIs></Polygon>
</Placemark>
<Placemark><name>building</name><styleUrl>#building</styleUrl><description>building: yes</description>
<Polygon><outerBoundaryIs><LinearRing><coordinates>82.2595249,17.0032923,0 82.2594761,17.0031573,0 82.2595903,17.0031195,0 82.2596391,17.0032546,0 82.2595249,17.0032923,0</coordinates></LinearRing></outerBoundaryIs></Polygon>
</Placemark>
<Placemark><name>building</name><styleUrl>#building</styleUrl><description>building: yes</description>
<Polygon><outerBoundaryIs><LinearRing><coordinates>82.2594842,17.0031349,0 82.2594423,17.003015,0 82.2595597,17.0029775,0 82.2596016,17.0030973,0 82.2594842,17.0031349,0</coordinates></LinearRing></outerBoundaryIs></Polygon>
</Placemark>
<Placemark><name>building</name><styleUrl>#building</styleUrl><description>building: yes</description>
<Polygon><outerBoundaryIs><LinearRing><coordinates>82.2593611,17.0031476,0 82.2593128,17.0030366,0 82.259427,17.0030002,0 82.2594688,17.0031236,0 82.2593611,17.0031476,0</coordinates></LinearRing></outerBoundaryIs></Polygon>
</Placemark>
<Placemark><name>building</name><styleUrl>#building</styleUrl><description>building: yes</description>
<Polygon><outerBoundaryIs><LinearRing><coordinates>82.2594307,17.0033161,0 82.2593813,17.0031698,0 82.2594642,17.0031442,0 82.2595136,17.0032905,0 82.2594307,17.0033161,0</coordinates></LinearRing></outerBoundaryIs></Polygon>
</Placemark>
<Placemark><name>building</name><styleUrl>#building</styleUrl><description>building: yes</description>
<Polygon><outerBoundaryIs><LinearRing><coordinates>82.2593559,17.0033302,0 82.2593089,17.0031904,0 82.2593679,17.0031722,0 82.2594149,17.0033121,0 82.2593559,17.0033302,0</coordinates></LinearRing></outerBoundaryIs></Polygon>
</Placemark>
<Placemark><name>building</name><styleUrl>#building</styleUrl><description>building: yes</description>
<Polygon><outerBoundaryIs><LinearRing><coordinates>82.2592886,17.0033472,0 82.2592415,17.0032063,0 82.2593003,17.0031883,0 82.2593474,17.0033293,0 82.2592886,17.0033472,0</coordinates></LinearRing></outerBoundaryIs></Polygon>
</Placemark>
<Placemark><name>building</name><styleUrl>#building</styleUrl><description>building: yes</description>
<Polygon><outerBoundaryIs><LinearRing><coordinates>82.2592355,17.0031881,0 82.2591911,17.0030654,0 82.2593015,17.0030288,0 82.2593459,17.0031515,0 82.2592355,17.0031881,0</coordinates></LinearRing></outerBoundaryIs></Polygon>
</Placemark>
<Placemark><name>building</name><styleUrl>#building</styleUrl><description>building: yes</description>
<Polygon><outerBoundaryIs><LinearRing><coordinates>82.2592276,17.0032127,0 82.2590578,17.003262,0 82.2590068,17.0031017,0 82.2591766,17.0030523,0 82.2592276,17.0032127,0</coordinates></LinearRing></outerBoundaryIs></Polygon>
</Placemark>
<Placemark><name>building</name><styleUrl>#building</styleUrl><description>building: yes</description>
<Polygon><outerBoundaryIs><LinearRing><coordinates>82.2591516,17.0033864,0 82.259107,17.0032514,0 82.2591702,17.0032323,0 82.2592149,17.0033672,0 82.2591516,17.0033864,0</coordinates></LinearRing></outerBoundaryIs></Polygon>
</Placemark>
<Placemark><name>building</name><styleUrl>#building</styleUrl><description>building: yes</description>
<Polygon><outerBoundaryIs><LinearRing><coordinates>82.2592189,17.0033659,0 82.2591745,17.0032317,0 82.2592387,17.0032123,0 82.2592831,17.0033465,0 82.2592189,17.0033659,0</coordinates></LinearRing></outerBoundaryIs></Polygon>
</Placemark>
<Placemark><name>building</name><styleUrl>#building</styleUrl><description>building: yes</description>
<Polygon><outerBoundaryIs><LinearRing><coordinates>82.2593448,17.003594,0 82.2593037,17.0034522,0 82.2593785,17.0034212,0 82.2594196,17.0035749,0 82.2593448,17.003594,0</coordinates></LinearRing></outerBoundaryIs></Polygon>
</Placemark>
<Placemark><name>building</name><styleUrl>#building</styleUrl><description>building: yes</description>
<Polygon><outerBoundaryIs><LinearRing><coordinates>82.2594089,17.0035239,0 82.259384,17.0034256,0 82.2594701,17.0034002,0 82.2595009,17.003497,0 82.2594089,17.0035239,0</coordinates></LinearRing></outerBoundaryIs></Polygon>
</Placemark>
<Placemark><name>building</name><styleUrl>#building</styleUrl><description>building: yes</description>
<Polygon><outerBoundaryIs><LinearRing><coordinates>82.2594332,17.0036045,0 82.2594083,17.003528,0 82.2594545,17.0035143,0 82.2594794,17.0035908,0 82.2594332,17.0036045,0</coordinates></LinearRing></outerBoundaryIs></Polygon>
</Placemark>
<Placemark><name>building</name><styleUrl>#building</styleUrl><description>building: yes</description>
<Polygon><outerBoundaryIs><LinearRing><coordinates>82.2594814,17.0035906,0 82.2594547,17.0035132,0 82.259513,17.0034948,0 82.2595397,17.0035721,0 82.2594814,17.0035906,0</coordinates></LinearRing></outerBoundaryIs></Polygon>
</Placemark>
<Placemark><name>building</name><styleUrl>#building</styleUrl><description>building: yes</description>
<Polygon><outerBoundaryIs><LinearRing><coordinates>82.2595478,17.0035695,0 82.2595038,17.0034255,0 82.2596004,17.0033986,0 82.2596443,17.0035425,0 82.2595478,17.0035695,0</coordinates></LinearRing></outerBoundaryIs></Polygon>
</Placemark>
<Placemark><name>building</name><styleUrl>#building</styleUrl><description>building: yes</description>
<Polygon><outerBoundaryIs><LinearRing><coordinates>82.2594864,17.0037559,0 82.2594467,17.0036209,0 82.2595445,17.0035946,0 82.2595842,17.0037296,0 82.2594864,17.0037559,0</coordinates></LinearRing></outerBoundaryIs></Polygon>
</Placemark>
<Placemark><name>building</name><styleUrl>#building</styleUrl><description>building: yes</description>
<Polygon><outerBoundaryIs><LinearRing><coordinates>82.2597204,17.0037093,0 82.2596797,17.003574,0 82.2597871,17.0035445,0 82.2598277,17.0036799,0 82.2597204,17.0037093,0</coordinates></LinearRing></outerBoundaryIs></Polygon>
</Placemark>
<Placemark><name>building</name><styleUrl>#building</styleUrl><description>building: yes</description>
<Polygon><outerBoundaryIs><LinearRing><coordinates>82.259664,17.003562,0 82.259611,17.003387,0 82.2597312,17.0033537,0 82.2597841,17.0035288,0 82.259664,17.003562,0</coordinates></LinearRing></outerBoundaryIs></Polygon>
</Placemark>
<Placemark><name>building</name><styleUrl>#building</styleUrl><description>building: yes</description>
<Polygon><outerBoundaryIs><LinearRing><coordinates>82.2613933,17.0024161,0 82.261377,17.0023468,0 82.2615191,17.0023164,0 82.2615353,17.0023858,0 82.2613933,17.0024161,0</coordinates></LinearRing></outerBoundaryIs></Polygon>
</Placemark>
<Placemark><name>building</name><styleUrl>#building</styleUrl><description>building: yes</description>
<Polygon><outerBoundaryIs><LinearRing><coordinates>82.2613708,17.0023433,0 82.2613559,17.0022783,0 82.2615005,17.002248,0 82.2615154,17.002313,0 82.2613708,17.0023433,0</coordinates></LinearRing></outerBoundaryIs></Polygon>
</Placemark>
<Placemark><name>building</name><styleUrl>#building</styleUrl><description>building: yes</description>
<Polygon><outerBoundaryIs><LinearRing><coordinates>82.2615105,17.0022712,0 82.2614906,17.0021785,0 82.2615909,17.0021588,0 82.2616108,17.0022515,0 82.2615105,17.0022712,0</coordinates></LinearRing></outerBoundaryIs></Polygon>
</Placemark>
<Placemark><name>building</name><styleUrl>#building</styleUrl><description>building: yes</description>
<Polygon><outerBoundaryIs><LinearRing><coordinates>82.2613626,17.0022741,0 82.2613468,17.0022037,0 82.2614795,17.0021766,0 82.2614952,17.0022469,0 82.2613626,17.0022741,0</coordinates></LinearRing></outerBoundaryIs></Polygon>
</Placemark>
<Placemark><name>building</name><styleUrl>#building</styleUrl><description>building: yes</description>
<Polygon><outerBoundaryIs><LinearRing><coordinates>82.2605606,17.0025607,0 82.2605523,17.0025312,0 82.2605012,17.0025193,0 82.2604863,17.0024895,0 82.2604561,17.0023818,0 82.2605798,17.0023501,0 82.2606336,17.0025421,0 82.2605606,17.0025607,0</coordinates></LinearRing></outerBoundaryIs></Polygon>
</Placemark>
<Placemark><name>building</name><styleUrl>#building</styleUrl><description>building: yes</description>
<Polygon><outerBoundaryIs><LinearRing><coordinates>82.2602522,17.0024372,0 82.2602214,17.0023297,0 82.2604054,17.0022814,0 82.2604362,17.0023889,0 82.2602522,17.0024372,0</coordinates></LinearRing></outerBoundaryIs></Polygon>
</Placemark>
<Placemark><name>building</name><styleUrl>#building</styleUrl><description>building: yes</description>
<Polygon><outerBoundaryIs><LinearRing><coordinates>82.2602272,17.0023178,0 82.2601988,17.0022083,0 82.2602889,17.0021869,0 82.2603174,17.0022964,0 82.2602272,17.0023178,0</coordinates></LinearRing></outerBoundaryIs></Polygon>
</Placemark>
<Placemark><name>building</name><styleUrl>#building</styleUrl><description>building: yes</description>
<Polygon><outerBoundaryIs><LinearRing><coordinates>82.2603224,17.0022935,0 82.2602932,17.0021853,0 82.2603688,17.0021667,0 82.2603979,17.002275,0 82.2603224,17.0022935,0</coordinates></LinearRing></outerBoundaryIs></Polygon>
</Placemark>
<Placemark><name>building</name><styleUrl>#building</styleUrl><description>building: yes</description>
<Polygon><outerBoundaryIs><LinearRing><coordinates>82.2584106,17.0022743,0 82.2583888,17.0021893,0 82.2584861,17.0021665,0 82.258508,17.0022515,0 82.2584106,17.0022743,0</coordinates></LinearRing></outerBoundaryIs></Polygon>
</Placemark>
<Placemark><name>building</name><styleUrl>#building</styleUrl><description>building: yes</description>
<Polygon><outerBoundaryIs><LinearRing><coordinates>82.2583813,17.0021747,0 82.2583719,17.0021075,0 82.258476,17.0020942,0 82.2584854,17.0021614,0 82.2583813,17.0021747,0</coordinates></LinearRing></outerBoundaryIs></Polygon>
</Placemark>
<Placemark><name>building</name><styleUrl>#building</styleUrl><description>building: yes</description>
<Polygon><outerBoundaryIs><LinearRing><coordinates>82.25837,17.0021034,0 82.2583441,17.0019644,0 82.2585422,17.0019308,0 82.258568,17.0020697,0 82.25837,17.0021034,0</coordinates></LinearRing></outerBoundaryIs></Polygon>
</Placemark>
<Placemark><name>building</name><styleUrl>#building</styleUrl><description>building: yes</description>
<Polygon><outerBoundaryIs><LinearRing><coordinates>82.2585678,17.00223,0 82.2585416,17.0020816,0 82.2586184,17.0020692,0 82.2586446,17.0022176,0 82.2585678,17.00223,0</coordinates></LinearRing></outerBoundaryIs></Polygon>
</Placemark>
<Placemark><name>building</name><styleUrl>#building</styleUrl><description>building: yes</description>
<Polygon><outerBoundaryIs><LinearRing><coordinates>82.2590603,17.0019587,0 82.2590403,17.0018407,0 82.2591599,17.0018222,0 82.2591798,17.0019402,0 82.2590603,17.0019587,0</coordinates></LinearRing></outerBoundaryIs></Polygon>
</Placemark>
<Placemark><name>building</name><styleUrl>#building</styleUrl><description>building: yes</description>
<Polygon><outerBoundaryIs><LinearRing><coordinates>82.259222,17.00213,0 82.2591903,17.0019607,0 82.2593355,17.0019358,0 82.2593673,17.0021051,0 82.259222,17.00213,0</coordinates></LinearRing></outerBoundaryIs></Polygon>
</Placemark>
<Placemark><name>building</name><styleUrl>#building</styleUrl><description>building: yes</description>
<Polygon><outerBoundaryIs><LinearRing><coordinates>82.2589684,17.0021602,0 82.2589492,17.0020237,0 82.2590396,17.0020121,0 82.2590587,17.0021487,0 82.2589684,17.0021602,0</coordinates></LinearRing></outerBoundaryIs></Polygon>
</Placemark>
<Placemark><name>building</name><styleUrl>#building</styleUrl><description>building: yes</description>
<Polygon><outerBoundaryIs><LinearRing><coordinates>82.2588382,17.0021907,0 82.2588137,17.0020485,0 82.258928,17.0020305,0 82.2589525,17.0021727,0 82.2588382,17.0021907,0</coordinates></LinearRing></outerBoundaryIs></Polygon>
</Placemark>
<Placemark><name>building</name><styleUrl>#building</styleUrl><description>building: yes</description>
<Polygon><outerBoundaryIs><LinearRing><coordinates>82.2595684,17.0018792,0 82.2595528,17.0017417,0 82.259631,17.0017296,0 82.2596496,17.0018721,0 82.2595684,17.0018792,0</coordinates></LinearRing></outerBoundaryIs></Polygon>
</Placemark>
<Placemark><name>building</name><styleUrl>#building</styleUrl><description>building: yes</description>
<Polygon><outerBoundaryIs><LinearRing><coordinates>82.2596548,17.0018688,0 82.2596386,17.0017505,0 82.259711,17.0017385,0 82.2597325,17.0018597,0 82.2596548,17.0018688,0</coordinates></LinearRing></outerBoundaryIs></Polygon>
</Placemark>
<Placemark><name>building</name><styleUrl>#building</styleUrl><description>building: yes</description>
<Polygon><outerBoundaryIs><LinearRing><coordinates>82.2597438,17.001854,0 82.2597259,17.0017345,0 82.2598018,17.0017157,0 82.2598209,17.0018443,0 82.2597438,17.001854,0</coordinates></LinearRing></outerBoundaryIs></Polygon>
</Placemark>
<Placemark><name>building</name><styleUrl>#building</styleUrl><description>building: yes</description>
<Polygon><outerBoundaryIs><LinearRing><coordinates>82.2598711,17.0020087,0 82.2598557,17.0019144,0 82.2600484,17.0018858,0 82.2600637,17.0019801,0 82.2598711,17.0020087,0</coordinates></LinearRing></outerBoundaryIs></Polygon>
</Placemark>
<Placemark><name>building</name><styleUrl>#building</styleUrl><description>building: yes</description>
<Polygon><outerBoundaryIs><LinearRing><coordinates>82.2606249,17.002353,0 82.2605898,17.002211,0 82.2606793,17.0021907,0 82.2607144,17.0023328,0 82.2606249,17.002353,0</coordinates></LinearRing></outerBoundaryIs></Polygon>
</Placemark>
<Placemark><name>building</name><styleUrl>#building</styleUrl><description>building: yes</description>
<Polygon><outerBoundaryIs><LinearRing><coordinates>82.2607182,17.0023193,0 82.2606846,17.0021923,0 82.2608562,17.0021508,0 82.2608898,17.0022779,0 82.2607182,17.0023193,0</coordinates></LinearRing></outerBoundaryIs></Polygon>
</Placemark>
<Placemark><name>building</name><styleUrl>#building</styleUrl><description>building: yes</description>
<Polygon><outerBoundaryIs><LinearRing><coordinates>82.2609396,17.0022862,0 82.2609061,17.0021424,0 82.2609962,17.0021231,0 82.2610298,17.0022669,0 82.2609396,17.0022862,0</coordinates></LinearRing></outerBoundaryIs></Polygon>
</Placemark>
<Placemark><name>building</name><styleUrl>#building</styleUrl><description>building: yes</description>
<Polygon><outerBoundaryIs><LinearRing><coordinates>82.2599473,17.0048067,0 82.2598967,17.0046507,0 82.259997,17.0046209,0 82.2600477,17.004777,0 82.2599473,17.0048067,0</coordinates></LinearRing></outerBoundaryIs></Polygon>
</Placemark>
<Placemark><name>building</name><styleUrl>#building</styleUrl><description>building: yes</description>
<Polygon><outerBoundaryIs><LinearRing><coordinates>82.26005,17.0047755,0 82.2599998,17.0046201,0 82.26008,17.0045965,0 82.2601302,17.0047519,0 82.26005,17.0047755,0</coordinates></LinearRing></outerBoundaryIs></Polygon>
</Placemark>
<Placemark><name>building</name><styleUrl>#building</styleUrl><description>building: yes</description>
<Polygon><outerBoundaryIs><LinearRing><coordinates>82.2601325,17.004755,0 82.2600839,17.0045984,0 82.2601606,17.0045766,0 82.2602092,17.0047332,0 82.2601325,17.004755,0</coordinates></LinearRing></outerBoundaryIs></Polygon>
</Placemark>
<Placemark><name>building</name><styleUrl>#building</styleUrl><description>building: yes</description>
<Polygon><outerBoundaryIs><LinearRing><coordinates>82.2602124,17.0047376,0 82.2601723,17.0045938,0 82.2602237,17.0045806,0 82.2602638,17.0047245,0 82.2602124,17.0047376,0</coordinates></LinearRing></outerBoundaryIs></Polygon>
</Placemark>
<Placemark><name>building</name><styleUrl>#building</styleUrl><description>building: yes</description>
<Polygon><outerBoundaryIs><LinearRing><coordinates>82.2602732,17.004736,0 82.2602285,17.0045868,0 82.2603135,17.0045635,0 82.2603582,17.0047126,0 82.2602732,17.004736,0</coordinates></LinearRing></outerBoundaryIs></Polygon>
</Placemark>
<Placemark><name>building</name><styleUrl>#building</styleUrl><description>building: yes</description>
<Polygon><outerBoundaryIs><LinearRing><coordinates>82.2603735,17.0046994,0 82.26033,17.0045489,0 82.2604193,17.0045253,0 82.2604628,17.0046757,0 82.2603735,17.0046994,0</coordinates></LinearRing></outerBoundaryIs></Polygon>
</Placemark>
<Placemark><name>building</name><styleUrl>#building</styleUrl><description>building: yes</description>
<Polygon><outerBoundaryIs><LinearRing><coordinates>82.2604674,17.0046762,0 82.2604215,17.0045242,0 82.2605166,17.004498,0 82.2605625,17.00465,0 82.2604674,17.0046762,0</coordinates></LinearRing></outerBoundaryIs></Polygon>
</Placemark>
<Placemark><name>building</name><styleUrl>#building</styleUrl><description>building: yes</description>
<Polygon><outerBoundaryIs><LinearRing><coordinates>82.2601713,17.0048989,0 82.2601376,17.004762,0 82.2602115,17.0047454,0 82.2602452,17.0048823,0 82.2601713,17.0048989,0</coordinates></LinearRing></outerBoundaryIs></Polygon>
</Placemark>
<Placemark><name>building</name><styleUrl>#building</styleUrl><description>building: yes</description>
<Polygon><outerBoundaryIs><LinearRing><coordinates>82.2602547,17.0048965,0 82.2602144,17.0047428,0 82.2602609,17.0047316,0 82.2602666,17.0047537,0 82.2602931,17.0047473,0 82.2603277,17.004879,0 82.2602547,17.0048965,0</coordinates></LinearRing></outerBoundaryIs></Polygon>
</Placemark>
<Placemark><name>building</name><styleUrl>#building</styleUrl><description>building: yes</description>
<Polygon><outerBoundaryIs><LinearRing><coordinates>82.26033,17.0048753,0 82.260292,17.0047366,0 82.2603619,17.0047191,0 82.2604,17.0048577,0 82.26033,17.0048753,0</coordinates></LinearRing></outerBoundaryIs></Polygon>
</Placemark>
<Placemark><name>building</name><styleUrl>#building</styleUrl><description>building: yes</description>
<Polygon><outerBoundaryIs><LinearRing><coordinates>82.2604021,17.0048559,0 82.2603625,17.0047058,0 82.2604205,17.0046918,0 82.26046,17.004842,0 82.2604021,17.0048559,0</coordinates></LinearRing></outerBoundaryIs></Polygon>
</Placemark>
<Placemark><name>building</name><styleUrl>#building</styleUrl><description>building: yes</description>
<Polygon><outerBoundaryIs><LinearRing><coordinates>82.2604655,17.0048419,0 82.2604245,17.0046925,0 82.2605051,17.0046723,0 82.260546,17.0048216,0 82.2604655,17.0048419,0</coordinates></LinearRing></outerBoundaryIs></Polygon>
</Placemark>
<Placemark><name>building</name><styleUrl>#building</styleUrl><description>building: yes</description>
<Polygon><outerBoundaryIs><LinearRing><coordinates>82.25944,17.0047782,0 82.259418,17.0047248,0 82.2595573,17.0046723,0 82.2595793,17.0047257,0 82.25944,17.0047782,0</coordinates></LinearRing></outerBoundaryIs></Polygon>
</Placemark>
<Placemark><name>building</name><styleUrl>#building</styleUrl><description>building: yes</description>
<Polygon><outerBoundaryIs><LinearRing><coordinates>82.2594798,17.0048373,0 82.2594549,17.0047792,0 82.2595806,17.0047299,0 82.2596252,17.0047828,0 82.2594798,17.0048373,0</coordinates></LinearRing></outerBoundaryIs></Polygon>
</Placemark>
<Placemark><name>building</name><styleUrl>#building</styleUrl><description>building: yes</description>
<Polygon><outerBoundaryIs><LinearRing><coordinates>82.259499,17.0049078,0 82.2594747,17.0048401,0 82.2596168,17.0047934,0 82.2596411,17.0048613,0 82.259499,17.0049078,0</coordinates></LinearRing></outerBoundaryIs></Polygon>
</Placemark>
<Placemark><name>building</name><styleUrl>#building</styleUrl><description>building: yes</description>
<Polygon><outerBoundaryIs><LinearRing><coordinates>82.2594154,17.0050634,0 82.2593736,17.0049317,0 82.2594848,17.0048994,0 82.2595267,17.0050311,0 82.2594154,17.0050634,0</coordinates></LinearRing></outerBoundaryIs></Polygon>
</Placemark>
<Placemark><name>building</name><styleUrl>#building</styleUrl><description>building: yes</description>
<Polygon><outerBoundaryIs><LinearRing><coordinates>82.2608405,17.0045709,0 82.2608278,17.0045256,0 82.2607994,17.004533,0 82.2607694,17.0044265,0 82.2608233,17.0044126,0 82.2608345,17.0044526,0 82.2609672,17.0044184,0 82.2610272,17.0043818,0 82.2610581,17.0044281,0 82.2610181,17.0044525,0 82.2610049,17.0045285,0 82.2608405,17.0045709,0</coordinates></LinearRing></outerBoundaryIs></Polygon>
</Placemark>
<Placemark><name>building</name><styleUrl>#building</styleUrl><description>building: yes</description>
<Polygon><outerBoundaryIs><LinearRing><coordinates>82.2608459,17.0046829,0 82.2608275,17.0045967,0 82.2609641,17.00457,0 82.2609825,17.0046562,0 82.2608459,17.0046829,0</coordinates></LinearRing></outerBoundaryIs></Polygon>
</Placemark>
<Placemark><name>building</name><styleUrl>#building</styleUrl><description>building: yes</description>
<Polygon><outerBoundaryIs><LinearRing><coordinates>82.2609992,17.0046549,0 82.2609768,17.0045714,0 82.2611688,17.0045242,0 82.2611913,17.0046077,0 82.2609992,17.0046549,0</coordinates></LinearRing></outerBoundaryIs></Polygon>
</Placemark>
<Placemark><name>building</name><styleUrl>#building</styleUrl><description>building: yes</description>
<Polygon><outerBoundaryIs><LinearRing><coordinates>82.2608746,17.0047526,0 82.260864,17.0047009,0 82.2608693,17.004685,0 82.2609785,17.0046645,0 82.260992,17.0047306,0 82.2608746,17.0047526,0</coordinates></LinearRing></outerBoundaryIs></Polygon>
</Placemark>
<Placemark><name>building</name><styleUrl>#building</styleUrl><description>building: yes</description>
<Polygon><outerBoundaryIs><LinearRing><coordinates>82.2610439,17.0055002,0 82.2610156,17.0053512,0 82.2610092,17.0053176,0 82.2611709,17.0052895,0 82.2612056,17.0054721,0 82.2610439,17.0055002,0</coordinates></LinearRing></outerBoundaryIs></Polygon>
</Placemark>
<Placemark><name>building</name><styleUrl>#building</styleUrl><description>building: yes</description>
<Polygon><outerBoundaryIs><LinearRing><coordinates>82.2611376,17.0052875,0 82.2611156,17.0051821,0 82.2612521,17.0051561,0 82.261274,17.0052615,0 82.2611376,17.0052875,0</coordinates></LinearRing></outerBoundaryIs></Polygon>
</Placemark>
<Placemark><name>building</name><styleUrl>#building</styleUrl><description>building: yes</description>
<Polygon><outerBoundaryIs><LinearRing><coordinates>82.2621243,17.0044234,0 82.2621052,17.0043334,0 82.2621318,17.0043123,0 82.262234,17.0042925,0 82.2622563,17.0043977,0 82.2621243,17.0044234,0</coordinates></LinearRing></outerBoundaryIs></Polygon>
</Placemark>
<Placemark><name>building</name><styleUrl>#building</styleUrl><description>building: yes</description>
<Polygon><outerBoundaryIs><LinearRing><coordinates>82.2621838,17.0045365,0 82.2621594,17.0044312,0 82.2622907,17.0044033,0 82.2622976,17.004433,0 82.2623199,17.0044283,0 82.2623374,17.0045039,0 82.2621838,17.0045365,0</coordinates></LinearRing></outerBoundaryIs></Polygon>
</Placemark>
<Placemark><name>building</name><styleUrl>#building</styleUrl><description>building: yes</description>
<Polygon><outerBoundaryIs><LinearRing><coordinates>82.2622457,17.0047672,0 82.2622221,17.0046633,0 82.2623465,17.0046374,0 82.2623719,17.0047489,0 82.2623475,17.004746,0 82.2622457,17.0047672,0</coordinates></LinearRing></outerBoundaryIs></Polygon>
</Placemark>
<Placemark><name>building</name><styleUrl>#building</styleUrl><description>building: yes</description>
<Polygon><outerBoundaryIs><LinearRing><coordinates>82.2622079,17.0046136,0 82.2621942,17.0045534,0 82.262273,17.004537,0 82.2622866,17.0045972,0 82.2622079,17.0046136,0</coordinates></LinearRing></outerBoundaryIs></Polygon>
</Placemark>
<Placemark><name>building</name><styleUrl>#building</styleUrl><description>building: yes</description>
<Polygon><outerBoundaryIs><LinearRing><coordinates>82.262217,17.004889,0 82.2622056,17.0047764,0 82.262398,17.0047586,0 82.2624094,17.0048712,0 82.262217,17.004889,0</coordinates></LinearRing></outerBoundaryIs></Polygon>
</Placemark>
<Placemark><name>building</name><styleUrl>#building</styleUrl><description>building: yes</description>
<Polygon><outerBoundaryIs><LinearRing><coordinates>82.2623359,17.0050059,0 82.262326,17.0048962,0 82.2624282,17.0048878,0 82.262438,17.0049975,0 82.2623359,17.0050059,0</coordinates></LinearRing></outerBoundaryIs></Polygon>
</Placemark>
<Placemark><name>building</name><styleUrl>#building</styleUrl><description>building: yes</description>
<Polygon><outerBoundaryIs><LinearRing><coordinates>82.2622423,17.0050745,0 82.2622376,17.0050246,0 82.2624277,17.0050081,0 82.2624324,17.005058,0 82.2622423,17.0050745,0</coordinates></LinearRing></outerBoundaryIs></Polygon>
</Placemark>
<Placemark><name>building</name><styleUrl>#building</styleUrl><description>building: yes</description>
<Polygon><outerBoundaryIs><LinearRing><coordinates>82.2620567,17.0051147,0 82.262051,17.005041,0 82.2622133,17.0050297,0 82.2622189,17.0051034,0 82.2620567,17.0051147,0</coordinates></LinearRing></outerBoundaryIs></Polygon>
</Placemark>
<Placemark><name>building</name><styleUrl>#building</styleUrl><description>building: yes</description>
<Polygon><outerBoundaryIs><LinearRing><coordinates>82.2620678,17.0051871,0 82.2620624,17.0051191,0 82.2622299,17.0051071,0 82.2622352,17.0051752,0 82.2620678,17.0051871,0</coordinates></LinearRing></outerBoundaryIs></Polygon>
</Placemark>
<Placemark><name>building</name><styleUrl>#building</styleUrl><description>building: yes</description>
<Polygon><outerBoundaryIs><LinearRing><coordinates>82.2620802,17.0052669,0 82.2620723,17.0051938,0 82.2622459,17.0051767,0 82.2622538,17.0052497,0 82.2620802,17.0052669,0</coordinates></LinearRing></outerBoundaryIs></Polygon>
</Placemark>
<Placemark><name>building</name><styleUrl>#building</styleUrl><description>building: yes</description>
<Polygon><outerBoundaryIs><LinearRing><coordinates>82.2623182,17.0053391,0 82.2623115,17.005287,0 82.2622909,17.0052894,0 82.262288,17.0052665,0 82.2624199,17.005251,0 82.2624296,17.0053261,0 82.2623182,17.0053391,0</coordinates></LinearRing></outerBoundaryIs></Polygon>
</Placemark>
<Placemark><name>building</name><styleUrl>#building</styleUrl><description>building: yes</description>
<Polygon><outerBoundaryIs><LinearRing><coordinates>82.2622662,17.0052639,0 82.2622506,17.005158,0 82.2624056,17.0051372,0 82.2624212,17.0052431,0 82.2622662,17.0052639,0</coordinates></LinearRing></outerBoundaryIs></Polygon>
</Placemark>
<Placemark><name>building</name><styleUrl>#building</styleUrl><description>building: yes</description>
<Polygon><outerBoundaryIs><LinearRing><coordinates>82.2621141,17.0055995,0 82.2621008,17.0055054,0 82.2621188,17.0054755,0 82.2621938,17.0054702,0 82.2622067,17.0056387,0 82.2621453,17.005643,0 82.2621368,17.0056213,0 82.2621226,17.005614,0 82.2621141,17.0055995,0</coordinates></LinearRing></outerBoundaryIs></Polygon>
</Placemark>
<Placemark><name>building</name><styleUrl>#building</styleUrl><description>building: yes</description>
<Polygon><outerBoundaryIs><LinearRing><coordinates>82.2622141,17.0056507,0 82.2621997,17.0054792,0 82.2622899,17.0054723,0 82.2623043,17.0056438,0 82.2622141,17.0056507,0</coordinates></LinearRing></outerBoundaryIs></Polygon>
</Placemark>
<Placemark><name>building</name><styleUrl>#building</styleUrl><description>building: yes</description>
<Polygon><outerBoundaryIs><LinearRing><coordinates>82.2627707,17.0053378,0 82.2627606,17.0052572,0 82.2630291,17.0052262,0 82.2630393,17.0053069,0 82.2627707,17.0053378,0</coordinates></LinearRing></outerBoundaryIs></Polygon>
</Placemark>
<Placemark><name>building</name><styleUrl>#building</styleUrl><description>building: yes</description>
<Polygon><outerBoundaryIs><LinearRing><coordinates>82.2625699,17.0052139,0 82.2625638,17.0050955,0 82.2626944,17.0050894,0 82.2627005,17.0052078,0 82.2625699,17.0052139,0</coordinates></LinearRing></outerBoundaryIs></Polygon>
</Placemark>
<Placemark><name>building</name><styleUrl>#building</styleUrl><description>building: yes</description>
<Polygon><outerBoundaryIs><LinearRing><coordinates>82.2627597,17.0052349,0 82.2627548,17.0052,0 82.2627323,17.0052029,0 82.2627227,17.0051344,0 82.2627498,17.0051175,0 82.2628667,17.005113,0 82.2628797,17.0050972,0 82.2629838,17.0050837,0 82.2630007,17.0052038,0 82.2627597,17.0052349,0</coordinates></LinearRing></outerBoundaryIs></Polygon>
</Placemark>
<Placemark><name>building</name><styleUrl>#building</styleUrl><description>building: yes</description>
<Polygon><outerBoundaryIs><LinearRing><coordinates>82.2627354,17.0051135,0 82.2627333,17.005087,0 82.2627215,17.0050814,0 82.2627203,17.0050249,0 82.2627439,17.0050148,0 82.2627438,17.0049977,0 82.2628251,17.004997,0 82.2628254,17.0050238,0 82.2628325,17.0050396,0 82.2628478,17.005043,0 82.2628527,17.005105,0 82.2627354,17.0051135,0</coordinates></LinearRing></outerBoundaryIs></Polygon>
</Placemark>
<Placemark><name>building</name><styleUrl>#building</styleUrl><description>building: yes</description>
<Polygon><outerBoundaryIs><LinearRing><coordinates>82.2625107,17.0049917,0 82.2625022,17.0049346,0 82.2625119,17.0049287,0 82.2625072,17.0048971,0 82.2626295,17.0048805,0 82.2626433,17.0049737,0 82.2625107,17.0049917,0</coordinates></LinearRing></outerBoundaryIs></Polygon>
</Placemark>
<Placemark><name>building</name><styleUrl>#building</styleUrl><description>building: yes</description>
<Polygon><outerBoundaryIs><LinearRing><coordinates>82.2625114,17.004853,0 82.2624967,17.0047607,0 82.2626259,17.0047417,0 82.2626407,17.0048341,0 82.2625114,17.004853,0</coordinates></LinearRing></outerBoundaryIs></Polygon>
</Placemark>
<Placemark><name>building</name><styleUrl>#building</styleUrl><description>building: yes</description>
<Polygon><outerBoundaryIs><LinearRing><coordinates>82.2626514,17.0048407,0 82.2626376,17.0047483,0 82.2628451,17.00472,0 82.2628589,17.0048124,0 82.2626514,17.0048407,0</coordinates></LinearRing></outerBoundaryIs></Polygon>
</Placemark>
<Placemark><name>building</name><styleUrl>#building</styleUrl><description>building: yes</description>
<Polygon><outerBoundaryIs><LinearRing><coordinates>82.2626473,17.004742,0 82.2626363,17.0046868,0 82.2627345,17.0046689,0 82.2627455,17.0047241,0 82.2626473,17.004742,0</coordinates></LinearRing></outerBoundaryIs></Polygon>
</Placemark>
<Placemark><name>building</name><styleUrl>#building</styleUrl><description>building: yes</description>
<Polygon><outerBoundaryIs><LinearRing><coordinates>82.2624316,17.0045633,0 82.262421,17.0045186,0 82.2624399,17.0044813,0 82.2625626,17.0044547,0 82.2625807,17.004531,0 82.2624316,17.0045633,0</coordinates></LinearRing></outerBoundaryIs></Polygon>
</Placemark>
<Placemark><name>building</name><styleUrl>#building</styleUrl><description>building: yes</description>
<Polygon><outerBoundaryIs><LinearRing><coordinates>82.2598368,17.0022688,0 82.25982,17.0021687,0 82.2599204,17.0021533,0 82.2599372,17.0022534,0 82.2598368,17.0022688,0</coordinates></LinearRing></outerBoundaryIs></Polygon>
</Placemark>
<Placemark><name>building</name><styleUrl>#building</styleUrl><description>building: yes</description>
<Polygon><outerBoundaryIs><LinearRing><coordinates>82.2597257,17.0022672,0 82.2597087,17.0021579,0 82.2598045,17.0021443,0 82.2598215,17.0022535,0 82.2597257,17.0022672,0</coordinates></LinearRing></outerBoundaryIs></Polygon>
</Placemark>
<Placemark><name>building</name><styleUrl>#building</styleUrl><description>building: yes</description>
<Polygon><outerBoundaryIs><LinearRing><coordinates>82.2595991,17.0022963,0 82.2595788,17.0021757,0 82.2596813,17.0021599,0 82.2597016,17.0022806,0 82.2595991,17.0022963,0</coordinates></LinearRing></outerBoundaryIs></Polygon>
</Placemark>
<Placemark><name>building</name><styleUrl>#building</styleUrl><description>building: yes</description>
<Polygon><outerBoundaryIs><LinearRing><coordinates>82.2594994,17.0022958,0 82.2594862,17.0021896,0 82.2595731,17.0021797,0 82.2595863,17.0022859,0 82.2594994,17.0022958,0</coordinates></LinearRing></outerBoundaryIs></Polygon>
</Placemark>
<Placemark><name>building</name><styleUrl>#building</styleUrl><description>building: yes</description>
<Polygon><outerBoundaryIs><LinearRing><coordinates>82.2595253,17.0024938,0 82.259502,17.0023452,0 82.2596029,17.0023307,0 82.2596325,17.0023695,0 82.2596492,17.0024761,0 82.2595253,17.0024938,0</coordinates></LinearRing></outerBoundaryIs></Polygon>
</Placemark>
<Placemark><name>building</name><styleUrl>#building</styleUrl><description>building: yes</description>
<Polygon><outerBoundaryIs><LinearRing><coordinates>82.2593177,17.0023716,0 82.259297,17.0022387,0 82.2593867,17.0022259,0 82.2594074,17.0023588,0 82.2593177,17.0023716,0</coordinates></LinearRing></outerBoundaryIs></Polygon>
</Placemark>
<Placemark><name>building</name><styleUrl>#building</styleUrl><description>building: yes</description>
<Polygon><outerBoundaryIs><LinearRing><coordinates>82.2592181,17.0023853,0 82.2591929,17.0022297,0 82.2592844,17.0022162,0 82.2593095,17.0023718,0 82.2592181,17.0023853,0</coordinates></LinearRing></outerBoundaryIs></Polygon>
</Placemark>
<Placemark><name>building</name><styleUrl>#building</styleUrl><description>building: yes</description>
<Polygon><outerBoundaryIs><LinearRing><coordinates>82.2591247,17.0024028,0 82.2591027,17.0022644,0 82.2591342,17.0022368,0 82.2591849,17.0022295,0 82.2592105,17.0023904,0 82.2591247,17.0024028,0</coordinates></LinearRing></outerBoundaryIs></Polygon>
</Placemark>
<Placemark><name>building</name><styleUrl>#building</styleUrl><description>building: yes</description>
<Polygon><outerBoundaryIs><LinearRing><coordinates>82.2591909,17.0025601,0 82.2591655,17.0024036,0 82.2592746,17.0023874,0 82.2592999,17.0025439,0 82.2591909,17.0025601,0</coordinates></LinearRing></outerBoundaryIs></Polygon>
</Placemark>
<Placemark><name>building</name><styleUrl>#building</styleUrl><description>building: yes</description>
<Polygon><outerBoundaryIs><LinearRing><coordinates>82.2591169,17.0025596,0 82.259096,17.0024087,0 82.2591578,17.0024009,0 82.2591787,17.0025518,0 82.2591169,17.0025596,0</coordinates></LinearRing></outerBoundaryIs></Polygon>
</Placemark>
<Placemark><name>building</name><styleUrl>#building</styleUrl><description>building: yes</description>
<Polygon><outerBoundaryIs><LinearRing><coordinates>82.2590338,17.0025695,0 82.2590118,17.0024246,0 82.2590849,17.0024144,0 82.259107,17.0025593,0 82.2590338,17.0025695,0</coordinates></LinearRing></outerBoundaryIs></Polygon>
</Placemark>
<Placemark><name>building</name><styleUrl>#building</styleUrl><description>building: yes</description>
<Polygon><outerBoundaryIs><LinearRing><coordinates>82.258935,17.0025964,0 82.258908,17.0024451,0 82.259002,17.0024297,0 82.2590289,17.0025811,0 82.258935,17.0025964,0</coordinates></LinearRing></outerBoundaryIs></Polygon>
</Placemark>
<Placemark><name>building</name><styleUrl>#building</styleUrl><description>building: yes</description>
<Polygon><outerBoundaryIs><LinearRing><coordinates>82.2588608,17.0025987,0 82.2588372,17.0024605,0 82.2589036,17.0024502,0 82.2589273,17.0025883,0 82.2588608,17.0025987,0</coordinates></LinearRing></outerBoundaryIs></Polygon>
</Placemark>
<Placemark><name>building</name><styleUrl>#building</styleUrl><description>building: yes</description>
<Polygon><outerBoundaryIs><LinearRing><coordinates>82.25878,17.002611,0 82.2587682,17.0025372,0 82.2587604,17.0025297,0 82.25875,17.0024642,0 82.2588308,17.0024524,0 82.2588543,17.0026001,0 82.25878,17.002611,0</coordinates></LinearRing></outerBoundaryIs></Polygon>
</Placemark>
<Placemark><name>building</name><styleUrl>#building</styleUrl><description>building: yes</description>
<Polygon><outerBoundaryIs><LinearRing><coordinates>82.2587708,17.0026251,0 82.2587595,17.00255,0 82.2587304,17.002554,0 82.2587414,17.0026269,0 82.2587477,17.0026283,0 82.2587708,17.0026251,0</coordinates></LinearRing></outerBoundaryIs></Polygon>
</Placemark>
<Placemark><name>building</name><styleUrl>#building</styleUrl><description>building: yes</description>
<Polygon><outerBoundaryIs><LinearRing><coordinates>82.258711,17.0026229,0 82.2586931,17.0026068,0 82.2586861,17.0025636,0 82.2587227,17.0025582,0 82.2587336,17.0026259,0 82.258711,17.0026229,0</coordinates></LinearRing></outerBoundaryIs></Polygon>
</Placemark>
<Placemark><name>building</name><styleUrl>#building</styleUrl><description>building: yes</description>
<Polygon><outerBoundaryIs><LinearRing><coordinates>82.2586411,17.0025695,0 82.2586376,17.0025529,0 82.2586267,17.0025549,0 82.2586161,17.0025042,0 82.2587272,17.002483,0 82.2587413,17.0025504,0 82.2586411,17.0025695,0</coordinates></LinearRing></outerBoundaryIs></Polygon>
</Placemark>
<Placemark><name>building</name><styleUrl>#building</styleUrl><description>building: yes</description>
<Polygon><outerBoundaryIs><LinearRing><coordinates>82.2578561,17.0022753,0 82.2578044,17.0021572,0 82.2579363,17.0021044,0 82.2579642,17.0021681,0 82.257988,17.0022225,0 82.2578561,17.0022753,0</coordinates></LinearRing></outerBoundaryIs></Polygon>
</Placemark>
<Placemark><name>building</name><styleUrl>#building</styleUrl><description>building: yes</description>
<Polygon><outerBoundaryIs><LinearRing><coordinates>82.2580765,17.0029864,0 82.2580619,17.0029229,0 82.2582232,17.0028889,0 82.2582379,17.0029523,0 82.2580765,17.0029864,0</coordinates></LinearRing></outerBoundaryIs></Polygon>
</Placemark>
<Placemark><name>building</name><styleUrl>#building</styleUrl><description>building: yes</description>
<Polygon><outerBoundaryIs><LinearRing><coordinates>82.2627796,17.0033584,0 82.2627261,17.0031628,0 82.2628553,17.0031305,0 82.2629088,17.0033261,0 82.2627796,17.0033584,0</coordinates></LinearRing></outerBoundaryIs></Polygon>
</Placemark>
<Placemark><name>building</name><styleUrl>#building</styleUrl><description>building: yes</description>
<Polygon><outerBoundaryIs><LinearRing><coordinates>82.2635206,17.0034594,0 82.2634851,17.0033169,0 82.2636538,17.0032785,0 82.2636893,17.003421,0 82.2635206,17.0034594,0</coordinates></LinearRing></outerBoundaryIs></Polygon>
</Placemark>
<Placemark><name>building</name><styleUrl>#building</styleUrl><description>building: yes</description>
<Polygon><outerBoundaryIs><LinearRing><coordinates>82.263489,17.0039871,0 82.2634696,17.003907,0 82.2636449,17.0038682,0 82.2636643,17.0039483,0 82.263489,17.0039871,0</coordinates></LinearRing></outerBoundaryIs></Polygon>
</Placemark>
<Placemark><name>building</name><styleUrl>#building</styleUrl><description>building: yes</description>
<Polygon><outerBoundaryIs><LinearRing><coordinates>82.2634731,17.003901,0 82.2634565,17.0038314,0 82.2636307,17.0037936,0 82.2636473,17.0038631,0 82.2634731,17.003901,0</coordinates></LinearRing></outerBoundaryIs></Polygon>
</Placemark>
<Placemark><name>building</name><styleUrl>#building</styleUrl><description>building: yes</description>
<Polygon><outerBoundaryIs><LinearRing><coordinates>82.2634516,17.003827,0 82.2634317,17.0037478,0 82.2636103,17.0037067,0 82.2636302,17.0037859,0 82.2634516,17.003827,0</coordinates></LinearRing></outerBoundaryIs></Polygon>
</Placemark>
<Placemark><name>building</name><styleUrl>#building</styleUrl><description>building: yes</description>
<Polygon><outerBoundaryIs><LinearRing><coordinates>82.2635088,17.0041016,0 82.2634855,17.0040131,0 82.2636584,17.0039714,0 82.2636817,17.00406,0 82.2635088,17.0041016,0</coordinates></LinearRing></outerBoundaryIs></Polygon>
</Placemark>
<Placemark><name>building</name><styleUrl>#building</styleUrl><description>building: yes</description>
<Polygon><outerBoundaryIs><LinearRing><coordinates>82.2635436,17.0042269,0 82.2635154,17.004131,0 82.2636818,17.0040862,0 82.26371,17.0041822,0 82.2635436,17.0042269,0</coordinates></LinearRing></outerBoundaryIs></Polygon>
</Placemark>
<Placemark><name>building</name><styleUrl>#building</styleUrl><description>building: yes</description>
<Polygon><outerBoundaryIs><LinearRing><coordinates>82.2638722,17.0037113,0 82.2638573,17.0036559,0 82.2640258,17.0036145,0 82.2640407,17.00367,0 82.2638722,17.0037113,0</coordinates></LinearRing></outerBoundaryIs></Polygon>
</Placemark>
<Placemark><name>building</name><styleUrl>#building</styleUrl><description>building: yes</description>
<Polygon><outerBoundaryIs><LinearRing><coordinates>82.2638906,17.0037713,0 82.2638759,17.003716,0 82.264045,17.0036749,0 82.2640597,17.0037302,0 82.2638906,17.0037713,0</coordinates></LinearRing></outerBoundaryIs></Polygon>
</Placemark>
<Placemark><name>building</name><styleUrl>#building</styleUrl><description>building: yes</description>
<Polygon><outerBoundaryIs><LinearRing><coordinates>82.2640717,17.0037947,0 82.2640557,17.0037329,0 82.2642329,17.0036909,0 82.264249,17.0037527,0 82.2640717,17.0037947,0</coordinates></LinearRing></outerBoundaryIs></Polygon>
</Placemark>
<Placemark><name>building</name><styleUrl>#building</styleUrl><description>building: yes</description>
<Polygon><outerBoundaryIs><LinearRing><coordinates>82.2640861,17.0038536,0 82.2640719,17.0037986,0 82.2642374,17.0037596,0 82.2642516,17.0038146,0 82.2640861,17.0038536,0</coordinates></LinearRing></outerBoundaryIs></Polygon>
</Placemark>
<Placemark><name>building</name><styleUrl>#building</styleUrl><description>building: yes</description>
<Polygon><outerBoundaryIs><LinearRing><coordinates>82.2640993,17.003916,0 82.2640845,17.0038554,0 82.2642533,17.0038178,0 82.2642681,17.0038784,0 82.2640993,17.003916,0</coordinates></LinearRing></outerBoundaryIs></Polygon>
</Placemark>
<Placemark><name>building</name><styleUrl>#building</styleUrl><description>building: yes</description>
<Polygon><outerBoundaryIs><LinearRing><coordinates>82.2641135,17.0039767,0 82.2640999,17.0039203,0 82.2642686,17.0038832,0 82.2642822,17.0039397,0 82.2641135,17.0039767,0</coordinates></LinearRing></outerBoundaryIs></Polygon>
</Placemark>
<Placemark><name>building</name><styleUrl>#building</styleUrl><description>building: yes</description>
<Polygon><outerBoundaryIs><LinearRing><coordinates>82.2641467,17.0040968,0 82.2641367,17.0040589,0 82.2642728,17.0040261,0 82.2642827,17.004064,0 82.2641467,17.0040968,0</coordinates></LinearRing></outerBoundaryIs></Polygon>
</Placemark>
<Placemark><name>building</name><styleUrl>#building</styleUrl><description>building: yes</description>
<Polygon><outerBoundaryIs><LinearRing><coordinates>82.2645402,17.003878,0 82.2645094,17.0037594,0 82.2646861,17.0037174,0 82.2647169,17.003836,0 82.2645402,17.003878,0</coordinates></LinearRing></outerBoundaryIs></Polygon>
</Placemark>
<Placemark><name>building</name><styleUrl>#building</styleUrl><description>building: yes</description>
<Polygon><outerBoundaryIs><LinearRing><coordinates>82.264307,17.0036606,0 82.2642804,17.0035603,0 82.2644626,17.0035161,0 82.2644892,17.0036165,0 82.264307,17.0036606,0</coordinates></LinearRing></outerBoundaryIs></Polygon>
</Placemark>
<Placemark><name>building</name><styleUrl>#building</styleUrl><description>building: yes</description>
<Polygon><outerBoundaryIs><LinearRing><coordinates>82.2645101,17.0036718,0 82.2645012,17.0036337,0 82.2645655,17.00362,0 82.2645744,17.0036581,0 82.2645101,17.0036718,0</coordinates></LinearRing></outerBoundaryIs></Polygon>
</Placemark>
<Placemark><name>building</name><styleUrl>#building</styleUrl><description>building: yes</description>
<Polygon><outerBoundaryIs><LinearRing><coordinates>82.2642415,17.0033743,0 82.2642258,17.0033117,0 82.2643988,17.003272,0 82.2644145,17.0033346,0 82.2642415,17.0033743,0</coordinates></LinearRing></outerBoundaryIs></Polygon>
</Placemark>
<Placemark><name>building</name><styleUrl>#building</styleUrl><description>building: yes</description>
<Polygon><outerBoundaryIs><LinearRing><coordinates>82.2639948,17.0034934,0 82.2639616,17.0033691,0 82.2641697,17.0033182,0 82.264203,17.0034425,0 82.2639948,17.0034934,0</coordinates></LinearRing></outerBoundaryIs></Polygon>
</Placemark>
<Placemark><name>building</name><styleUrl>#building</styleUrl><description>building: yes</description>
<Polygon><outerBoundaryIs><LinearRing><coordinates>82.2650319,17.0040244,0 82.2650062,17.0039129,0 82.2651584,17.0038808,0 82.2651841,17.0039924,0 82.2650319,17.0040244,0</coordinates></LinearRing></outerBoundaryIs></Polygon>
</Placemark>
<Placemark><name>building</name><styleUrl>#building</styleUrl><description>building: yes</description>
<Polygon><outerBoundaryIs><LinearRing><coordinates>82.2650607,17.0040981,0 82.2650438,17.004027,0 82.2652167,17.0039893,0 82.2652337,17.0040605,0 82.2650607,17.0040981,0</coordinates></LinearRing></outerBoundaryIs></Polygon>
</Placemark>
<Placemark><name>building</name><styleUrl>#building</styleUrl><description>building: yes</description>
<Polygon><outerBoundaryIs><LinearRing><coordinates>82.2648545,17.0040153,0 82.2648463,17.0039831,0 82.2648583,17.0039803,0 82.2648527,17.0039586,0 82.2649925,17.0039258,0 82.2650063,17.0039798,0 82.2648545,17.0040153,0</coordinates></LinearRing></outerBoundaryIs></Polygon>
</Placemark>
<Placemark><name>building</name><styleUrl>#building</styleUrl><description>building: yes</description>
<Polygon><outerBoundaryIs><LinearRing><coordinates>82.2649131,17.0041235,0 82.2649072,17.0041004,0 82.2648773,17.0041074,0 82.2648544,17.0040179,0 82.26494,17.0039979,0 82.2649688,17.0041105,0 82.2649131,17.0041235,0</coordinates></LinearRing></outerBoundaryIs></Polygon>
</Placemark>
<Placemark><name>building</name><styleUrl>#building</styleUrl><description>building: yes</description>
<Polygon><outerBoundaryIs><LinearRing><coordinates>82.2649923,17.0041042,0 82.264988,17.0040863,0 82.2649683,17.0040906,0 82.2649461,17.0039974,0 82.2650159,17.0039822,0 82.2650424,17.0040933,0 82.2649923,17.0041042,0</coordinates></LinearRing></outerBoundaryIs></Polygon>
</Placemark>
<Placemark><name>building</name><styleUrl>#building</styleUrl><description>building: yes</description>
<Polygon><outerBoundaryIs><LinearRing><coordinates>82.2654776,17.0040202,0 82.2654471,17.0038891,0 82.265533,17.0038709,0 82.2655634,17.0040019,0 82.2654776,17.0040202,0</coordinates></LinearRing></outerBoundaryIs></Polygon>
</Placemark>
<Placemark><name>building</name><styleUrl>#building</styleUrl><description>building: yes</description>
<Polygon><outerBoundaryIs><LinearRing><coordinates>82.2655691,17.0039995,0 82.2655387,17.0038708,0 82.2656246,17.0038522,0 82.2656551,17.0039809,0 82.2655691,17.0039995,0</coordinates></LinearRing></outerBoundaryIs></Polygon>
</Placemark>
<Placemark><name>building</name><styleUrl>#building</styleUrl><description>building: yes</description>
<Polygon><outerBoundaryIs><LinearRing><coordinates>82.2659936,17.0041484,0 82.265968,17.0040508,0 82.266009,17.004041,0 82.2660347,17.0041386,0 82.2659936,17.0041484,0</coordinates></LinearRing></outerBoundaryIs></Polygon>
</Placemark>
<Placemark><name>building</name><styleUrl>#building</styleUrl><description>building: yes</description>
<Polygon><outerBoundaryIs><LinearRing><coordinates>82.2660377,17.0041358,0 82.266011,17.0040358,0 82.2660692,17.0040216,0 82.2660959,17.0041216,0 82.2660377,17.0041358,0</coordinates></LinearRing></outerBoundaryIs></Polygon>
</Placemark>
<Placemark><name>building</name><styleUrl>#building</styleUrl><description>building: yes</description>
<Polygon><outerBoundaryIs><LinearRing><coordinates>82.2651324,17.0032025,0 82.2650979,17.0030795,0 82.2652628,17.0030373,0 82.2652972,17.0031603,0 82.2651324,17.0032025,0</coordinates></LinearRing></outerBoundaryIs></Polygon>
</Placemark>
<Placemark><name>building</name><styleUrl>#building</styleUrl><description>building: yes</description>
<Polygon><outerBoundaryIs><LinearRing><coordinates>82.2644493,17.0024596,0 82.26441,17.0023074,0 82.2644928,17.0022878,0 82.2645189,17.0023885,0 82.2645552,17.0023799,0 82.2645686,17.0024314,0 82.2644493,17.0024596,0</coordinates></LinearRing></outerBoundaryIs></Polygon>
</Placemark>
<Placemark><name>building</name><styleUrl>#building</styleUrl><description>building: yes</description>
<Polygon><outerBoundaryIs><LinearRing><coordinates>82.2644162,17.0023012,0 82.2644044,17.002255,0 82.2644919,17.0022345,0 82.2645037,17.0022808,0 82.2644162,17.0023012,0</coordinates></LinearRing></outerBoundaryIs></Polygon>
</Placemark>
<Placemark><name>building</name><styleUrl>#building</styleUrl><description>building: yes</description>
<Polygon><outerBoundaryIs><LinearRing><coordinates>82.2633006,17.0025583,0 82.2632678,17.0024593,0 82.2634233,17.0024121,0 82.2634561,17.0025111,0 82.2633006,17.0025583,0</coordinates></LinearRing></outerBoundaryIs></Polygon>
</Placemark>
<Placemark><name>building</name><styleUrl>#building</styleUrl><description>building: yes</description>
<Polygon><outerBoundaryIs><LinearRing><coordinates>82.263547,17.0031847,0 82.2635242,17.003075,0 82.2636123,17.0030582,0 82.2636352,17.0031679,0 82.263547,17.0031847,0</coordinates></LinearRing></outerBoundaryIs></Polygon>
</Placemark>
<Placemark><name>building</name><styleUrl>#building</styleUrl><description>building: yes</description>
<Polygon><outerBoundaryIs><LinearRing><coordinates>82.262847,17.0036277,0 82.2628034,17.0034639,0 82.2630491,17.0034041,0 82.2630882,17.0035508,0 82.2630627,17.0035752,0 82.262847,17.0036277,0</coordinates></LinearRing></outerBoundaryIs></Polygon>
</Placemark>
<Placemark><name>building</name><styleUrl>#building</styleUrl><description>building: yes</description>
<Polygon><outerBoundaryIs><LinearRing><coordinates>82.2628834,17.0037432,0 82.2628538,17.0036338,0 82.2630676,17.0035811,0 82.2630971,17.0036905,0 82.2628834,17.0037432,0</coordinates></LinearRing></outerBoundaryIs></Polygon>
</Placemark>
<Placemark><name>building</name><styleUrl>#building</styleUrl><description>building: yes</description>
<Polygon><outerBoundaryIs><LinearRing><coordinates>82.263137,17.0036698,0 82.263115,17.0035827,0 82.2632491,17.0035517,0 82.2632711,17.0036389,0 82.263137,17.0036698,0</coordinates></LinearRing></outerBoundaryIs></Polygon>
</Placemark>
<Placemark><name>building</name><styleUrl>#building</styleUrl><description>building: yes</description>
<Polygon><outerBoundaryIs><LinearRing><coordinates>82.2630892,17.0035395,0 82.2630569,17.0034085,0 82.2631739,17.0033821,0 82.2632062,17.0035131,0 82.2630892,17.0035395,0</coordinates></LinearRing></outerBoundaryIs></Polygon>
</Placemark>
<Placemark><name>building</name><styleUrl>#building</styleUrl><description>building: yes</description>
<Polygon><outerBoundaryIs><LinearRing><coordinates>82.2632626,17.0040475,0 82.2632377,17.0039368,0 82.2630188,17.0039819,0 82.2630438,17.0040926,0 82.2632626,17.0040475,0</coordinates></LinearRing></outerBoundaryIs></Polygon>
</Placemark>
<Placemark><name>building</name><styleUrl>#building</styleUrl><description>building: yes</description>
<Polygon><outerBoundaryIs><LinearRing><coordinates>82.2629747,17.0042824,0 82.2629622,17.0042287,0 82.2631107,17.004197,0 82.2631232,17.0042508,0 82.2629747,17.0042824,0</coordinates></LinearRing></outerBoundaryIs></Polygon>
</Placemark>
<Placemark><name>building</name><styleUrl>#building</styleUrl><description>building: yes</description>
<Polygon><outerBoundaryIs><LinearRing><coordinates>82.2638823,17.0031168,0 82.2638533,17.0030078,0 82.2639373,17.0029874,0 82.2639664,17.0030963,0 82.2638823,17.0031168,0</coordinates></LinearRing></outerBoundaryIs></Polygon>
</Placemark>
<Placemark><name>building</name><styleUrl>#building</styleUrl><description>building: yes</description>
<Polygon><outerBoundaryIs><LinearRing><coordinates>82.263971,17.0030961,0 82.2639409,17.0029918,0 82.264059,17.0029606,0 82.2640892,17.003065,0 82.263971,17.0030961,0</coordinates></LinearRing></outerBoundaryIs></Polygon>
</Placemark>
<Placemark><name>building</name><styleUrl>#building</styleUrl><description>building: yes</description>
<Polygon><outerBoundaryIs><LinearRing><coordinates>82.2638764,17.0029939,0 82.2638626,17.0029313,0 82.2640318,17.0028972,0 82.2640456,17.0029598,0 82.2638764,17.0029939,0</coordinates></LinearRing></outerBoundaryIs></Polygon>
</Placemark>
<Placemark><name>building</name><styleUrl>#building</styleUrl><description>building: yes</description>
<Polygon><outerBoundaryIs><LinearRing><coordinates>82.2638603,17.0029307,0 82.2638479,17.0028825,0 82.2640122,17.0028434,0 82.264025,17.0028926,0 82.2638603,17.0029307,0</coordinates></LinearRing></outerBoundaryIs></Polygon>
</Placemark>
<Placemark><name>building</name><styleUrl>#building</styleUrl><description>building: yes</description>
<Polygon><outerBoundaryIs><LinearRing><coordinates>82.2638549,17.0028762,0 82.2638402,17.0028075,0 82.2640014,17.0027703,0 82.2640155,17.0028364,0 82.2638549,17.0028762,0</coordinates></LinearRing></outerBoundaryIs></Polygon>
</Placemark>
<Placemark><name>building</name><styleUrl>#building</styleUrl><description>building: yes</description>
<Polygon><outerBoundaryIs><LinearRing><coordinates>82.2638388,17.0028861,0 82.2638101,17.0027801,0 82.2636417,17.0028219,0 82.2636705,17.0029278,0 82.2638388,17.0028861,0</coordinates></LinearRing></outerBoundaryIs></Polygon>
</Placemark>
<Placemark><name>building</name><styleUrl>#building</styleUrl><description>building: yes</description>
<Polygon><outerBoundaryIs><LinearRing><coordinates>82.2638405,17.0028047,0 82.2638245,17.0027372,0 82.2639852,17.0027025,0 82.2640011,17.00277,0 82.2638405,17.0028047,0</coordinates></LinearRing></outerBoundaryIs></Polygon>
</Placemark>
<Placemark><name>building</name><styleUrl>#building</styleUrl><description>building: yes</description>
<Polygon><outerBoundaryIs><LinearRing><coordinates>82.2638218,17.0027363,0 82.2638042,17.0026667,0 82.2639699,17.0026283,0 82.2639875,17.002698,0 82.2638218,17.0027363,0</coordinates></LinearRing></outerBoundaryIs></Polygon>
</Placemark>
<Placemark><name>building</name><styleUrl>#building</styleUrl><description>building: yes</description>
<Polygon><outerBoundaryIs><LinearRing><coordinates>82.2636473,17.0028016,0 82.2636251,17.002699,0 82.2637889,17.0026666,0 82.2638111,17.0027692,0 82.2636473,17.0028016,0</coordinates></LinearRing></outerBoundaryIs></Polygon>
</Placemark>
<Placemark><name>building</name><styleUrl>#building</styleUrl><description>building: yes</description>
<Polygon><outerBoundaryIs><LinearRing><coordinates>82.2641682,17.0030413,0 82.2641428,17.0029281,0 82.2642206,17.0029121,0 82.2642461,17.0030253,0 82.2641682,17.0030413,0</coordinates></LinearRing></outerBoundaryIs></Polygon>
</Placemark>
<Placemark><name>building</name><styleUrl>#building</styleUrl><description>building: yes</description>
<Polygon><outerBoundaryIs><LinearRing><coordinates>82.264253,17.0030227,0 82.264225,17.0029092,0 82.2643159,17.0028887,0 82.2643439,17.0030023,0 82.264253,17.0030227,0</coordinates></LinearRing></outerBoundaryIs></Polygon>
</Placemark>
<Placemark><name>building</name><styleUrl>#building</styleUrl><description>building: yes</description>
<Polygon><outerBoundaryIs><LinearRing><coordinates>82.2641181,17.0028067,0 82.2640912,17.0027096,0 82.2642376,17.0026725,0 82.2642645,17.0027697,0 82.2641181,17.0028067,0</coordinates></LinearRing></outerBoundaryIs></Polygon>
</Placemark>
<Placemark><name>building</name><styleUrl>#building</styleUrl><description>building: yes</description>
<Polygon><outerBoundaryIs><LinearRing><coordinates>82.264287,17.0027794,0 82.2642745,17.0027285,0 82.2643792,17.0027048,0 82.2643918,17.0027558,0 82.264287,17.0027794,0</coordinates></LinearRing></outerBoundaryIs></Polygon>
</Placemark>
<Placemark><name>building</name><styleUrl>#building</styleUrl><description>building: yes</description>
<Polygon><outerBoundaryIs><LinearRing><coordinates>82.2642627,17.0027284,0 82.2642487,17.0026698,0 82.264403,17.0026361,0 82.264417,17.0026948,0 82.2642627,17.0027284,0</coordinates></LinearRing></outerBoundaryIs></Polygon>
</Placemark>
<Placemark><name>building</name><styleUrl>#building</styleUrl><description>building: yes</description>
<Polygon><outerBoundaryIs><LinearRing><coordinates>82.2642346,17.0026312,0 82.26422,17.0025761,0 82.2643965,17.0025332,0 82.2644112,17.0025883,0 82.2642346,17.0026312,0</coordinates></LinearRing></outerBoundaryIs></Polygon>
</Placemark>
<Placemark><name>building</name><styleUrl>#building</styleUrl><description>building: yes</description>
<Polygon><outerBoundaryIs><LinearRing><coordinates>82.2642158,17.0025725,0 82.2642027,17.0025224,0 82.2643929,17.0024771,0 82.2644059,17.0025273,0 82.2642158,17.0025725,0</coordinates></LinearRing></outerBoundaryIs></Polygon>
</Placemark>
<Placemark><name>building</name><styleUrl>#building</styleUrl><description>building: yes</description>
<Polygon><outerBoundaryIs><LinearRing><coordinates>82.2642027,17.0025198,0 82.2641874,17.0024602,0 82.2643885,17.0024131,0 82.2644038,17.0024728,0 82.2642027,17.0025198,0</coordinates></LinearRing></outerBoundaryIs></Polygon>
</Placemark>
<Placemark><name>building</name><styleUrl>#building</styleUrl><description>building: yes</description>
<Polygon><outerBoundaryIs><LinearRing><coordinates>82.264045,17.0024791,0 82.2640278,17.0024029,0 82.2641665,17.0023738,0 82.2641838,17.0024504,0 82.264045,17.0024791,0</coordinates></LinearRing></outerBoundaryIs></Polygon>
</Placemark>
<Placemark><name>building</name><styleUrl>#building</styleUrl><description>building: yes</description>
<Polygon><outerBoundaryIs><LinearRing><coordinates>82.2639891,17.0024112,0 82.2639711,17.0023397,0 82.2641778,17.002292,0 82.2641958,17.0023635,0 82.2639891,17.0024112,0</coordinates></LinearRing></outerBoundaryIs></Polygon>
</Placemark>
<Placemark><name>building</name><styleUrl>#building</styleUrl><description>building: yes</description>
<Polygon><outerBoundaryIs><LinearRing><coordinates>82.2639988,17.002329,0 82.2639839,17.0022676,0 82.2641562,17.0022295,0 82.264171,17.0022909,0 82.2639988,17.002329,0</coordinates></LinearRing></outerBoundaryIs></Polygon>
</Placemark>
<Placemark><name>building</name><styleUrl>#building</styleUrl><description>building: yes</description>
<Polygon><outerBoundaryIs><LinearRing><coordinates>82.2642209,17.0022166,0 82.2642044,17.0021476,0 82.2643216,17.002122,0 82.2643381,17.002191,0 82.2642209,17.0022166,0</coordinates></LinearRing></outerBoundaryIs></Polygon>
</Placemark>
<Placemark><name>building</name><styleUrl>#building</styleUrl><description>building: yes</description>
<Polygon><outerBoundaryIs><LinearRing><coordinates>82.264159,17.0022293,0 82.2641304,17.002105,0 82.2641874,17.0020931,0 82.264216,17.0022173,0 82.264159,17.0022293,0</coordinates></LinearRing></outerBoundaryIs></Polygon>
</Placemark>
<Placemark><name>building</name><styleUrl>#building</styleUrl><description>building: yes</description>
<Polygon><outerBoundaryIs><LinearRing><coordinates>82.2640519,17.0022419,0 82.2640266,17.0021396,0 82.2640848,17.0021265,0 82.2641101,17.0022288,0 82.2640519,17.0022419,0</coordinates></LinearRing></outerBoundaryIs></Polygon>
</Placemark>
<Placemark><name>building</name><styleUrl>#building</styleUrl><description>building: yes</description>
<Polygon><outerBoundaryIs><LinearRing><coordinates>82.2639553,17.0022729,0 82.2639272,17.0021742,0 82.2640216,17.0021496,0 82.2640497,17.0022483,0 82.2639553,17.0022729,0</coordinates></LinearRing></outerBoundaryIs></Polygon>
</Placemark>
<Placemark><name>building</name><styleUrl>#building</styleUrl><description>building: yes</description>
<Polygon><outerBoundaryIs><LinearRing><coordinates>82.2645042,17.0026263,0 82.2644873,17.0025487,0 82.2646234,17.0025216,0 82.2646403,17.0025992,0 82.2645042,17.0026263,0</coordinates></LinearRing></outerBoundaryIs></Polygon>
</Placemark>
<Placemark><name>building</name><styleUrl>#building</styleUrl><description>building: yes</description>
<Polygon><outerBoundaryIs><LinearRing><coordinates>82.2636237,17.002588,0 82.2636032,17.0024932,0 82.2637618,17.0024618,0 82.2637823,17.0025566,0 82.2636237,17.002588,0</coordinates></LinearRing></outerBoundaryIs></Polygon>
</Placemark>
<Placemark><name>building</name><styleUrl>#building</styleUrl><description>building: yes</description>
<Polygon><outerBoundaryIs><LinearRing><coordinates>82.2635623,17.002501,0 82.2635299,17.0023793,0 82.2637204,17.0023329,0 82.2637528,17.0024546,0 82.2635623,17.002501,0</coordinates></LinearRing></outerBoundaryIs></Polygon>
</Placemark>
<Placemark><name>building</name><styleUrl>#building</styleUrl><description>building: yes</description>
<Polygon><outerBoundaryIs><LinearRing><coordinates>82.2635311,17.0023721,0 82.2634951,17.0022482,0 82.2635842,17.0022246,0 82.2636202,17.0023486,0 82.2635311,17.0023721,0</coordinates></LinearRing></outerBoundaryIs></Polygon>
</Placemark>
<Placemark><name>building</name><styleUrl>#building</styleUrl><description>building: yes</description>
<Polygon><outerBoundaryIs><LinearRing><coordinates>82.2636271,17.002348,0 82.2635944,17.0022211,0 82.2637041,17.0021953,0 82.2637367,17.0023222,0 82.2636271,17.002348,0</coordinates></LinearRing></outerBoundaryIs></Polygon>
</Placemark>
<Placemark><name>building</name><styleUrl>#building</styleUrl><description>building: yes</description>
<Polygon><outerBoundaryIs><LinearRing><coordinates>82.2633485,17.00276,0 82.2633247,17.0026666,0 82.2633937,17.0026505,0 82.2634175,17.0027439,0 82.2633485,17.00276,0</coordinates></LinearRing></outerBoundaryIs></Polygon>
</Placemark>
<Placemark><name>building</name><styleUrl>#building</styleUrl><description>building: yes</description>
<Polygon><outerBoundaryIs><LinearRing><coordinates>82.2634212,17.0027403,0 82.263397,17.0026478,0 82.2634668,17.002631,0 82.2634911,17.0027236,0 82.2634212,17.0027403,0</coordinates></LinearRing></outerBoundaryIs></Polygon>
</Placemark>
<Placemark><name>building</name><styleUrl>#building</styleUrl><description>building: yes</description>
<Polygon><outerBoundaryIs><LinearRing><coordinates>82.263382,17.0028827,0 82.2633517,17.002777,0 82.2634362,17.0027549,0 82.2634665,17.0028606,0 82.263382,17.0028827,0</coordinates></LinearRing></outerBoundaryIs></Polygon>
</Placemark>
<Placemark><name>building</name><styleUrl>#building</styleUrl><description>building: yes</description>
<Polygon><outerBoundaryIs><LinearRing><coordinates>82.2634661,17.0028543,0 82.263438,17.0027548,0 82.2635067,17.0027388,0 82.2635324,17.0028391,0 82.2634661,17.0028543,0</coordinates></LinearRing></outerBoundaryIs></Polygon>
</Placemark>
<Placemark><name>building</name><styleUrl>#building</styleUrl><description>building: yes</description>
<Polygon><outerBoundaryIs><LinearRing><coordinates>82.2634302,17.0029755,0 82.2634049,17.002881,0 82.2635118,17.0028548,0 82.2635372,17.0029493,0 82.2634302,17.0029755,0</coordinates></LinearRing></outerBoundaryIs></Polygon>
</Placemark>
<Placemark><name>building</name><styleUrl>#building</styleUrl><description>building: yes</description>
<Polygon><outerBoundaryIs><LinearRing><coordinates>82.2634577,17.0030816,0 82.2634286,17.0029784,0 82.2634963,17.002961,0 82.2635255,17.0030641,0 82.2634577,17.0030816,0</coordinates></LinearRing></outerBoundaryIs></Polygon>
</Placemark>
<Placemark><name>building</name><styleUrl>#building</styleUrl><description>building: yes</description>
<Polygon><outerBoundaryIs><LinearRing><coordinates>82.2647449,17.0024499,0 82.2647263,17.0023653,0 82.2648036,17.0023497,0 82.2648222,17.0024343,0 82.2647449,17.0024499,0</coordinates></LinearRing></outerBoundaryIs></Polygon>
</Placemark>
<Placemark><name>building</name><styleUrl>#building</styleUrl><description>building: yes</description>
<Polygon><outerBoundaryIs><LinearRing><coordinates>82.2646585,17.0023365,0 82.2646482,17.0022931,0 82.2647896,17.0022625,0 82.2647999,17.0023059,0 82.2646585,17.0023365,0</coordinates></LinearRing></outerBoundaryIs></Polygon>
</Placemark>
<Placemark><name>building</name><styleUrl>#building</styleUrl><description>building: yes</description>
<Polygon><outerBoundaryIs><LinearRing><coordinates>82.2645672,17.0022261,0 82.2645312,17.0021745,0 82.2645887,17.0021378,0 82.2646247,17.0021894,0 82.2645672,17.0022261,0</coordinates></LinearRing></outerBoundaryIs></Polygon>
</Placemark>
<Placemark><name>building</name><styleUrl>#building</styleUrl><description>building: yes</description>
<Polygon><outerBoundaryIs><LinearRing><coordinates>82.2646075,17.0021077,0 82.2645865,17.0020103,0 82.2646694,17.0019939,0 82.2646904,17.0020913,0 82.2646075,17.0021077,0</coordinates></LinearRing></outerBoundaryIs></Polygon>
</Placemark>
<Placemark><name>building</name><styleUrl>#building</styleUrl><description>building: yes</description>
<Polygon><outerBoundaryIs><LinearRing><coordinates>82.2645056,17.0021281,0 82.2644827,17.0020326,0 82.2645589,17.0020158,0 82.2645818,17.0021114,0 82.2645056,17.0021281,0</coordinates></LinearRing></outerBoundaryIs></Polygon>
</Placemark>
<Placemark><name>building</name><styleUrl>#building</styleUrl><description>building: yes</description>
<Polygon><outerBoundaryIs><LinearRing><coordinates>82.2644237,17.0021257,0 82.2644063,17.0020464,0 82.2644739,17.0020328,0 82.2644913,17.0021121,0 82.2644237,17.0021257,0</coordinates></LinearRing></outerBoundaryIs></Polygon>
</Placemark>
<Placemark><name>building</name><styleUrl>#building</styleUrl><description>building: yes</description>
<Polygon><outerBoundaryIs><LinearRing><coordinates>82.2645046,17.0019647,0 82.2644929,17.0018862,0 82.2643421,17.0019067,0 82.2643537,17.0019852,0 82.2645046,17.0019647,0</coordinates></LinearRing></outerBoundaryIs></Polygon>
</Placemark>
<Placemark><name>building</name><styleUrl>#building</styleUrl><description>building: yes</description>
<Polygon><outerBoundaryIs><LinearRing><coordinates>82.2620363,17.001321,0 82.2620098,17.0012329,0 82.2621,17.0012082,0 82.2621265,17.0012962,0 82.2620363,17.001321,0</coordinates></LinearRing></outerBoundaryIs></Polygon>
</Placemark>
<Placemark><name>building</name><styleUrl>#building</styleUrl><description>building: yes</description>
<Polygon><outerBoundaryIs><LinearRing><coordinates>82.2621087,17.0011528,0 82.2620749,17.0010135,0 82.2621615,17.0009943,0 82.2621953,17.0011336,0 82.2621087,17.0011528,0</coordinates></LinearRing></outerBoundaryIs></Polygon>
</Placemark>
<Placemark><name>building</name><styleUrl>#building</styleUrl><description>building: yes</description>
<Polygon><outerBoundaryIs><LinearRing><coordinates>82.2623199,17.001082,0 82.262288,17.0009661,0 82.2623933,17.0009396,0 82.2624252,17.0010555,0 82.2623199,17.001082,0</coordinates></LinearRing></outerBoundaryIs></Polygon>
</Placemark>
<Placemark><name>building</name><styleUrl>#building</styleUrl><description>building: yes</description>
<Polygon><outerBoundaryIs><LinearRing><coordinates>82.2624532,17.0010535,0 82.2624201,17.0009269,0 82.2625183,17.0009034,0 82.2625514,17.00103,0 82.2624532,17.0010535,0</coordinates></LinearRing></outerBoundaryIs></Polygon>
</Placemark>
<Placemark><name>building</name><styleUrl>#building</styleUrl><description>building: yes</description>
<Polygon><outerBoundaryIs><LinearRing><coordinates>82.2618271,17.0009716,0 82.2617975,17.0008261,0 82.2620162,17.0007854,0 82.2620458,17.0009309,0 82.2618271,17.0009716,0</coordinates></LinearRing></outerBoundaryIs></Polygon>
</Placemark>
<Placemark><name>building</name><styleUrl>#building</styleUrl><description>building: yes</description>
<Polygon><outerBoundaryIs><LinearRing><coordinates>82.2621975,17.000888,0 82.2621789,17.000821,0 82.262286,17.0007937,0 82.2623047,17.0008607,0 82.2621975,17.000888,0</coordinates></LinearRing></outerBoundaryIs></Polygon>
</Placemark>
<Placemark><name>building</name><styleUrl>#building</styleUrl><description>building: yes</description>
<Polygon><outerBoundaryIs><LinearRing><coordinates>82.2621692,17.0008129,0 82.2621575,17.0007567,0 82.2622655,17.0007362,0 82.2622772,17.0007925,0 82.2621692,17.0008129,0</coordinates></LinearRing></outerBoundaryIs></Polygon>
</Placemark>
<Placemark><name>building</name><styleUrl>#building</styleUrl><description>building: yes</description>
<Polygon><outerBoundaryIs><LinearRing><coordinates>82.2583329,17.001852,0 82.2583188,17.001733,0 82.258402,17.001724,0 82.258416,17.001843,0 82.2583329,17.001852,0</coordinates></LinearRing></outerBoundaryIs></Polygon>
</Placemark>
<Placemark><name>building</name><styleUrl>#building</styleUrl><description>building: yes</description>
<Polygon><outerBoundaryIs><LinearRing><coordinates>82.2584179,17.0018431,0 82.2584044,17.0017208,0 82.2584772,17.0017134,0 82.2584908,17.0018357,0 82.2584179,17.0018431,0</coordinates></LinearRing></outerBoundaryIs></Polygon>
</Placemark>
<Placemark><name>building</name><styleUrl>#building</styleUrl><description>building: yes</description>
<Polygon><outerBoundaryIs><LinearRing><coordinates>82.2584966,17.0018304,0 82.2584779,17.0017121,0 82.2585309,17.0017044,0 82.2585495,17.0018227,0 82.2584966,17.0018304,0</coordinates></LinearRing></outerBoundaryIs></Polygon>
</Placemark>
<Placemark><name>building</name><styleUrl>#building</styleUrl><description>building: yes</description>
<Polygon><outerBoundaryIs><LinearRing><coordinates>82.2582406,17.0011098,0 82.2582348,17.0010113,0 82.2583552,17.0010048,0 82.2583611,17.0011033,0 82.2582406,17.0011098,0</coordinates></LinearRing></outerBoundaryIs></Polygon>
</Placemark>
<Placemark><name>building</name><styleUrl>#building</styleUrl><description>building: yes</description>
<Polygon><outerBoundaryIs><LinearRing><coordinates>82.2582281,17.0009979,0 82.2582231,17.0009008,0 82.2583473,17.0008949,0 82.2583523,17.000992,0 82.2582281,17.0009979,0</coordinates></LinearRing></outerBoundaryIs></Polygon>
</Placemark>
<Placemark><name>building</name><styleUrl>#building</styleUrl><description>building: yes</description>
<Polygon><outerBoundaryIs><LinearRing><coordinates>82.2583871,17.0012969,0 82.2583727,17.0011227,0 82.2584847,17.0011142,0 82.2584992,17.0012884,0 82.2583871,17.0012969,0</coordinates></LinearRing></outerBoundaryIs></Polygon>
</Placemark>
<Placemark><name>building</name><styleUrl>#building</styleUrl><description>building: yes</description>
<Polygon><outerBoundaryIs><LinearRing><coordinates>82.258601,17.0011155,0 82.2585844,17.0009058,0 82.2587311,17.0008952,0 82.2587476,17.0011049,0 82.258601,17.0011155,0</coordinates></LinearRing></outerBoundaryIs></Polygon>
</Placemark>
<Placemark><name>building</name><styleUrl>#building</styleUrl><description>building: yes</description>
<Polygon><outerBoundaryIs><LinearRing><coordinates>82.2588805,17.0013001,0 82.2588731,17.0011789,0 82.2588856,17.0011696,0 82.2588802,17.0010812,0 82.2589858,17.0010753,0 82.2589991,17.0012935,0 82.2588805,17.0013001,0</coordinates></LinearRing></outerBoundaryIs></Polygon>
</Placemark>
<Placemark><name>building</name><styleUrl>#building</styleUrl><description>building: yes</description>
<Polygon><outerBoundaryIs><LinearRing><coordinates>82.2586909,17.0017971,0 82.2586606,17.0016153,0 82.2587625,17.0015998,0 82.2587928,17.0017815,0 82.2586909,17.0017971,0</coordinates></LinearRing></outerBoundaryIs></Polygon>
</Placemark>
<Placemark><name>building</name><styleUrl>#building</styleUrl><description>building: yes</description>
<Polygon><outerBoundaryIs><LinearRing><coordinates>82.2594953,17.0012344,0 82.2594839,17.0011496,0 82.2595628,17.0011398,0 82.2595742,17.0012247,0 82.2594953,17.0012344,0</coordinates></LinearRing></outerBoundaryIs></Polygon>
</Placemark>
<Placemark><name>building</name><styleUrl>#building</styleUrl><description>building: yes</description>
<Polygon><outerBoundaryIs><LinearRing><coordinates>82.2594835,17.0011428,0 82.2594725,17.0010656,0 82.2595478,17.0010558,0 82.2595588,17.001133,0 82.2594835,17.0011428,0</coordinates></LinearRing></outerBoundaryIs></Polygon>
</Placemark>
<Placemark><name>building</name><styleUrl>#building</styleUrl><description>building: yes</description>
<Polygon><outerBoundaryIs><LinearRing><coordinates>82.2594712,17.0010636,0 82.259467,17.0010389,0 82.2595403,17.0010275,0 82.2595445,17.0010523,0 82.2594712,17.0010636,0</coordinates></LinearRing></outerBoundaryIs></Polygon>
</Placemark>
<Placemark><name>building</name><styleUrl>#building</styleUrl><description>building: yes</description>
<Polygon><outerBoundaryIs><LinearRing><coordinates>82.2594536,17.0010365,0 82.2594472,17.0009893,0 82.2595364,17.0009781,0 82.2595429,17.0010253,0 82.2594536,17.0010365,0</coordinates></LinearRing></outerBoundaryIs></Polygon>
</Placemark>
<Placemark><name>building</name><styleUrl>#building</styleUrl><description>building: yes</description>
<Polygon><outerBoundaryIs><LinearRing><coordinates>82.2594339,17.0009889,0 82.2594188,17.0008867,0 82.259502,17.0008754,0 82.2595171,17.0009776,0 82.2594339,17.0009889,0</coordinates></LinearRing></outerBoundaryIs></Polygon>
</Placemark>
<Placemark><name>building</name><styleUrl>#building</styleUrl><description>building: yes</description>
<Polygon><outerBoundaryIs><LinearRing><coordinates>82.2594171,17.0008803,0 82.2594063,17.0008245,0 82.2594909,17.0008096,0 82.2595017,17.0008655,0 82.2594171,17.0008803,0</coordinates></LinearRing></outerBoundaryIs></Polygon>
</Placemark>
<Placemark><name>building</name><styleUrl>#building</styleUrl><description>building: yes</description>
<Polygon><outerBoundaryIs><LinearRing><coordinates>82.2594087,17.000819,0 82.2594,17.0007685,0 82.2594754,17.0007568,0 82.259484,17.0008072,0 82.2594087,17.000819,0</coordinates></LinearRing></outerBoundaryIs></Polygon>
</Placemark>
<Placemark><name>building</name><styleUrl>#building</styleUrl><description>building: yes</description>
<Polygon><outerBoundaryIs><LinearRing><coordinates>82.2596109,17.001219,0 82.2595979,17.0011394,0 82.2596755,17.0011277,0 82.2596886,17.0012074,0 82.2596109,17.001219,0</coordinates></LinearRing></outerBoundaryIs></Polygon>
</Placemark>
<Placemark><name>building</name><styleUrl>#building</styleUrl><description>building: yes</description>
<Polygon><outerBoundaryIs><LinearRing><coordinates>82.2595893,17.0011334,0 82.2595776,17.0010473,0 82.2596597,17.0010371,0 82.2596714,17.0011232,0 82.2595893,17.0011334,0</coordinates></LinearRing></outerBoundaryIs></Polygon>
</Placemark>
<Placemark><name>building</name><styleUrl>#building</styleUrl><description>building: yes</description>
<Polygon><outerBoundaryIs><LinearRing><coordinates>82.2596943,17.0012063,0 82.2596803,17.0011182,0 82.2597862,17.0011027,0 82.2598003,17.0011909,0 82.2596943,17.0012063,0</coordinates></LinearRing></outerBoundaryIs></Polygon>
</Placemark>
<Placemark><name>building</name><styleUrl>#building</styleUrl><description>building: yes</description>
<Polygon><outerBoundaryIs><LinearRing><coordinates>82.2596794,17.0011109,0 82.2596678,17.0010366,0 82.2597737,17.0010215,0 82.2597853,17.0010959,0 82.2596794,17.0011109,0</coordinates></LinearRing></outerBoundaryIs></Polygon>
</Placemark>
<Placemark><name>building</name><styleUrl>#building</styleUrl><description>building: yes</description>
<Polygon><outerBoundaryIs><LinearRing><coordinates>82.2625994,17.0025863,0 82.2625707,17.0024686,0 82.2627782,17.0024225,0 82.2628069,17.0025402,0 82.2625994,17.0025863,0</coordinates></LinearRing></outerBoundaryIs></Polygon>
</Placemark>
<Placemark><name>building</name><styleUrl>#building</styleUrl><description>building: yes</description>
<Polygon><outerBoundaryIs><LinearRing><coordinates>82.2579273,17.0150288,0 82.2578501,17.0148953,0 82.2580015,17.0148153,0 82.2580787,17.0149488,0 82.2579273,17.0150288,0</coordinates></LinearRing></outerBoundaryIs></Polygon>
</Placemark>
<Placemark><name>building</name><styleUrl>#building</styleUrl><description>building: yes</description>
<Polygon><outerBoundaryIs><LinearRing><coordinates>82.2827534,17.0154058,0 82.2828917,17.0153839,0 82.2828765,17.0152961,0 82.2827382,17.0153179,0 82.2827534,17.0154058,0</coordinates></LinearRing></outerBoundaryIs></Polygon>
</Placemark>
<Placemark><name>building</name><styleUrl>#building</styleUrl><description>building: roof
layer: 1</description>
<Polygon><outerBoundaryIs><LinearRing><coordinates>82.2486787,17.0104398,0 82.2486765,17.0103439,0 82.2489887,17.0103373,0 82.2489909,17.0104333,0 82.2486787,17.0104398,0</coordinates></LinearRing></outerBoundaryIs></Polygon>
</Placemark>
<Placemark><name>building</name><styleUrl>#building</styleUrl><description>building: yes</description>
<Polygon><outerBoundaryIs><LinearRing><coordinates>82.244883,16.9980356,0 82.2449163,16.9980958,0 82.2450646,16.9980208,0 82.2450313,16.9979605,0 82.244883,16.9980356,0</coordinates></LinearRing></outerBoundaryIs></Polygon>
</Placemark>
<Placemark><name>building</name><styleUrl>#building</styleUrl><description>building: yes</description>
<Polygon><outerBoundaryIs><LinearRing><coordinates>82.2449752,16.9973981,0 82.2449877,16.9974903,0 82.2451178,16.9974741,0 82.2451053,16.9973819,0 82.2449752,16.9973981,0</coordinates></LinearRing></outerBoundaryIs></Polygon>
</Placemark>
<Placemark><name>building</name><styleUrl>#building</styleUrl><description>building: yes</description>
<Polygon><outerBoundaryIs><LinearRing><coordinates>82.2449874,16.9975031,0 82.2449999,16.9975953,0 82.24513,16.9975791,0 82.2451175,16.9974869,0 82.2449874,16.9975031,0</coordinates></LinearRing></outerBoundaryIs></Polygon>
</Placemark>
<Placemark><name>building</name><styleUrl>#building</styleUrl><description>building: yes</description>
<Polygon><outerBoundaryIs><LinearRing><coordinates>82.245011,16.9976061,0 82.2450248,16.9976735,0 82.2451311,16.9976536,0 82.2451173,16.9975863,0 82.245011,16.9976061,0</coordinates></LinearRing></outerBoundaryIs></Polygon>
</Placemark>
<Placemark><name>building</name><styleUrl>#building</styleUrl><description>building: yes</description>
<Polygon><outerBoundaryIs><LinearRing><coordinates>82.2449915,16.9976838,0 82.245004,16.9977761,0 82.2451341,16.9977599,0 82.2451216,16.9976677,0 82.2449915,16.9976838,0</coordinates></LinearRing></outerBoundaryIs></Polygon>
</Placemark>
<Placemark><name>building</name><styleUrl>#building</styleUrl><description>building: yes</description>
<Polygon><outerBoundaryIs><LinearRing><coordinates>82.2451425,16.9975699,0 82.2451511,16.9976439,0 82.2452818,16.9976299,0 82.2452731,16.9975559,0 82.2451425,16.9975699,0</coordinates></LinearRing></outerBoundaryIs></Polygon>
</Placemark>
<Placemark><name>building</name><styleUrl>#building</styleUrl><description>building: yes</description>
<Polygon><outerBoundaryIs><LinearRing><coordinates>82.2451328,16.9974641,0 82.2451517,16.9975536,0 82.2452643,16.9975318,0 82.2452454,16.9974424,0 82.2451328,16.9974641,0</coordinates></LinearRing></outerBoundaryIs></Polygon>
</Placemark>
<Placemark><name>building</name><styleUrl>#building</styleUrl><description>building: yes</description>
<Polygon><outerBoundaryIs><LinearRing><coordinates>82.2446964,16.9976306,0 82.2446857,16.9975417,0 82.2448314,16.9975256,0 82.2448421,16.9976146,0 82.2446964,16.9976306,0</coordinates></LinearRing></outerBoundaryIs></Polygon>
</Placemark>
<Placemark><name>building</name><styleUrl>#building</styleUrl><description>building: yes</description>
<Polygon><outerBoundaryIs><LinearRing><coordinates>82.2447062,16.9977672,0 82.2446848,16.9976467,0 82.2448559,16.997619,0 82.2448813,16.9977622,0 82.2448315,16.9977703,0 82.2447817,16.9977783,0 82.2447695,16.997757,0 82.2447062,16.9977672,0</coordinates></LinearRing></outerBoundaryIs></Polygon>
</Placemark>
<Placemark><name>building</name><styleUrl>#building</styleUrl><description>building: yes</description>
<Polygon><outerBoundaryIs><LinearRing><coordinates>82.2448423,16.997908,0 82.2448056,16.9978331,0 82.2449047,16.9977887,0 82.2449414,16.9978637,0 82.2448423,16.997908,0</coordinates></LinearRing></outerBoundaryIs></Polygon>
</Placemark>
<Placemark><name>building</name><styleUrl>#building</styleUrl><description>addr:state: AP
building: house
building:colour: Green
building:levels: 1
building:material: cement_block
building:use: residential
house: terraced
roof:colour: grey
roof:levels: 0
roof:material: concrete
roof:shape: flat</description>
<Polygon><outerBoundaryIs><LinearRing><coordinates>82.2546749,16.9956699,0 82.2546559,16.9955632,0 82.2548081,16.9955383,0 82.2548272,16.995645,0 82.2546749,16.9956699,0</coordinates></LinearRing></outerBoundaryIs></Polygon>
</Placemark>
<Placemark><name>building</name><styleUrl>#building</styleUrl><description>building: house</description>
<Polygon><outerBoundaryIs><LinearRing><coordinates>82.2548004,16.9954004,0 82.2548228,16.9955067,0 82.2549886,16.9954747,0 82.2549661,16.9953684,0 82.2548004,16.9954004,0</coordinates></LinearRing></outerBoundaryIs></Polygon>
</Placemark>
<Placemark><name>building</name><styleUrl>#building</styleUrl><description>building: house
building:levels: 1
house: terraced</description>
<Polygon><outerBoundaryIs><LinearRing><coordinates>82.2548547,16.9956382,0 82.2550225,16.9956065,0 82.2549998,16.9954965,0 82.254832,16.9955283,0 82.2548547,16.9956382,0</coordinates></LinearRing></outerBoundaryIs></Polygon>
</Placemark>
<Placemark><name>building</name><styleUrl>#building</styleUrl><description>building: apartments
building:levels: 3</description>
<Polygon><outerBoundaryIs><LinearRing><coordinates>82.2547713,16.9954794,0 82.2546217,16.9955099,0 82.2546067,16.9954423,0 82.2547563,16.9954119,0 82.2547713,16.9954794,0</coordinates></LinearRing></outerBoundaryIs></Polygon>
</Placemark>
<Placemark><name>building</name><styleUrl>#building</styleUrl><description>building: apartments
building:levels: 2</description>
<Polygon><outerBoundaryIs><LinearRing><coordinates>82.2546091,16.9954288,0 82.254751,16.9954017,0 82.2547319,16.9953099,0 82.2545899,16.9953369,0 82.2546091,16.9954288,0</coordinates></LinearRing></outerBoundaryIs></Polygon>
</Placemark>
<Placemark><name>building</name><styleUrl>#building</styleUrl><description>building: yes</description>
<Polygon><outerBoundaryIs><LinearRing><coordinates>82.2547958,16.9953818,0 82.2549541,16.9953564,0 82.254936,16.9952529,0 82.2547776,16.9952783,0 82.2547958,16.9953818,0</coordinates></LinearRing></outerBoundaryIs></Polygon>
</Placemark>
<Placemark><name>building</name><styleUrl>#building</styleUrl><description>building: yes</description>
<Polygon><outerBoundaryIs><LinearRing><coordinates>82.2547601,16.9952628,0 82.2549289,16.9952358,0 82.2549094,16.9951243,0 82.2547406,16.9951512,0 82.2547601,16.9952628,0</coordinates></LinearRing></outerBoundaryIs></Polygon>
</Placemark>
<Placemark><name>building</name><styleUrl>#building</styleUrl><description>building: house
roof:shape: flat</description>
<Polygon><outerBoundaryIs><LinearRing><coordinates>82.2545734,16.9951739,0 82.2547012,16.9951474,0 82.2546765,16.9950384,0 82.2545487,16.9950648,0 82.2545734,16.9951739,0</coordinates></LinearRing></outerBoundaryIs></Polygon>
</Placemark>
<Placemark><name>building</name><styleUrl>#building</styleUrl><description>building: yes
roof:shape: flat</description>
<Polygon><outerBoundaryIs><LinearRing><coordinates>82.2547512,16.9951221,0 82.2548813,16.9950964,0 82.2548593,16.994995,0 82.2547293,16.9950208,0 82.2547512,16.9951221,0</coordinates></LinearRing></outerBoundaryIs></Polygon>
</Placemark>
<Placemark><name>building</name><styleUrl>#building</styleUrl><description>building: yes</description>
<Polygon><outerBoundaryIs><LinearRing><coordinates>82.254471,16.9947326,0 82.2546307,16.9947003,0 82.2546065,16.9945909,0 82.2544467,16.9946232,0 82.254471,16.9947326,0</coordinates></LinearRing></outerBoundaryIs></Polygon>
</Placemark>
<Placemark><name>building</name><styleUrl>#building</styleUrl><description>building: yes</description>
<Polygon><outerBoundaryIs><LinearRing><coordinates>82.2546461,16.9945587,0 82.2546106,16.9944389,0 82.2548336,16.9943784,0 82.2548691,16.9944982,0 82.2546461,16.9945587,0</coordinates></LinearRing></outerBoundaryIs></Polygon>
</Placemark>
<Placemark><name>building</name><styleUrl>#building</styleUrl><description>building: yes</description>
<Polygon><outerBoundaryIs><LinearRing><coordinates>82.2546177,16.9939495,0 82.2547265,16.993925,0 82.2547068,16.993845,0 82.254598,16.9938695,0 82.2546177,16.9939495,0</coordinates></LinearRing></outerBoundaryIs></Polygon>
</Placemark>
<Placemark><name>building</name><styleUrl>#building</styleUrl><description>building: yes</description>
<Polygon><outerBoundaryIs><LinearRing><coordinates>82.254679,16.9940969,0 82.2547892,16.9940746,0 82.2547732,16.9940019,0 82.254663,16.9940242,0 82.254679,16.9940969,0</coordinates></LinearRing></outerBoundaryIs></Polygon>
</Placemark>
<Placemark><name>building</name><styleUrl>#building</styleUrl><description>building: yes</description>
<Polygon><outerBoundaryIs><LinearRing><coordinates>82.2546445,16.9940236,0 82.2547484,16.9939977,0 82.2547308,16.9939329,0 82.2546268,16.9939588,0 82.2546445,16.9940236,0</coordinates></LinearRing></outerBoundaryIs></Polygon>
</Placemark>
<Placemark><name>building</name><styleUrl>#building</styleUrl><description>building: yes</description>
<Polygon><outerBoundaryIs><LinearRing><coordinates>82.2546555,16.9942776,0 82.2548031,16.9942428,0 82.2547724,16.9941239,0 82.2546248,16.9941587,0 82.2546555,16.9942776,0</coordinates></LinearRing></outerBoundaryIs></Polygon>
</Placemark>
<Placemark><name>building</name><styleUrl>#building</styleUrl><description>abandoned: yes
building: detached</description>
<Polygon><outerBoundaryIs><LinearRing><coordinates>82.2547315,16.9958986,0 82.2548686,16.9958692,0 82.2548452,16.9957689,0 82.254708,16.9957983,0 82.2547315,16.9958986,0</coordinates></LinearRing></outerBoundaryIs></Polygon>
</Placemark>
<Placemark><name>building</name><styleUrl>#building</styleUrl><description>building: semidetached_house</description>
<Polygon><outerBoundaryIs><LinearRing><coordinates>82.2548872,16.9958662,0 82.2550516,16.9958339,0 82.2550281,16.9957242,0 82.2548637,16.9957565,0 82.2548872,16.9958662,0</coordinates></LinearRing></outerBoundaryIs></Polygon>
</Placemark>
<Placemark><name>Maruthi Guest House</name><styleUrl>#building</styleUrl><description>building: hotel
name: Maruthi Guest House
tourism: guest_house</description>
<Polygon><outerBoundaryIs><LinearRing><coordinates>82.254398,16.9959933,0 82.254646,16.9959538,0 82.2546202,16.9958052,0 82.2543722,16.9958446,0 82.254398,16.9959933,0</coordinates></LinearRing></outerBoundaryIs></Polygon>
</Placemark>
<Placemark><name>building</name><styleUrl>#building</styleUrl><description>building: detached</description>
<Polygon><outerBoundaryIs><LinearRing><coordinates>82.2543796,16.9958248,0 82.2545726,16.9957942,0 82.2545575,16.9957069,0 82.2543644,16.9957376,0 82.2543796,16.9958248,0</coordinates></LinearRing></outerBoundaryIs></Polygon>
</Placemark>
<Placemark><name>building</name><styleUrl>#building</styleUrl><description>building: apartments
building:levels: 4</description>
<Polygon><outerBoundaryIs><LinearRing><coordinates>82.2543244,16.995742,0 82.2545104,16.9957008,0 82.2544876,16.9956069,0 82.2543016,16.995648,0 82.2543244,16.995742,0</coordinates></LinearRing></outerBoundaryIs></Polygon>
</Placemark>
<Placemark><name>building</name><styleUrl>#building</styleUrl><description>building: house</description>
<Polygon><outerBoundaryIs><LinearRing><coordinates>82.2543687,16.9955829,0 82.2544976,16.9955568,0 82.2544738,16.9954491,0 82.2543449,16.9954752,0 82.2543687,16.9955829,0</coordinates></LinearRing></outerBoundaryIs></Polygon>
</Placemark>
<Placemark><name>building</name><styleUrl>#building</styleUrl><description>building: house</description>
<Polygon><outerBoundaryIs><LinearRing><coordinates>82.2543402,16.9954556,0 82.2544666,16.9954367,0 82.2544531,16.995354,0 82.2543267,16.9953729,0 82.2543402,16.9954556,0</coordinates></LinearRing></outerBoundaryIs></Polygon>
</Placemark>
<Placemark><name>building</name><styleUrl>#building</styleUrl><description>building: house</description>
<Polygon><outerBoundaryIs><LinearRing><coordinates>82.2543321,16.995354,0 82.2544411,16.995331,0 82.254424,16.9952568,0 82.254315,16.9952798,0 82.2543321,16.995354,0</coordinates></LinearRing></outerBoundaryIs></Polygon>
</Placemark>
<Placemark><name>building</name><styleUrl>#building</styleUrl><description>building: yes</description>
<Polygon><outerBoundaryIs><LinearRing><coordinates>82.254013,16.9941258,0 82.2542292,16.9940865,0 82.2541992,16.9939353,0 82.253983,16.9939746,0 82.254013,16.9941258,0</coordinates></LinearRing></outerBoundaryIs></Polygon>
</Placemark>
<Placemark><name>building</name><styleUrl>#building</styleUrl><description>building: yes</description>
<Polygon><outerBoundaryIs><LinearRing><coordinates>82.25404,16.9942593,0 82.2542632,16.9942115,0 82.254235,16.9940911,0 82.2540118,16.9941389,0 82.25404,16.9942593,0</coordinates></LinearRing></outerBoundaryIs></Polygon>
</Placemark>
<Placemark><name>building</name><styleUrl>#building</styleUrl><description>building: yes</description>
<Polygon><outerBoundaryIs><LinearRing><coordinates>82.2540774,16.9943886,0 82.2542573,16.9943424,0 82.2542266,16.9942331,0 82.2540467,16.9942793,0 82.2540774,16.9943886,0</coordinates></LinearRing></outerBoundaryIs></Polygon>
</Placemark>
<Placemark><name>building</name><styleUrl>#building</styleUrl><description>building: yes</description>
<Polygon><outerBoundaryIs><LinearRing><coordinates>82.2540965,16.9945265,0 82.2543115,16.9944727,0 82.2542788,16.9943534,0 82.2540638,16.9944073,0 82.2540965,16.9945265,0</coordinates></LinearRing></outerBoundaryIs></Polygon>
</Placemark>
<Placemark><name>building</name><styleUrl>#building</styleUrl><description>building: yes</description>
<Polygon><outerBoundaryIs><LinearRing><coordinates>82.2541387,16.9946676,0 82.2543495,16.9946263,0 82.2543238,16.9945059,0 82.2541129,16.9945471,0 82.2541387,16.9946676,0</coordinates></LinearRing></outerBoundaryIs></Polygon>
</Placemark>
<Placemark><name>building</name><styleUrl>#building</styleUrl><description>building: yes</description>
<Polygon><outerBoundaryIs><LinearRing><coordinates>82.254171,16.9947939,0 82.2543126,16.9947626,0 82.2542873,16.9946575,0 82.2541457,16.9946887,0 82.254171,16.9947939,0</coordinates></LinearRing></outerBoundaryIs></Polygon>
</Placemark>
<Placemark><name>building</name><styleUrl>#building</styleUrl><description>building: yes</description>
<Polygon><outerBoundaryIs><LinearRing><coordinates>82.2542196,16.9949261,0 82.2543519,16.994896,0 82.2543215,16.9947738,0 82.2541892,16.9948039,0 82.2542196,16.9949261,0</coordinates></LinearRing></outerBoundaryIs></Polygon>
</Placemark>
<Placemark><name>building</name><styleUrl>#building</styleUrl><description>building: yes</description>
<Polygon><outerBoundaryIs><LinearRing><coordinates>82.2542369,16.9950675,0 82.2543886,16.9950309,0 82.2543558,16.9949064,0 82.254204,16.9949431,0 82.2542369,16.9950675,0</coordinates></LinearRing></outerBoundaryIs></Polygon>
</Placemark>
<Placemark><name>building</name><styleUrl>#building</styleUrl><description>building: yes</description>
<Polygon><outerBoundaryIs><LinearRing><coordinates>82.2543303,16.9952658,0 82.2544364,16.9952412,0 82.2544165,16.9951629,0 82.2543105,16.9951876,0 82.2543303,16.9952658,0</coordinates></LinearRing></outerBoundaryIs></Polygon>
</Placemark>
<Placemark><name>building</name><styleUrl>#building</styleUrl><description>building: yes</description>
<Polygon><outerBoundaryIs><LinearRing><coordinates>82.2538376,16.9942314,0 82.2539775,16.9942019,0 82.2539554,16.9941059,0 82.2538155,16.9941354,0 82.2538376,16.9942314,0</coordinates></LinearRing></outerBoundaryIs></Polygon>
</Placemark>
<Placemark><name>building</name><styleUrl>#building</styleUrl><description>building: yes</description>
<Polygon><outerBoundaryIs><LinearRing><coordinates>82.2538128,16.9941301,0 82.2539873,16.9940878,0 82.2539517,16.9939533,0 82.2537771,16.9939957,0 82.2538128,16.9941301,0</coordinates></LinearRing></outerBoundaryIs></Polygon>
</Placemark>
<Placemark><name>building</name><styleUrl>#building</styleUrl><description>building: yes</description>
<Polygon><outerBoundaryIs><LinearRing><coordinates>82.253909,16.9944641,0 82.2540556,16.9944285,0 82.2540316,16.9943381,0 82.253885,16.9943737,0 82.253909,16.9944641,0</coordinates></LinearRing></outerBoundaryIs></Polygon>
</Placemark>
<Placemark><name>building</name><styleUrl>#building</styleUrl><description>building: yes</description>
<Polygon><outerBoundaryIs><LinearRing><coordinates>82.2540771,16.9951848,0 82.2542518,16.9951422,0 82.2542194,16.9950209,0 82.2540447,16.9950635,0 82.2540771,16.9951848,0</coordinates></LinearRing></outerBoundaryIs></Polygon>
</Placemark>
<Placemark><name>building</name><styleUrl>#building</styleUrl><description>building: yes</description>
<Polygon><outerBoundaryIs><LinearRing><coordinates>82.2541063,16.9953014,0 82.2542427,16.9952712,0 82.2542184,16.9951703,0 82.2540819,16.9952005,0 82.2541063,16.9953014,0</coordinates></LinearRing></outerBoundaryIs></Polygon>
</Placemark>
<Placemark><name>building</name><styleUrl>#building</styleUrl><description>building: yes</description>
<Polygon><outerBoundaryIs><LinearRing><coordinates>82.2541156,16.9954146,0 82.2542674,16.9953798,0 82.2542434,16.9952841,0 82.2540916,16.9953189,0 82.2541156,16.9954146,0</coordinates></LinearRing></outerBoundaryIs></Polygon>
</Placemark>
<Placemark><name>building</name><styleUrl>#building</styleUrl><description>building: yes</description>
<Polygon><outerBoundaryIs><LinearRing><coordinates>82.2541617,16.9955261,0 82.2543174,16.995489,0 82.2542936,16.9953979,0 82.254138,16.9954349,0 82.2541617,16.9955261,0</coordinates></LinearRing></outerBoundaryIs></Polygon>
</Placemark>
<Placemark><name>building</name><styleUrl>#building</styleUrl><description>building: yes</description>
<Polygon><outerBoundaryIs><LinearRing><coordinates>82.2542564,16.9959262,0 82.2543709,16.9958984,0 82.2543498,16.9958189,0 82.2542353,16.9958467,0 82.2542564,16.9959262,0</coordinates></LinearRing></outerBoundaryIs></Polygon>
</Placemark>
<Placemark><name>building</name><styleUrl>#building</styleUrl><description>building: yes</description>
<Polygon><outerBoundaryIs><LinearRing><coordinates>82.2543089,16.9959886,0 82.2543451,16.9959804,0 82.2543496,16.9959984,0 82.2543831,16.9959909,0 82.2543641,16.995914,0 82.2542943,16.9959298,0 82.2543089,16.9959886,0</coordinates></LinearRing></outerBoundaryIs></Polygon>
</Placemark>
<Placemark><name>building</name><styleUrl>#building</styleUrl><description>building: yes</description>
<Polygon><outerBoundaryIs><LinearRing><coordinates>82.2535259,16.9941848,0 82.2537029,16.9941544,0 82.2536743,16.9940018,0 82.2534973,16.9940321,0 82.2535259,16.9941848,0</coordinates></LinearRing></outerBoundaryIs></Polygon>
</Placemark>
<Placemark><name>building</name><styleUrl>#building</styleUrl><description>building: yes</description>
<Polygon><outerBoundaryIs><LinearRing><coordinates>82.2535995,16.9944115,0 82.2537862,16.9943729,0 82.2537608,16.9942605,0 82.2535741,16.994299,0 82.2535995,16.9944115,0</coordinates></LinearRing></outerBoundaryIs></Polygon>
</Placemark>
<Placemark><name>building</name><styleUrl>#building</styleUrl><description>building: yes</description>
<Polygon><outerBoundaryIs><LinearRing><coordinates>82.253603,16.9945441,0 82.2535756,16.9944404,0 82.2537927,16.994388,0 82.2538201,16.9944918,0 82.2536355,16.994538,0 82.253603,16.9945441,0</coordinates></LinearRing></outerBoundaryIs></Polygon>
</Placemark>
<Placemark><name>building</name><styleUrl>#building</styleUrl><description>building: yes</description>
<Polygon><outerBoundaryIs><LinearRing><coordinates>82.2536916,16.9949052,0 82.2538773,16.9948666,0 82.2538497,16.9947445,0 82.2536639,16.9947831,0 82.2536916,16.9949052,0</coordinates></LinearRing></outerBoundaryIs></Polygon>
</Placemark>
<Placemark><name>building</name><styleUrl>#building</styleUrl><description>building: yes</description>
<Polygon><outerBoundaryIs><LinearRing><coordinates>82.2538369,16.9954781,0 82.2539873,16.9954446,0 82.2539623,16.9953421,0 82.2538119,16.9953756,0 82.2538369,16.9954781,0</coordinates></LinearRing></outerBoundaryIs></Polygon>
</Placemark>
<Placemark><name>building</name><styleUrl>#building</styleUrl><description>building: yes</description>
<Polygon><outerBoundaryIs><LinearRing><coordinates>82.2538668,16.9955808,0 82.253987,16.9955623,0 82.2539706,16.9954644,0 82.2538503,16.9954829,0 82.2538668,16.9955808,0</coordinates></LinearRing></outerBoundaryIs></Polygon>
</Placemark>
<Placemark><name>building</name><styleUrl>#building</styleUrl><description>building: yes</description>
<Polygon><outerBoundaryIs><LinearRing><coordinates>82.2538796,16.9956124,0 82.2539082,16.9957176,0 82.2540701,16.9956774,0 82.2540415,16.9955722,0 82.2538796,16.9956124,0</coordinates></LinearRing></outerBoundaryIs></Polygon>
</Placemark>
<Placemark><name>building</name><styleUrl>#building</styleUrl><description>building: yes</description>
<Polygon><outerBoundaryIs><LinearRing><coordinates>82.2539178,16.9957579,0 82.2540951,16.9957072,0 82.2541226,16.9957951,0 82.2539452,16.9958458,0 82.2539178,16.9957579,0</coordinates></LinearRing></outerBoundaryIs></Polygon>
</Placemark>
<Placemark><name>building</name><styleUrl>#building</styleUrl><description>building: yes</description>
<Polygon><outerBoundaryIs><LinearRing><coordinates>82.2540247,16.9959089,0 82.2540057,16.9958357,0 82.2541271,16.9958069,0 82.2541461,16.9958802,0 82.2540247,16.9959089,0</coordinates></LinearRing></outerBoundaryIs></Polygon>
</Placemark>
<Placemark><name>building</name><styleUrl>#building</styleUrl><description>building: yes</description>
<Polygon><outerBoundaryIs><LinearRing><coordinates>82.253192,16.9942038,0 82.2532796,16.9941843,0 82.2532436,16.9940366,0 82.253156,16.9940561,0 82.253192,16.9942038,0</coordinates></LinearRing></outerBoundaryIs></Polygon>
</Placemark>
<Placemark><name>building</name><styleUrl>#building</styleUrl><description>building: yes</description>
<Polygon><outerBoundaryIs><LinearRing><coordinates>82.2530571,16.9942601,0 82.2532342,16.9942156,0 82.2532589,16.9943054,0 82.2530818,16.9943499,0 82.2530571,16.9942601,0</coordinates></LinearRing></outerBoundaryIs></Polygon>
</Placemark>
<Placemark><name>building</name><styleUrl>#building</styleUrl><description>building: yes</description>
<Polygon><outerBoundaryIs><LinearRing><coordinates>82.2532284,16.9948591,0 82.2534756,16.9947964,0 82.2534406,16.9946701,0 82.2531933,16.9947327,0 82.2532284,16.9948591,0</coordinates></LinearRing></outerBoundaryIs></Polygon>
</Placemark>
<Placemark><name>building</name><styleUrl>#building</styleUrl><description>building: yes</description>
<Polygon><outerBoundaryIs><LinearRing><coordinates>82.2533719,16.9953962,0 82.2535525,16.9953591,0 82.2535301,16.9952596,0 82.2533495,16.9952967,0 82.2533719,16.9953962,0</coordinates></LinearRing></outerBoundaryIs></Polygon>
</Placemark>
<Placemark><name>building</name><styleUrl>#building</styleUrl><description>building: yes</description>
<Polygon><outerBoundaryIs><LinearRing><coordinates>82.253482,16.9957441,0 82.253459,16.9956592,0 82.2535621,16.9956337,0 82.2535851,16.9957185,0 82.253482,16.9957441,0</coordinates></LinearRing></outerBoundaryIs></Polygon>
</Placemark>
<Placemark><name>building</name><styleUrl>#building</styleUrl><description>building: yes</description>
<Polygon><outerBoundaryIs><LinearRing><coordinates>82.2536647,16.9931952,0 82.2536754,16.9932805,0 82.2537769,16.9932688,0 82.2537662,16.9931835,0 82.2536647,16.9931952,0</coordinates></LinearRing></outerBoundaryIs></Polygon>
</Placemark>
<Placemark><name>building</name><styleUrl>#building</styleUrl><description>building: yes</description>
<Polygon><outerBoundaryIs><LinearRing><coordinates>82.2538023,16.9933707,0 82.2537699,16.9931853,0 82.2538708,16.9931692,0 82.2539032,16.9933546,0 82.2538023,16.9933707,0</coordinates></LinearRing></outerBoundaryIs></Polygon>
</Placemark>
<Placemark><name>building</name><styleUrl>#building</styleUrl><description>building: yes</description>
<Polygon><outerBoundaryIs><LinearRing><coordinates>82.2537033,16.9933869,0 82.253788,16.993372,0 82.2537708,16.9932822,0 82.253686,16.9932971,0 82.2537033,16.9933869,0</coordinates></LinearRing></outerBoundaryIs></Polygon>
</Placemark>
<Placemark><name>building</name><styleUrl>#building</styleUrl><description>building: yes</description>
<Polygon><outerBoundaryIs><LinearRing><coordinates>82.2537044,16.9934672,0 82.2536918,16.9933989,0 82.2538281,16.9933761,0 82.2538407,16.9934443,0 82.2537044,16.9934672,0</coordinates></LinearRing></outerBoundaryIs></Polygon>
</Placemark>
<Placemark><name>building</name><styleUrl>#building</styleUrl><description>building: yes</description>
<Polygon><outerBoundaryIs><LinearRing><coordinates>82.2539525,16.9932531,0 82.2539317,16.9931532,0 82.2540189,16.9931366,0 82.2540396,16.9932365,0 82.2539525,16.9932531,0</coordinates></LinearRing></outerBoundaryIs></Polygon>
</Placemark>
<Placemark><name>building</name><styleUrl>#building</styleUrl><description>building: yes</description>
<Polygon><outerBoundaryIs><LinearRing><coordinates>82.2539665,16.9933308,0 82.2539508,16.9932623,0 82.2540446,16.9932425,0 82.2540603,16.9933111,0 82.2539665,16.9933308,0</coordinates></LinearRing></outerBoundaryIs></Polygon>
</Placemark>
<Placemark><name>building</name><styleUrl>#building</styleUrl><description>building: yes</description>
<Polygon><outerBoundaryIs><LinearRing><coordinates>82.2538458,16.9935473,0 82.2538322,16.9934651,0 82.2539492,16.9934473,0 82.2539629,16.9935295,0 82.2538458,16.9935473,0</coordinates></LinearRing></outerBoundaryIs></Polygon>
</Placemark>
<Placemark><name>building</name><styleUrl>#building</styleUrl><description>building: yes</description>
<Polygon><outerBoundaryIs><LinearRing><coordinates>82.2537206,16.9936918,0 82.2538411,16.9936786,0 82.2538321,16.9936031,0 82.2537116,16.9936162,0 82.2537206,16.9936918,0</coordinates></LinearRing></outerBoundaryIs></Polygon>
</Placemark>
<Placemark><name>building</name><styleUrl>#building</styleUrl><description>building: yes</description>
<Polygon><outerBoundaryIs><LinearRing><coordinates>82.2536599,16.994653,0 82.2538524,16.9946091,0 82.253825,16.9944993,0 82.2536325,16.9945433,0 82.2536599,16.994653,0</coordinates></LinearRing></outerBoundaryIs></Polygon>
</Placemark>
<Placemark><name>building</name><styleUrl>#building</styleUrl><description>building: yes</description>
<Polygon><outerBoundaryIs><LinearRing><coordinates>82.2545897,16.9961107,0 82.2547738,16.9960615,0 82.2548155,16.996204,0 82.2546313,16.9962532,0 82.2545897,16.9961107,0</coordinates></LinearRing></outerBoundaryIs></Polygon>
</Placemark>
<Placemark><name>building</name><styleUrl>#building</styleUrl><description>building: yes</description>
<Polygon><outerBoundaryIs><LinearRing><coordinates>82.2486269,16.9895138,0 82.2486572,16.9895035,0 82.2486703,16.9895391,0 82.2487667,16.9895066,0 82.2487523,16.9894676,0 82.2487357,16.9894732,0 82.2487132,16.9894122,0 82.2486031,16.9894493,0 82.2486269,16.9895138,0</coordinates></LinearRing></outerBoundaryIs></Polygon>
</Placemark>
<Placemark><name>building</name><styleUrl>#building</styleUrl><description>building: yes</description>
<Polygon><outerBoundaryIs><LinearRing><coordinates>82.249146,16.9896525,0 82.2495238,16.9895217,0 82.2495028,16.9894664,0 82.2495948,16.9894345,0 82.2494886,16.9891544,0 82.249019,16.9893171,0 82.249146,16.9896525,0</coordinates></LinearRing></outerBoundaryIs></Polygon>
</Placemark>
<Placemark><name>building</name><styleUrl>#building</styleUrl><description>building: yes</description>
<Polygon><outerBoundaryIs><LinearRing><coordinates>82.2497301,16.9894581,0 82.2498681,16.9894161,0 82.2497729,16.9891296,0 82.2496349,16.9891716,0 82.2497301,16.9894581,0</coordinates></LinearRing></outerBoundaryIs></Polygon>
</Placemark>
<Placemark><name>building</name><styleUrl>#building</styleUrl><description>building: yes</description>
<Polygon><outerBoundaryIs><LinearRing><coordinates>82.2498127,16.9888272,0 82.2504193,16.9886818,0 82.2503756,16.9885149,0 82.2497689,16.9886603,0 82.2498127,16.9888272,0</coordinates></LinearRing></outerBoundaryIs></Polygon>
</Placemark>
<Placemark><name>Block of flats</name><styleUrl>#building</styleUrl><description>building: apartments
name: Block of flats</description>
<Polygon><outerBoundaryIs><LinearRing><coordinates>82.2466186,16.9887391,0 82.2468218,16.9886662,0 82.24671,16.9884087,0 82.2464966,16.9884621,0 82.2466186,16.9887391,0</coordinates></LinearRing></outerBoundaryIs></Polygon>
</Placemark>
<Placemark><name>building</name><styleUrl>#building</styleUrl><description>building: yes</description>
<Polygon><outerBoundaryIs><LinearRing><coordinates>82.2489149,16.9895861,0 82.2486888,16.9896418,0 82.248718,16.9897504,0 82.2489441,16.9896947,0 82.2489149,16.9895861,0</coordinates></LinearRing></outerBoundaryIs></Polygon>
</Placemark>
<Placemark><name>building</name><styleUrl>#building</styleUrl><description>building: yes</description>
<Polygon><outerBoundaryIs><LinearRing><coordinates>82.2486806,16.9895546,0 82.2487023,16.9896155,0 82.2488709,16.9895605,0 82.2488519,16.9895071,0 82.2488148,16.9895192,0 82.2488121,16.9895118,0 82.2486806,16.9895546,0</coordinates></LinearRing></outerBoundaryIs></Polygon>
</Placemark>
<Placemark><name>Granities</name><styleUrl>#building</styleUrl><description>building: yes
name: Granities
shop: yes</description>
<Polygon><outerBoundaryIs><LinearRing><coordinates>82.2481048,17.0158314,0 82.2483432,17.0158228,0 82.2483671,17.0155007,0 82.248071,17.0155858,0 82.2481052,17.0155949,0 82.2481048,17.0158314,0</coordinates></LinearRing></outerBoundaryIs></Polygon>
</Placemark>
</Folder>
<Folder><name>highway (1624)</name>
<Placemark><name>Vakalapudi - Edatam Road</name><styleUrl>#highway</styleUrl><description>bridge: yes
highway: primary
layer: 1
name: Vakalapudi - Edatam Road
network: IN:SH:AP
ref: SH162</description>
<LineString><tessellate>1</tessellate><coordinates>82.2886216,17.0198402,0 82.2893134,17.0198941,0</coordinates></LineString>
</Placemark>
<Placemark><name>Vakalapudi - Edatam Road</name><styleUrl>#highway</styleUrl><description>highway: primary
name: Vakalapudi - Edatam Road
network: IN:SH:AP
ref: SH162</description>
<LineString><tessellate>1</tessellate><coordinates>82.2893134,17.0198941,0 82.2896281,17.0199432,0 82.2898435,17.020002,0 82.2899607,17.0200779,0 82.2900653,17.0202141,0 82.2902968,17.0206556,0</coordinates></LineString>
</Placemark>
<Placemark><name>highway</name><styleUrl>#highway</styleUrl><description>highway: residential
source: Bing</description>
<LineString><tessellate>1</tessellate><coordinates>82.2591165,17.0038194,0 82.2589139,17.0034557,0 82.2577628,17.0037239,0 82.2573025,17.0038176,0 82.2559519,17.0041318,0 82.2558174,17.0037636,0 82.2558556,17.0036526,0 82.2559096,17.0033642,0 82.2558891,17.0031571,0 82.2558423,17.0029773,0 82.2557078,17.0026036,0</coordinates></LineString>
</Placemark>
<Placemark><name>highway</name><styleUrl>#highway</styleUrl><description>highway: residential</description>
<LineString><tessellate>1</tessellate><coordinates>82.2523629,17.0136562,0 82.2508867,17.0142603,0 82.2505467,17.014411,0 82.2504662,17.014405,0 82.250292,17.0140025,0 82.2502631,17.0139112,0 82.2501365,17.013511,0 82.2501286,17.0134863,0 82.250122,17.0134652,0 82.2500398,17.013239,0</coordinates></LineString>
</Placemark>
<Placemark><name>highway</name><styleUrl>#highway</styleUrl><description>highway: residential
source: Bing</description>
<LineString><tessellate>1</tessellate><coordinates>82.2571789,17.008153,0 82.2576846,17.0078978,0 82.2577643,17.007871,0 82.2581192,17.0077518,0 82.2584594,17.0076374,0 82.2585538,17.0076057,0 82.2587352,17.007536,0 82.2592508,17.0073385,0 82.2596822,17.0072744,0 82.2601467,17.0071977,0 82.2603788,17.0071714,0 82.2607432,17.0071185,0 82.2609862,17.0070698,0 82.2612626,17.0069366,0</coordinates></LineString>
</Placemark>
<Placemark><name>highway</name><styleUrl>#highway</styleUrl><description>highway: residential</description>
<LineString><tessellate>1</tessellate><coordinates>82.2496506,17.0099811,0 82.2497054,17.0099602,0 82.2500595,17.0098251,0 82.2507678,17.0095549,0 82.251016,17.0094613,0 82.2513973,17.0093174,0 82.2514355,17.009303,0 82.251797,17.0091661,0 82.2521723,17.009025,0 82.2523405,17.0094038,0 82.2525278,17.0098258,0 82.2526532,17.0101019,0</coordinates></LineString>
</Placemark>
<Placemark><name>highway</name><styleUrl>#highway</styleUrl><description>highway: residential</description>
<LineString><tessellate>1</tessellate><coordinates>82.251016,17.0094613,0 82.2505643,17.0083783,0 82.2509665,17.0082177,0 82.251348,17.0080789,0 82.2516362,17.007958,0 82.2517295,17.0079342,0 82.2520716,17.0077875,0 82.2527127,17.0075354,0 82.2527725,17.0075119,0 82.2530886,17.0073948,0</coordinates></LineString>
</Placemark>
<Placemark><name>highway</name><styleUrl>#highway</styleUrl><description>highway: residential</description>
<LineString><tessellate>1</tessellate><coordinates>82.2710852,17.0135312,0 82.2704971,17.0136668,0 82.2691076,17.0139871,0 82.2680057,17.0142654,0 82.2675346,17.0143822,0 82.2670497,17.0145004,0 82.2665377,17.0146254,0 82.2660444,17.0147457,0 82.2659962,17.0147575,0 82.2650762,17.0149857,0 82.2649275,17.0150391,0 82.2644299,17.0152178,0 82.263925,17.0153991,0 82.2636912,17.0154831,0 82.2634289,17.0155632,0 82.2629599,17.0157064,0</coordinates></LineString>
</Placemark>
<Placemark><name>highway</name><styleUrl>#highway</styleUrl><description>highway: residential</description>
<LineString><tessellate>1</tessellate><coordinates>82.2639427,16.9994417,0 82.264396,16.9994424,0 82.2648421,16.9994197,0 82.2652637,16.9994119,0 82.2656857,16.999404,0 82.2661242,16.9993928,0 82.2661152,16.9983138,0 82.2656436,16.9983278,0 82.2652256,16.9983317,0 82.2647978,16.9983381,0 82.2643604,16.9983447,0 82.2639309,16.998351,0</coordinates></LineString>
</Placemark>
<Placemark><name>highway</name><styleUrl>#highway</styleUrl><description>highway: tertiary</description>
<LineString><tessellate>1</tessellate><coordinates>82.25486,16.9807291,0 82.2548735,16.9808321,0 82.2549334,16.9812903,0 82.2550025,16.9818185,0 82.2550576,16.9822401,0 82.2551137,16.9826689,0 82.2551697,16.9830975,0 82.2552019,16.9835268,0 82.2552852,16.9846362,0 82.2553185,16.9850801,0 82.2553498,16.9854966,0 82.2553812,16.9859147,0 82.2554742,16.9871543,0 82.2554821,16.9872591,0 82.2554906,16.9873726,0 82.2555429,16.9876704,0 82.2555824,16.9878949,0 82.2556651,16.988306,0 82.2559805,16.9891673,0 82.2560841,16.9892942,0 82.2565511,16.9898661,0 82.2571979,16.9903713,0 82.2574466,16.9905656,0 82.2576724,16.990742,0 82.2578625,16.9908905,0 82.2580206,16.991119,0 82.2581022,16.9912368,0 82.2582153,16.9914002,0 82.258333,16.9915702,0 82.2583626,16.9916829,0 82.25842,16.9919014,0 82.2584705,16.9920933,0 82.2585397,16.9923566,0 82.2585783,16.9925035,0 82.258666,16.9928373,0 82.2588136,16.9933991,0 82.2588458,16.9935093,0 82.258888,16.9936533,0 82.2589663,16.9940017,0</coordinates></LineString>
</Placemark>
<Placemark><name>highway</name><styleUrl>#highway</styleUrl><description>highway: residential</description>
<LineString><tessellate>1</tessellate><coordinates>82.2575554,16.9967823,0 82.2574628,16.9964382,0 82.2573091,16.995674,0 82.257291,16.995584,0 82.2571977,16.9952746,0 82.2575128,16.9951041,0 82.2575584,16.9952112,0 82.2576006,16.9953497,0 82.2576309,16.9956242,0 82.2577824,16.9956054,0 82.2578176,16.9956058,0 82.2579389,16.9955878,0 82.2583888,16.9955228,0</coordinates></LineString>
</Placemark>
<Placemark><name>highway</name><styleUrl>#highway</styleUrl><description>highway: residential</description>
<LineString><tessellate>1</tessellate><coordinates>82.2527708,17.0147976,0 82.2532869,17.0143939,0 82.2534326,17.0142823,0 82.2536564,17.0141107,0 82.2541285,17.0137125,0 82.2548025,17.0132197,0</coordinates></LineString>
</Placemark>
<Placemark><name>highway</name><styleUrl>#highway</styleUrl><description>highway: unclassified
source: Bing</description>
<LineString><tessellate>1</tessellate><coordinates>82.2589717,16.9804881,0 82.2592427,16.982683,0 82.2593378,16.9834329,0 82.2593496,16.9839918,0 82.259347,16.9840144,0 82.2592662,16.9847185,0 82.2591786,16.9854816,0 82.2591548,16.9856892,0 82.2590973,16.9864038,0 82.2590927,16.9864599,0 82.2590557,16.9869198,0 82.2588957,16.9880244,0 82.2588905,16.9882729,0 82.2589481,16.9891452,0 82.2589685,16.9892747,0 82.2590871,16.9900278,0 82.2591356,16.9903358,0 82.2591419,16.9903757,0 82.2592554,16.9910964,0 82.2593244,16.9915348,0 82.259405,16.9919118,0 82.2594971,16.9923423,0 82.2595105,16.992405,0 82.2595195,16.9928233,0 82.259472,16.993592,0 82.2594517,16.99371,0</coordinates></LineString>
</Placemark>
<Placemark><name>highway</name><styleUrl>#highway</styleUrl><description>highway: residential</description>
<LineString><tessellate>1</tessellate><coordinates>82.2518034,17.011115,0 82.2516746,17.0109832,0 82.2516168,17.0108198,0 82.2515642,17.0106753,0 82.2515263,17.0106226,0 82.2511729,17.0107603,0 82.2508658,17.0108762,0 82.2505429,17.0110158,0</coordinates></LineString>
</Placemark>
<Placemark><name>highway</name><styleUrl>#highway</styleUrl><description>highway: residential</description>
<LineString><tessellate>1</tessellate><coordinates>82.2627976,17.0002257,0 82.2627342,17.0002202,0 82.2626154,17.0002146,0 82.2625551,17.0002305,0 82.2625122,17.0002782,0 82.2624908,17.0003478,0 82.2624747,17.0004361,0 82.2625216,17.0005413,0 82.2625758,17.0005959,0 82.2627386,17.0006983,0 82.2627706,17.0007035,0</coordinates></LineString>
</Placemark>
<Placemark><name>highway</name><styleUrl>#highway</styleUrl><description>highway: residential
source: Bing</description>
<LineString><tessellate>1</tessellate><coordinates>82.2462602,16.9826305,0 82.2461083,16.9821699,0 82.2458897,16.9814807,0 82.2458636,16.9813924,0 82.2457184,16.9809018,0 82.2456347,16.9805683,0 82.2454639,16.9799728,0 82.2451634,16.9789255,0 82.2451456,16.9788633,0 82.2450318,16.9784669,0 82.2448358,16.9778485,0 82.2445199,16.9767037,0 82.2445267,16.9764339,0</coordinates></LineString>
</Placemark>
<Placemark><name>highway</name><styleUrl>#highway</styleUrl><description>highway: residential</description>
<LineString><tessellate>1</tessellate><coordinates>82.2638416,17.0015195,0 82.2637276,17.0014084,0 82.263514,17.0012181,0 82.2634974,17.0011368,0 82.263418,17.0010958,0 82.2632901,17.0010297,0 82.2630468,17.0009133,0 82.2629957,17.0008889,0 82.2627925,17.0007918,0 82.2627606,17.0008053,0 82.2627178,17.0008235,0 82.2621082,17.0009484,0 82.2619936,17.0009712,0 82.2617063,17.0010019,0</coordinates></LineString>
</Placemark>
<Placemark><name>highway</name><styleUrl>#highway</styleUrl><description>highway: residential</description>
<LineString><tessellate>1</tessellate><coordinates>82.2625366,17.0087311,0 82.2622243,17.00831,0 82.2619679,17.0079476,0 82.2620851,17.0079139,0 82.2623725,17.0078018,0 82.2624839,17.0077429,0 82.2625807,17.0077261,0 82.262733,17.0076744,0 82.2629032,17.0076167,0 82.2629912,17.0075719,0 82.2630499,17.0075354,0 82.2633343,17.0075158,0</coordinates></LineString>
</Placemark>
<Placemark><name>highway</name><styleUrl>#highway</styleUrl><description>highway: residential
layer: 1</description>
<LineString><tessellate>1</tessellate><coordinates>82.2518456,17.0074184,0 82.2517932,17.0072433,0 82.2515645,17.0067077,0 82.2514027,17.0063099,0 82.2513929,17.0062857,0 82.2510205,17.0054011,0 82.2507464,17.005516,0 82.2499714,17.00588,0 82.2496842,17.0060149,0 82.2492281,17.0062311,0 82.2487346,17.006467,0 82.248378,17.0066236,0 82.247775,17.0068966,0</coordinates></LineString>
</Placemark>
<Placemark><name>highway</name><styleUrl>#highway</styleUrl><description>highway: residential</description>
<LineString><tessellate>1</tessellate><coordinates>82.2659551,17.0074725,0 82.2661501,17.0074136,0 82.2661779,17.0073716,0 82.2661618,17.0072903,0 82.2663304,17.0072033,0 82.266304,17.0071164,0 82.2662902,17.0069314,0 82.2662864,17.0068809,0 82.2662527,17.0065963,0 82.2662381,17.0065364,0 82.2662299,17.0065028,0 82.2662058,17.0064042,0 82.2661588,17.0061355,0</coordinates></LineString>
</Placemark>
<Placemark><name>highway</name><styleUrl>#highway</styleUrl><description>highway: residential
source: Bing</description>
<LineString><tessellate>1</tessellate><coordinates>82.2615339,17.0096746,0 82.2617306,17.0096043,0 82.2620266,17.0095043,0 82.2625501,17.009277,0 82.2622465,17.0088217,0 82.2620157,17.00888,0 82.2615347,17.0090361,0 82.2614507,17.0090634,0 82.2611034,17.0091808,0 82.2607061,17.009315,0 82.2606632,17.0093271,0 82.2601638,17.0094933,0 82.2597387,17.0096387,0 82.2593122,17.0097769,0 82.2592298,17.0098086,0</coordinates></LineString>
</Placemark>
<Placemark><name>highway</name><styleUrl>#highway</styleUrl><description>highway: residential
source: Bing</description>
<LineString><tessellate>1</tessellate><coordinates>82.2542831,17.0123432,0 82.2546607,17.0121602,0 82.2546883,17.0121475,0 82.255581,17.0117488,0 82.2559238,17.0115799,0 82.2563856,17.011358,0 82.2575215,17.0109818,0 82.2579419,17.010854,0 82.2583176,17.0107192,0 82.2589693,17.010514,0 82.2594304,17.0103725,0 82.2604782,17.0100277,0 82.2606073,17.0104548,0 82.2595722,17.0107944,0</coordinates></LineString>
</Placemark>
<Placemark><name>highway</name><styleUrl>#highway</styleUrl><description>highway: residential</description>
<LineString><tessellate>1</tessellate><coordinates>82.2621003,17.0057128,0 82.2622311,17.0056941,0 82.262583,17.0056547,0 82.2628718,17.0056187,0 82.2632978,17.0055729,0 82.2641567,17.0054967,0 82.2646576,17.0054522,0 82.264975,17.0054077,0 82.2653708,17.0053523,0 82.2654207,17.0053486,0 82.2656634,17.0052895,0 82.2659537,17.0052671,0 82.2659712,17.0053961,0 82.2659448,17.0055039,0 82.2659036,17.0056511,0 82.2658516,17.0061008,0</coordinates></LineString>
</Placemark>
<Placemark><name>highway</name><styleUrl>#highway</styleUrl><description>highway: residential
source: Bing</description>
<LineString><tessellate>1</tessellate><coordinates>82.263239,17.0068678,0 82.2630527,17.0066452,0 82.2629719,17.0065679,0 82.2629057,17.0065261,0 82.2628744,17.0065064,0 82.2627085,17.006445,0 82.2625116,17.0064053,0 82.2622117,17.0063571,0 82.2621119,17.0057801,0 82.2621003,17.0057128,0 82.262064,17.005435,0 82.2619557,17.0047624,0 82.2618073,17.0041454,0 82.2617858,17.0040451,0 82.2617109,17.0037594,0 82.2616054,17.0033268,0 82.2605269,17.0035999,0 82.2594749,17.0038274,0</coordinates></LineString>
</Placemark>
<Placemark><name>highway</name><styleUrl>#highway</styleUrl><description>highway: residential</description>
<LineString><tessellate>1</tessellate><coordinates>82.2655226,17.0086791,0 82.265656,17.0086393,0 82.2656948,17.0086299,0 82.2658856,17.0085942,0 82.2664548,17.0086372,0 82.2665283,17.0086497,0 82.2666013,17.008676,0 82.2666362,17.0087052,0 82.2666711,17.008794,0 82.266754,17.0092272,0 82.266838,17.0095994,0 82.2669306,17.0100099,0 82.2674531,17.0099028,0 82.2680103,17.0097739,0 82.2684649,17.0096688,0 82.2688506,17.0095935,0 82.269311,17.0094626,0</coordinates></LineString>
</Placemark>
<Placemark><name>highway</name><styleUrl>#highway</styleUrl><description>highway: residential
source: Bing</description>
<Polygon><outerBoundaryIs><LinearRing><coordinates>82.2578126,17.0117992,0 82.2581381,17.0116752,0 82.2585834,17.0115193,0 82.2587359,17.0115423,0 82.2597148,17.0111928,0 82.2595722,17.0107944,0 82.2594304,17.0103725,0 82.2592298,17.0098086,0 82.2587578,17.009971,0 82.2580981,17.0101661,0 82.2577463,17.0102984,0 82.2577124,17.0103112,0 82.2576814,17.0103229,0 82.2573398,17.0104339,0 82.2575215,17.0109818,0 82.2576713,17.0113655,0 82.2576892,17.0114114,0 82.2578126,17.0117992,0</coordinates></LinearRing></outerBoundaryIs></Polygon>
</Placemark>
<Placemark><name>highway</name><styleUrl>#highway</styleUrl><description>highway: secondary
ref: MDR0190</description>
<LineString><tessellate>1</tessellate><coordinates>82.2589663,16.9940017,0 82.2594517,16.99371,0 82.2596367,16.9935546,0 82.2597964,16.9934188,0 82.2602055,16.9930759,0 82.2605815,16.9927483,0 82.2611574,16.9922886,0 82.2614704,16.9921092,0 82.2617608,16.9920884,0 82.2617832,16.9920868,0 82.262395,16.9921188,0 82.2627636,16.9921399,0 82.2633228,16.9921677,0 82.2634717,16.9921751,0 82.2651519,16.9922551,0 82.265938,16.9922905,0 82.2685351,16.9924074,0 82.2718975,16.9925584,0 82.2720009,16.9925632,0 82.2735836,16.9926364,0 82.275268,16.9926843,0 82.275694,16.9926806,0 82.2764903,16.9926738,0 82.2776358,16.9926354,0</coordinates></LineString>
</Placemark>
<Placemark><name>highway</name><styleUrl>#highway</styleUrl><description>highway: residential</description>
<LineString><tessellate>1</tessellate><coordinates>82.2537075,17.0162685,0 82.2533673,17.016476,0 82.2530477,17.0166919,0 82.2528364,17.0168178,0 82.2524642,17.0170395,0 82.2523733,17.0168881,0 82.2522267,17.0167507,0 82.2521798,17.0166554,0 82.2519862,17.016389,0 82.2518781,17.0162158,0</coordinates></LineString>
</Placemark>
<Placemark><name>highway</name><styleUrl>#highway</styleUrl><description>highway: residential
source: Bing</description>
<LineString><tessellate>1</tessellate><coordinates>82.2550557,17.0004933,0 82.2550527,16.9999547,0 82.2550564,16.9998364,0 82.2550581,16.9997511,0 82.2551015,16.9994558,0 82.2551065,16.9992958,0 82.2550912,16.9991275,0 82.2550187,16.9988323,0 82.2548802,16.9982943,0 82.2548656,16.9981713,0 82.2548106,16.9976798,0 82.2547667,16.9973699,0 82.2550643,16.9972809,0 82.2551047,16.9972665,0 82.2552584,16.9972119,0 82.2553744,16.9971889,0 82.255676,16.9971292,0 82.2557926,16.9971061,0 82.2558029,16.997104,0 82.2562009,16.997022,0 82.2564598,16.9970011,0 82.2566349,16.9969775,0 82.2567148,16.9969636,0 82.2571142,16.9968857,0 82.2574807,16.9967951,0 82.2575554,16.9967823,0 82.2579849,16.9966764,0 82.2585977,16.9965713,0 82.2589138,16.9965262,0 82.259024,16.9965105,0 82.2594495,16.9964294,0</coordinates></LineString>
</Placemark>
<Placemark><name>highway</name><styleUrl>#highway</styleUrl><description>highway: residential</description>
<LineString><tessellate>1</tessellate><coordinates>82.253376,17.00811,0 82.2544396,17.007707,0</coordinates></LineString>
</Placemark>
<Placemark><name>highway</name><styleUrl>#highway</styleUrl><description>highway: residential</description>
<LineString><tessellate>1</tessellate><coordinates>82.2535448,17.0084985,0 82.2545978,17.0080847,0</coordinates></LineString>
</Placemark>
<Placemark><name>highway</name><styleUrl>#highway</styleUrl><description>highway: residential</description>
<LineString><tessellate>1</tessellate><coordinates>82.2622203,16.9973084,0 82.2621986,16.9983905,0</coordinates></LineString>
</Placemark>
<Placemark><name>highway</name><styleUrl>#highway</styleUrl><description>highway: residential</description>
<LineString><tessellate>1</tessellate><coordinates>82.2496477,17.0082478,0 82.2498106,17.0086667,0</coordinates></LineString>
</Placemark>
<Placemark><name>highway</name><styleUrl>#highway</styleUrl><description>highway: residential</description>
<LineString><tessellate>1</tessellate><coordinates>82.2579849,16.9966764,0 82.2577824,16.9956054,0</coordinates></LineString>
</Placemark>
<Placemark><name>highway</name><styleUrl>#highway</styleUrl><description>highway: residential</description>
<LineString><tessellate>1</tessellate><coordinates>82.2625501,17.009277,0 82.2628269,17.0091227,0 82.2634625,17.0087803,0</coordinates></LineString>
</Placemark>
<Placemark><name>highway</name><styleUrl>#highway</styleUrl><description>highway: residential</description>
<LineString><tessellate>1</tessellate><coordinates>82.2635393,17.0002009,0 82.2635316,16.9983593,0</coordinates></LineString>
</Placemark>
<Placemark><name>highway</name><styleUrl>#highway</styleUrl><description>highway: residential</description>
<LineString><tessellate>1</tessellate><coordinates>82.2626342,16.9991695,0 82.2626279,16.9983831,0</coordinates></LineString>
</Placemark>
<Placemark><name>highway</name><styleUrl>#highway</styleUrl><description>highway: residential
source: Bing</description>
<LineString><tessellate>1</tessellate><coordinates>82.2590514,17.0066361,0 82.2584989,17.0068028,0</coordinates></LineString>
</Placemark>
<Placemark><name>highway</name><styleUrl>#highway</styleUrl><description>highway: residential
source: Bing</description>
<LineString><tessellate>1</tessellate><coordinates>82.2600455,17.0015947,0 82.2598982,17.0011888,0</coordinates></LineString>
</Placemark>
<Placemark><name>highway</name><styleUrl>#highway</styleUrl><description>highway: residential</description>
<LineString><tessellate>1</tessellate><coordinates>82.2523791,17.016476,0 82.2521387,17.0160834,0</coordinates></LineString>
</Placemark>
<Placemark><name>highway</name><styleUrl>#highway</styleUrl><description>highway: residential</description>
<LineString><tessellate>1</tessellate><coordinates>82.2639309,16.998351,0 82.2638964,16.9972342,0</coordinates></LineString>
</Placemark>
<Placemark><name>highway</name><styleUrl>#highway</styleUrl><description>highway: residential</description>
<LineString><tessellate>1</tessellate><coordinates>82.2521723,17.009025,0 82.2535448,17.0084985,0</coordinates></LineString>
</Placemark>
<Placemark><name>highway</name><styleUrl>#highway</styleUrl><description>highway: residential</description>
<LineString><tessellate>1</tessellate><coordinates>82.2638644,17.0159155,0 82.2650626,17.0155141,0</coordinates></LineString>
</Placemark>
<Placemark><name>highway</name><styleUrl>#highway</styleUrl><description>highway: residential</description>
<LineString><tessellate>1</tessellate><coordinates>82.2684511,17.013683,0 82.2681765,17.0125406,0</coordinates></LineString>
</Placemark>
<Placemark><name>highway</name><styleUrl>#highway</styleUrl><description>highway: residential</description>
<LineString><tessellate>1</tessellate><coordinates>82.2659789,17.0052664,0 82.2659563,17.0048257,0</coordinates></LineString>
</Placemark>
<Placemark><name>highway</name><styleUrl>#highway</styleUrl><description>highway: residential</description>
<LineString><tessellate>1</tessellate><coordinates>82.2573611,17.0094891,0 82.257215,17.0091356,0 82.257005,17.0086278,0</coordinates></LineString>
</Placemark>
<Placemark><name>highway</name><styleUrl>#highway</styleUrl><description>highway: residential</description>
<LineString><tessellate>1</tessellate><coordinates>82.2530886,17.0073948,0 82.2541442,17.0070015,0</coordinates></LineString>
</Placemark>
<Placemark><name>highway</name><styleUrl>#highway</styleUrl><description>highway: residential</description>
<LineString><tessellate>1</tessellate><coordinates>82.2526584,17.0063218,0 82.2538268,17.0058736,0</coordinates></LineString>
</Placemark>
<Placemark><name>highway</name><styleUrl>#highway</styleUrl><description>highway: residential</description>
<LineString><tessellate>1</tessellate><coordinates>82.2501286,17.0134863,0 82.2506276,17.0133134,0</coordinates></LineString>
</Placemark>
<Placemark><name>highway</name><styleUrl>#highway</styleUrl><description>highway: residential
source: Bing</description>
<LineString><tessellate>1</tessellate><coordinates>82.2603029,17.0027737,0 82.2589453,17.00303,0</coordinates></LineString>
</Placemark>
<Placemark><name>highway</name><styleUrl>#highway</styleUrl><description>highway: residential
source: Bing</description>
<LineString><tessellate>1</tessellate><coordinates>82.2584989,17.0068028,0 82.2587352,17.007536,0</coordinates></LineString>
</Placemark>
<Placemark><name>highway</name><styleUrl>#highway</styleUrl><description>highway: residential</description>
<LineString><tessellate>1</tessellate><coordinates>82.2626453,16.9973401,0 82.2626279,16.9983831,0</coordinates></LineString>
</Placemark>
<Placemark><name>highway</name><styleUrl>#highway</styleUrl><description>highway: residential</description>
<LineString><tessellate>1</tessellate><coordinates>82.2513354,17.0135727,0 82.2521831,17.0132294,0</coordinates></LineString>
</Placemark>
<Placemark><name>highway</name><styleUrl>#highway</styleUrl><description>highway: residential</description>
<LineString><tessellate>1</tessellate><coordinates>82.262657,17.0034211,0 82.2632756,17.0032861,0</coordinates></LineString>
</Placemark>
<Placemark><name>highway</name><styleUrl>#highway</styleUrl><description>highway: residential
source: Bing</description>
<LineString><tessellate>1</tessellate><coordinates>82.2589453,17.00303,0 82.2590907,17.0034184,0</coordinates></LineString>
</Placemark>
<Placemark><name>highway</name><styleUrl>#highway</styleUrl><description>highway: residential</description>
<LineString><tessellate>1</tessellate><coordinates>82.2506276,17.0133134,0 82.2508123,17.0137215,0 82.2502631,17.0139112,0</coordinates></LineString>
</Placemark>
<Placemark><name>highway</name><styleUrl>#highway</styleUrl><description>highway: residential
source: Bing</description>
<LineString><tessellate>1</tessellate><coordinates>82.2604433,17.0076249,0 82.2603788,17.0071714,0</coordinates></LineString>
</Placemark>
<Placemark><name>highway</name><styleUrl>#highway</styleUrl><description>highway: residential
source: Bing</description>
<LineString><tessellate>1</tessellate><coordinates>82.2568351,17.0014474,0 82.256685,17.0009144,0</coordinates></LineString>
</Placemark>
<Placemark><name>highway</name><styleUrl>#highway</styleUrl><description>highway: residential</description>
<LineString><tessellate>1</tessellate><coordinates>82.2666917,17.0131603,0 82.2670497,17.0145004,0</coordinates></LineString>
</Placemark>
<Placemark><name>highway</name><styleUrl>#highway</styleUrl><description>highway: residential</description>
<LineString><tessellate>1</tessellate><coordinates>82.253712,17.0088833,0 82.2547628,17.0084731,0</coordinates></LineString>
</Placemark>
<Placemark><name>highway</name><styleUrl>#highway</styleUrl><description>highway: residential</description>
<LineString><tessellate>1</tessellate><coordinates>82.2653096,17.0041435,0 82.2662065,17.0039791,0 82.266545,17.0039091,0 82.2666053,17.003904,0 82.2666563,17.0039373,0 82.2667462,17.0040592,0 82.2670166,17.0047583,0</coordinates></LineString>
</Placemark>
<Placemark><name>highway</name><styleUrl>#highway</styleUrl><description>highway: residential</description>
<LineString><tessellate>1</tessellate><coordinates>82.2617961,16.9991842,0 82.2618041,16.9984042,0</coordinates></LineString>
</Placemark>
<Placemark><name>highway</name><styleUrl>#highway</styleUrl><description>highway: residential
source: Bing</description>
<LineString><tessellate>1</tessellate><coordinates>82.2590907,17.0034184,0 82.2604009,17.0031264,0</coordinates></LineString>
</Placemark>
<Placemark><name>highway</name><styleUrl>#highway</styleUrl><description>highway: residential</description>
<LineString><tessellate>1</tessellate><coordinates>82.2496703,17.0141393,0 82.2502631,17.0139112,0</coordinates></LineString>
</Placemark>
<Placemark><name>highway</name><styleUrl>#highway</styleUrl><description>highway: residential
source: Bing</description>
<LineString><tessellate>1</tessellate><coordinates>82.2593414,17.0060346,0 82.2596822,17.0072744,0</coordinates></LineString>
</Placemark>
<Placemark><name>highway</name><styleUrl>#highway</styleUrl><description>highway: residential
source: Bing</description>
<LineString><tessellate>1</tessellate><coordinates>82.2567522,17.0072324,0 82.2584989,17.0068028,0</coordinates></LineString>
</Placemark>
<Placemark><name>highway</name><styleUrl>#highway</styleUrl><description>highway: residential</description>
<LineString><tessellate>1</tessellate><coordinates>82.2523405,17.0094038,0 82.253712,17.0088833,0</coordinates></LineString>
</Placemark>
<Placemark><name>highway</name><styleUrl>#highway</styleUrl><description>highway: residential
source: Bing</description>
<LineString><tessellate>1</tessellate><coordinates>82.2641561,17.0167373,0 82.2640132,17.0163452,0</coordinates></LineString>
</Placemark>
<Placemark><name>highway</name><styleUrl>#highway</styleUrl><description>bridge: yes
highway: residential
layer: 1
source: Bing</description>
<LineString><tessellate>1</tessellate><coordinates>82.256685,17.0009144,0 82.257043,17.0008504,0</coordinates></LineString>
</Placemark>
<Placemark><name>highway</name><styleUrl>#highway</styleUrl><description>highway: residential</description>
<LineString><tessellate>1</tessellate><coordinates>82.2520283,17.0129126,0 82.2511252,17.0132696,0</coordinates></LineString>
</Placemark>
<Placemark><name>highway</name><styleUrl>#highway</styleUrl><description>highway: residential</description>
<LineString><tessellate>1</tessellate><coordinates>82.2685932,17.0119968,0 82.2702475,17.0116194,0</coordinates></LineString>
</Placemark>
<Placemark><name>highway</name><styleUrl>#highway</styleUrl><description>highway: residential
source: Bing</description>
<LineString><tessellate>1</tessellate><coordinates>82.2559519,17.0041318,0 82.2560949,17.0045651,0</coordinates></LineString>
</Placemark>
<Placemark><name>highway</name><styleUrl>#highway</styleUrl><description>highway: residential
source: Bing</description>
<LineString><tessellate>1</tessellate><coordinates>82.2580863,17.0049865,0 82.2564894,17.0053326,0</coordinates></LineString>
</Placemark>
<Placemark><name>highway</name><styleUrl>#highway</styleUrl><description>highway: residential</description>
<LineString><tessellate>1</tessellate><coordinates>82.2624288,17.0024569,0 82.2630599,17.0023027,0</coordinates></LineString>
</Placemark>
<Placemark><name>highway</name><styleUrl>#highway</styleUrl><description>highway: residential</description>
<LineString><tessellate>1</tessellate><coordinates>82.2668417,17.0113981,0 82.2665152,17.0101211,0</coordinates></LineString>
</Placemark>
<Placemark><name>highway</name><styleUrl>#highway</styleUrl><description>highway: residential</description>
<LineString><tessellate>1</tessellate><coordinates>82.2652256,16.9983317,0 82.2652068,16.9972203,0</coordinates></LineString>
</Placemark>
<Placemark><name>highway</name><styleUrl>#highway</styleUrl><description>highway: residential</description>
<LineString><tessellate>1</tessellate><coordinates>82.2635909,17.0007625,0 82.2641966,17.0007829,0</coordinates></LineString>
</Placemark>
<Placemark><name>highway</name><styleUrl>#highway</styleUrl><description>bridge: yes
highway: residential
layer: 1
source: Bing</description>
<LineString><tessellate>1</tessellate><coordinates>82.2589139,17.0034557,0 82.2590907,17.0034184,0</coordinates></LineString>
</Placemark>
<Placemark><name>highway</name><styleUrl>#highway</styleUrl><description>highway: residential
source: Bing</description>
<LineString><tessellate>1</tessellate><coordinates>82.2581052,17.0031788,0 82.2577712,17.0020903,0</coordinates></LineString>
</Placemark>
<Placemark><name>highway</name><styleUrl>#highway</styleUrl><description>highway: residential
source: Bing</description>
<LineString><tessellate>1</tessellate><coordinates>82.2554742,16.9871543,0 82.2560371,16.9871174,0 82.2567344,16.9870686,0 82.2574232,16.9870267,0 82.2579039,16.9869952,0 82.2590557,16.9869198,0</coordinates></LineString>
</Placemark>
<Placemark><name>highway</name><styleUrl>#highway</styleUrl><description>highway: residential</description>
<LineString><tessellate>1</tessellate><coordinates>82.2532318,17.0077526,0 82.2542902,17.0073502,0</coordinates></LineString>
</Placemark>
<Placemark><name>highway</name><styleUrl>#highway</styleUrl><description>highway: residential
source: Bing</description>
<LineString><tessellate>1</tessellate><coordinates>82.2566808,17.0057112,0 82.2581753,17.0053893,0</coordinates></LineString>
</Placemark>
<Placemark><name>highway</name><styleUrl>#highway</styleUrl><description>highway: residential</description>
<LineString><tessellate>1</tessellate><coordinates>82.2524984,17.0059231,0 82.2536698,17.0054841,0</coordinates></LineString>
</Placemark>
<Placemark><name>highway</name><styleUrl>#highway</styleUrl><description>highway: residential
source: Bing</description>
<LineString><tessellate>1</tessellate><coordinates>82.2602282,17.0024438,0 82.2587001,17.0026755,0</coordinates></LineString>
</Placemark>
<Placemark><name>highway</name><styleUrl>#highway</styleUrl><description>highway: residential
source: Bing</description>
<LineString><tessellate>1</tessellate><coordinates>82.2579919,17.0045728,0 82.2562859,17.0049463,0</coordinates></LineString>
</Placemark>
<Placemark><name>highway</name><styleUrl>#highway</styleUrl><description>highway: residential</description>
<LineString><tessellate>1</tessellate><coordinates>82.2493711,17.0137932,0 82.2501365,17.013511,0</coordinates></LineString>
</Placemark>
<Placemark><name>highway</name><styleUrl>#highway</styleUrl><description>highway: residential</description>
<LineString><tessellate>1</tessellate><coordinates>82.2662864,17.0068809,0 82.2663536,17.0068674,0 82.2664665,17.006866,0 82.266531,17.006838,0 82.2665765,17.0068296,0 82.266663,17.0068057,0 82.2667612,17.0067917,0 82.2668873,17.0067735,0 82.267072,17.0067609,0 82.2670676,17.0068156,0 82.267059,17.0068369,0 82.2670324,17.0069025,0 82.2669738,17.0070161,0 82.2669269,17.0071675,0 82.2668462,17.0072432,0 82.2667363,17.0072894,0 82.266597,17.0073105,0 82.2665017,17.0073035,0 82.2664489,17.0072656,0 82.2663697,17.0072039,0 82.2663304,17.0072033,0</coordinates></LineString>
</Placemark>
<Placemark><name>highway</name><styleUrl>#highway</styleUrl><description>highway: residential</description>
<LineString><tessellate>1</tessellate><coordinates>82.2632901,17.0010297,0 82.2633151,17.0008057,0 82.2633503,17.0002029,0 82.2635393,17.0002009,0 82.263654,17.0002002,0 82.2639545,17.0002059,0 82.2639495,16.9998322,0 82.2639427,16.9994417,0 82.2639371,16.9991223,0 82.2639309,16.998351,0 82.2635316,16.9983593,0 82.2633379,16.9983708,0 82.2630668,16.9983755,0 82.2626279,16.9983831,0 82.2621986,16.9983905,0 82.2618041,16.9984042,0 82.2617331,16.9983986,0 82.2613218,16.9984098,0 82.2610166,16.9984064,0 82.2605198,16.9984315,0</coordinates></LineString>
</Placemark>
<Placemark><name>highway</name><styleUrl>#highway</styleUrl><description>highway: tertiary
source: Bing</description>
<LineString><tessellate>1</tessellate><coordinates>82.2527698,16.9940052,0 82.2522447,16.9921253,0 82.2522137,16.992015,0 82.2520333,16.9913739,0 82.2519956,16.9912398,0 82.2519138,16.990937,0 82.2517144,16.9901989,0 82.251635,16.9899019,0 82.2514477,16.9892096,0 82.2514273,16.9891358,0 82.2513777,16.9889532,0 82.2511893,16.9882585,0 82.2510307,16.9878677,0 82.2509308,16.9873992,0 82.2509264,16.9873787,0 82.2508182,16.9868826,0 82.2506362,16.9862004,0 82.2505521,16.9858852,0 82.2505155,16.9857482,0 82.250396,16.9853004,0 82.2503042,16.9848108,0 82.2502398,16.984467,0 82.2500548,16.9834166,0 82.2499984,16.9831099,0 82.2499011,16.9825803,0 82.2498912,16.9825264,0 82.2498182,16.9821558,0 82.2497074,16.9815939,0 82.249686,16.9814811,0 82.2495586,16.9811016,0 82.2495121,16.9808364,0 82.2494677,16.9805411,0 82.2493719,16.9799047,0 82.2493612,16.9798065,0 82.249352,16.9797267,0</coordinates></LineString>
</Placemark>
<Placemark><name>highway</name><styleUrl>#highway</styleUrl><description>highway: residential</description>
<LineString><tessellate>1</tessellate><coordinates>82.2663768,17.0047593,0 82.2663636,17.0046794,0 82.2663094,17.0044327,0 82.2662835,17.0043533,0 82.2662065,17.0039791,0 82.2660792,17.0034527,0 82.2659252,17.0033503,0 82.2654575,17.0030629,0 82.2651628,17.0028946,0 82.2651083,17.0028873,0 82.2650895,17.0028848,0 82.2649942,17.0029087,0 82.265113,17.0033503,0 82.2653096,17.0041435,0 82.264896,17.0042167,0 82.2644684,17.0043007,0 82.2642744,17.0036181,0 82.2641481,17.0030885,0 82.2637143,17.0031933,0 82.2638345,17.0036686,0 82.2640251,17.0043906,0 82.264101,17.0047337,0</coordinates></LineString>
</Placemark>
<Placemark><name>highway</name><styleUrl>#highway</styleUrl><description>highway: residential
source: Bing</description>
<LineString><tessellate>1</tessellate><coordinates>82.2518465,17.0044148,0 82.2522891,17.0042603,0 82.2526742,17.0041258,0 82.2526953,17.0041188,0 82.2530465,17.004003,0 82.2530947,17.0040295,0 82.2532421,17.0043799,0 82.2532968,17.0045233,0 82.2534129,17.004828,0 82.2536698,17.0054841,0 82.2538268,17.0058736,0 82.2538319,17.0058862,0 82.2539807,17.0066002,0 82.2539852,17.0066219,0 82.2540606,17.006802,0 82.2541442,17.0070015,0 82.2542902,17.0073502,0 82.2543498,17.0074925,0 82.2544396,17.007707,0 82.2545978,17.0080847,0 82.2547037,17.0083376,0 82.2547408,17.0084263,0 82.2547628,17.0084731,0 82.2548616,17.0086839,0 82.2548801,17.0087866,0 82.2548099,17.008906,0 82.2544816,17.0092222,0 82.2543805,17.0093196,0 82.2539482,17.009572,0</coordinates></LineString>
</Placemark>
<Placemark><name>highway</name><styleUrl>#highway</styleUrl><description>highway: residential
source: Bing</description>
<LineString><tessellate>1</tessellate><coordinates>82.2589727,17.0088867,0 82.2585088,17.0090544,0 82.2577781,17.0093279,0 82.2576034,17.0089343,0 82.2574115,17.0085021,0 82.2571789,17.008153,0 82.2568624,17.007539,0 82.2567522,17.0072324,0 82.2567289,17.0071031,0 82.256727,17.0070743,0 82.2567138,17.0068757,0 82.2567047,17.0067382,0 82.2567095,17.0062367,0 82.2566964,17.0061151,0 82.256699,17.0058116,0 82.2566808,17.0057112,0 82.2564894,17.0053326,0 82.2563527,17.0050731,0 82.2562859,17.0049463,0 82.2561897,17.0047544,0 82.2560949,17.0045651,0 82.2571481,17.004324,0 82.2578732,17.0041749,0 82.2579919,17.0045728,0 82.2580863,17.0049865,0 82.2581753,17.0053893,0 82.2582778,17.0058193,0 82.2583988,17.0062567,0 82.2589103,17.0061428,0</coordinates></LineString>
</Placemark>
<Placemark><name>highway</name><styleUrl>#highway</styleUrl><description>highway: secondary
ref: MDR024</description>
<LineString><tessellate>1</tessellate><coordinates>82.2589663,16.9940017,0 82.2586097,16.9941617,0 82.258236,16.9942511,0 82.2580966,16.9942475,0 82.2579559,16.9942439,0 82.2578544,16.9942087,0 82.2576814,16.9941551,0 82.2576075,16.9941224,0 82.2573785,16.994021,0 82.2572027,16.9939667,0 82.2570824,16.9939396,0 82.2569646,16.9939131,0 82.2565644,16.9938332,0 82.2564656,16.9938188,0 82.2563413,16.9938066,0 82.2560702,16.99378,0 82.25534,16.993705,0 82.2552162,16.9937051,0 82.255084,16.9937226,0 82.2547582,16.9937792,0 82.2546264,16.9938041,0 82.2542816,16.9938597,0 82.2540231,16.9938838,0 82.253753,16.9939123,0 82.2534985,16.9939436,0 82.2534094,16.9939499,0 82.2533109,16.9939569,0 82.2529762,16.9939805,0 82.2527698,16.9940052,0 82.2524901,16.9940268,0 82.252274,16.9940481,0 82.252155,16.9940515,0 82.2520545,16.9940431,0 82.2515599,16.99398,0 82.2511008,16.9939186,0 82.2508251,16.9938794,0 82.2507244,16.9938734,0 82.2506329,16.9938645,0 82.2503151,16.9938836,0 82.2492702,16.9941954,0</coordinates></LineString>
</Placemark>
<Placemark><name>highway</name><styleUrl>#highway</styleUrl><description>highway: secondary
ref: MDR0158</description>
<LineString><tessellate>1</tessellate><coordinates>82.2517484,17.0123732,0 82.2516197,17.0124332,0 82.251353,17.0125682,0 82.251239,17.0126451,0 82.2511438,17.0126849,0 82.2509962,17.0127426,0 82.2508071,17.0127836,0 82.250614,17.0127965,0 82.2504839,17.0128131,0 82.250327,17.0128606,0 82.2502103,17.0128952,0 82.2501205,17.0129286,0 82.250087,17.0129837,0 82.2500843,17.0131153,0 82.2501026,17.0131786,0 82.2500398,17.013239,0 82.2497066,17.0133475,0 82.2490337,17.0135673,0 82.2486634,17.0136715,0 82.2485377,17.0137129,0</coordinates></LineString>
</Placemark>
<Placemark><name>highway</name><styleUrl>#highway</styleUrl><description>highway: residential</description>
<LineString><tessellate>1</tessellate><coordinates>82.2512135,17.0098371,0 82.2515497,17.0097019,0 82.2513973,17.0093174,0</coordinates></LineString>
</Placemark>
<Placemark><name>highway</name><styleUrl>#highway</styleUrl><description>highway: residential</description>
<LineString><tessellate>1</tessellate><coordinates>82.2623379,17.007134,0 82.2625961,17.0070906,0 82.2632512,17.0070293,0</coordinates></LineString>
</Placemark>
<Placemark><name>highway</name><styleUrl>#highway</styleUrl><description>highway: residential
source: Bing</description>
<LineString><tessellate>1</tessellate><coordinates>82.2606312,17.003972,0 82.2617109,17.0037594,0 82.2626805,17.0035558,0</coordinates></LineString>
</Placemark>
<Placemark><name>highway</name><styleUrl>#highway</styleUrl><description>highway: residential</description>
<LineString><tessellate>1</tessellate><coordinates>82.259024,16.9965105,0 82.2587877,16.9954763,0 82.2591768,16.9954393,0</coordinates></LineString>
</Placemark>
<Placemark><name>highway</name><styleUrl>#highway</styleUrl><description>highway: residential
source: Bing</description>
<LineString><tessellate>1</tessellate><coordinates>82.2613568,17.0003906,0 82.2604543,17.0005049,0 82.2600029,17.0005772,0 82.2597792,17.0005905,0 82.2596126,17.0006116,0 82.2581479,17.0008005,0</coordinates></LineString>
</Placemark>
<Placemark><name>highway</name><styleUrl>#highway</styleUrl><description>highway: residential
source: Bing</description>
<LineString><tessellate>1</tessellate><coordinates>82.2576892,17.0114114,0 82.2584661,17.0111448,0 82.2595722,17.0107944,0</coordinates></LineString>
</Placemark>
<Placemark><name>highway</name><styleUrl>#highway</styleUrl><description>highway: residential</description>
<LineString><tessellate>1</tessellate><coordinates>82.2520769,17.0049456,0 82.2524727,17.0047826,0 82.2522891,17.0042603,0</coordinates></LineString>
</Placemark>
<Placemark><name>highway</name><styleUrl>#highway</styleUrl><description>highway: residential</description>
<LineString><tessellate>1</tessellate><coordinates>82.2514355,17.009303,0 82.2511371,17.008662,0 82.2509665,17.0082177,0</coordinates></LineString>
</Placemark>
<Placemark><name>highway</name><styleUrl>#highway</styleUrl><description>highway: residential</description>
<LineString><tessellate>1</tessellate><coordinates>82.2625961,17.0070906,0 82.2626132,17.0071845,0 82.2626799,17.0074449,0 82.262733,17.0076744,0</coordinates></LineString>
</Placemark>
<Placemark><name>highway</name><styleUrl>#highway</styleUrl><description>highway: residential</description>
<LineString><tessellate>1</tessellate><coordinates>82.2630621,16.9973639,0 82.2630668,16.9983755,0</coordinates></LineString>
</Placemark>
<Placemark><name>highway</name><styleUrl>#highway</styleUrl><description>highway: residential</description>
<LineString><tessellate>1</tessellate><coordinates>82.2702141,17.0142724,0 82.2706318,17.0141681,0 82.2704971,17.0136668,0</coordinates></LineString>
</Placemark>
<Placemark><name>highway</name><styleUrl>#highway</styleUrl><description>highway: residential</description>
<LineString><tessellate>1</tessellate><coordinates>82.2529373,17.0070166,0 82.2532606,17.0068704,0 82.2539807,17.0066002,0</coordinates></LineString>
</Placemark>
<Placemark><name>highway</name><styleUrl>#highway</styleUrl><description>highway: residential</description>
<LineString><tessellate>1</tessellate><coordinates>82.2635316,16.9983593,0 82.2635269,16.9973437,0</coordinates></LineString>
</Placemark>
<Placemark><name>highway</name><styleUrl>#highway</styleUrl><description>highway: residential
source: Bing</description>
<LineString><tessellate>1</tessellate><coordinates>82.2554457,17.0017962,0 82.2556524,17.0024132,0 82.2557078,17.0026036,0</coordinates></LineString>
</Placemark>
<Placemark><name>highway</name><styleUrl>#highway</styleUrl><description>highway: residential</description>
<LineString><tessellate>1</tessellate><coordinates>82.251353,17.0125682,0 82.2510859,17.0121522,0 82.2509816,17.0119565,0</coordinates></LineString>
</Placemark>
<Placemark><name>highway</name><styleUrl>#highway</styleUrl><description>highway: residential</description>
<LineString><tessellate>1</tessellate><coordinates>82.2534233,17.0158534,0 82.2529656,17.0161227,0 82.2526225,17.0163161,0</coordinates></LineString>
</Placemark>
<Placemark><name>highway</name><styleUrl>#highway</styleUrl><description>highway: residential
source: Bing</description>
<LineString><tessellate>1</tessellate><coordinates>82.2597387,17.0096387,0 82.2594039,17.0087525,0 82.259116,17.0079757,0</coordinates></LineString>
</Placemark>
<Placemark><name>highway</name><styleUrl>#highway</styleUrl><description>highway: residential</description>
<LineString><tessellate>1</tessellate><coordinates>82.2678959,17.0138229,0 82.2684511,17.013683,0 82.2689884,17.0135475,0</coordinates></LineString>
</Placemark>
<Placemark><name>highway</name><styleUrl>#highway</styleUrl><description>highway: residential</description>
<LineString><tessellate>1</tessellate><coordinates>82.2648421,16.9994197,0 82.2647978,16.9983381,0 82.2647652,16.99726,0</coordinates></LineString>
</Placemark>
<Placemark><name>highway</name><styleUrl>#highway</styleUrl><description>highway: residential
source: Bing</description>
<LineString><tessellate>1</tessellate><coordinates>82.2564279,17.0035345,0 82.2561463,17.0024887,0 82.2559312,17.001669,0</coordinates></LineString>
</Placemark>
<Placemark><name>highway</name><styleUrl>#highway</styleUrl><description>highway: residential</description>
<LineString><tessellate>1</tessellate><coordinates>82.2632076,17.0161314,0 82.2638644,17.0159155,0 82.2636912,17.0154831,0</coordinates></LineString>
</Placemark>
<Placemark><name>highway</name><styleUrl>#highway</styleUrl><description>highway: residential
source: Bing</description>
<LineString><tessellate>1</tessellate><coordinates>82.257269,17.0033666,0 82.256978,17.0022961,0 82.2573608,17.002194,0</coordinates></LineString>
</Placemark>
<Placemark><name>highway</name><styleUrl>#highway</styleUrl><description>highway: residential</description>
<LineString><tessellate>1</tessellate><coordinates>82.2524727,17.0047826,0 82.2528915,17.0046299,0 82.2526953,17.0041188,0</coordinates></LineString>
</Placemark>
<Placemark><name>highway</name><styleUrl>#highway</styleUrl><description>highway: residential</description>
<LineString><tessellate>1</tessellate><coordinates>82.2641357,17.005211,0 82.2649427,17.0051354,0 82.265332,17.0050989,0 82.2653708,17.0053523,0</coordinates></LineString>
</Placemark>
<Placemark><name>highway</name><styleUrl>#highway</styleUrl><description>highway: residential
source: Bing</description>
<LineString><tessellate>1</tessellate><coordinates>82.2618232,17.0012148,0 82.2611031,17.0013906,0 82.2605307,17.0015304,0 82.2600455,17.0015947,0</coordinates></LineString>
</Placemark>
<Placemark><name>highway</name><styleUrl>#highway</styleUrl><description>highway: residential
source: Bing</description>
<LineString><tessellate>1</tessellate><coordinates>82.2554457,17.0017962,0 82.2559312,17.001669,0 82.2563643,17.0015595,0</coordinates></LineString>
</Placemark>
<Placemark><name>highway</name><styleUrl>#highway</styleUrl><description>highway: residential</description>
<LineString><tessellate>1</tessellate><coordinates>82.2604938,16.99569,0 82.2603495,16.9952588,0 82.2591768,16.9954393,0</coordinates></LineString>
</Placemark>
<Placemark><name>highway</name><styleUrl>#highway</styleUrl><description>highway: residential</description>
<LineString><tessellate>1</tessellate><coordinates>82.2618115,16.9972033,0 82.2618041,16.9984042,0</coordinates></LineString>
</Placemark>
<Placemark><name>highway</name><styleUrl>#highway</styleUrl><description>highway: tertiary</description>
<LineString><tessellate>1</tessellate><coordinates>82.2710852,17.0135312,0 82.2714477,17.0150825,0 82.2715914,17.0155936,0 82.2715982,17.0156921,0 82.2718166,17.0188379,0 82.2718548,17.019282,0 82.2718667,17.0195599,0 82.2720039,17.0203358,0 82.2721537,17.0211829,0 82.2722155,17.0215326,0 82.2723225,17.021995,0 82.2725118,17.0228128,0 82.2726014,17.0232002,0 82.2726082,17.023648,0 82.2726443,17.0244857,0 82.2726505,17.0246306,0 82.2726464,17.0246713,0 82.2726323,17.0247059,0 82.2725947,17.0247482,0 82.2725196,17.0248149,0 82.2724928,17.0248476,0 82.2724821,17.0248803,0 82.2724769,17.0249625,0 82.2727276,17.0272734,0 82.2728116,17.027711,0 82.272942,17.0283899,0 82.2729947,17.0286642,0 82.2735758,17.0300548,0 82.2736155,17.030184,0 82.2736328,17.030326,0 82.2736458,17.0310727,0 82.2737146,17.0315167,0 82.2739521,17.032574,0 82.274106,17.0328333,0 82.2743168,17.0331727,0 82.2748055,17.0338583,0 82.2750031,17.0341711,0 82.2756536,17.0352011,0</coordinates></LineString>
</Placemark>
<Placemark><name>highway</name><styleUrl>#highway</styleUrl><description>highway: residential</description>
<LineString><tessellate>1</tessellate><coordinates>82.2679114,17.0157264,0 82.2678266,17.0154197,0 82.2677756,17.0152349,0 82.2676751,17.0148707,0 82.2675346,17.0143822,0</coordinates></LineString>
</Placemark>
<Placemark><name>highway</name><styleUrl>#highway</styleUrl><description>highway: residential</description>
<LineString><tessellate>1</tessellate><coordinates>82.2676751,17.0148707,0 82.2661545,17.015209,0 82.2650616,17.0154824,0</coordinates></LineString>
</Placemark>
<Placemark><name>highway</name><styleUrl>#highway</styleUrl><description>highway: residential</description>
<LineString><tessellate>1</tessellate><coordinates>82.264396,16.9994424,0 82.2643604,16.9983447,0 82.264336,16.9972223,0</coordinates></LineString>
</Placemark>
<Placemark><name>highway</name><styleUrl>#highway</styleUrl><description>highway: residential
source: Bing</description>
<LineString><tessellate>1</tessellate><coordinates>82.2584989,17.0068028,0 82.2583988,17.0062567,0 82.2567047,17.0067382,0</coordinates></LineString>
</Placemark>
<Placemark><name>highway</name><styleUrl>#highway</styleUrl><description>highway: residential
source: Bing</description>
<LineString><tessellate>1</tessellate><coordinates>82.247775,17.0068966,0 82.2481129,17.0077888,0 82.2484758,17.0086847,0 82.2486329,17.0090727,0 82.2486373,17.0090835,0 82.2491025,17.0102179,0 82.2494114,17.0109743,0 82.2499467,17.0122153,0 82.2500464,17.0124826,0 82.250602,17.0121938,0 82.2509537,17.011974,0 82.2509816,17.0119565,0 82.251511,17.0115025,0 82.2515772,17.0113311,0 82.2518034,17.011115,0 82.2520661,17.0108372,0 82.252345,17.0104628,0 82.2523636,17.0104459,0 82.2524648,17.0103539,0 82.2526532,17.0101019,0 82.2529845,17.0099714,0 82.2530984,17.0099255,0 82.2537465,17.0096643,0 82.2539482,17.009572,0 82.2538742,17.0093301,0 82.2537202,17.0089021,0 82.253712,17.0088833,0 82.2535448,17.0084985,0 82.2533984,17.0081616,0 82.253376,17.00811,0 82.2533611,17.0080757,0 82.2532566,17.0078145,0 82.2532318,17.0077526,0 82.2530886,17.0073948,0 82.2529373,17.0070166,0 82.2529288,17.0069955,0 82.2529231,17.0069812,0 82.2526584,17.0063218,0 82.2524984,17.0059231,0 82.2524648,17.0058393,0 82.2520769,17.0049456,0 82.2518465,17.0044148,0</coordinates></LineString>
</Placemark>
<Placemark><name>highway</name><styleUrl>#highway</styleUrl><description>highway: tertiary
source: Bing</description>
<LineString><tessellate>1</tessellate><coordinates>82.2634524,17.0061393,0 82.2633745,17.006518,0 82.2633115,17.0067184,0 82.263239,17.0068678,0 82.2632512,17.0070293,0 82.26327,17.0071217,0 82.2633343,17.0075158,0 82.2633847,17.0077411,0 82.2634473,17.0080209,0 82.263473,17.0081354,0 82.2634705,17.0082871,0 82.2634632,17.0087392,0 82.2634625,17.0087803,0 82.2634606,17.008896,0 82.2634802,17.0090555,0 82.2635435,17.0091617,0 82.2636416,17.0092944,0 82.2637426,17.0094214,0 82.2638295,17.0095745,0 82.2638388,17.0097227,0 82.2638483,17.0098735,0 82.2638753,17.0100253,0 82.2639002,17.0101649,0 82.2639828,17.010654,0 82.2640023,17.010722,0 82.264083,17.0110028,0 82.2640681,17.0111781,0 82.2640856,17.0112491,0 82.2641131,17.0113607,0 82.2642522,17.0117162,0 82.264283,17.0117948,0 82.2644455,17.0120862,0 82.2646084,17.0124462,0 82.2646263,17.0125046,0 82.2646373,17.0125406,0 82.2648364,17.0132617,0 82.264879,17.013467,0 82.2649018,17.0135768,0 82.2649389,17.0138533,0 82.2650492,17.0146743,0 82.2650762,17.0149857,0 82.2650616,17.0154824,0 82.2650626,17.0155141,0 82.265073,17.0158524,0 82.2650774,17.0159955,0 82.2651671,17.0162881,0 82.2651952,17.0163798,0 82.2654504,17.0169314,0</coordinates></LineString>
</Placemark>
<Placemark><name>highway</name><styleUrl>#highway</styleUrl><description>highway: residential</description>
<LineString><tessellate>1</tessellate><coordinates>82.2519314,17.0122859,0 82.2518175,17.0121198,0 82.2516591,17.0118447,0 82.2515808,17.011723,0</coordinates></LineString>
</Placemark>
<Placemark><name>highway</name><styleUrl>#highway</styleUrl><description>highway: residential
source: Bing</description>
<LineString><tessellate>1</tessellate><coordinates>82.2589103,17.0061428,0 82.258792,17.0057122,0 82.2585609,17.0048637,0 82.2580863,17.0049865,0</coordinates></LineString>
</Placemark>
<Placemark><name>highway</name><styleUrl>#highway</styleUrl><description>highway: residential</description>
<LineString><tessellate>1</tessellate><coordinates>82.2540616,17.011256,0 82.2546654,17.0110007,0 82.2550884,17.0108084,0 82.2553236,17.0112154,0</coordinates></LineString>
</Placemark>
<Placemark><name>highway</name><styleUrl>#highway</styleUrl><description>highway: residential</description>
<LineString><tessellate>1</tessellate><coordinates>82.2630668,16.9983755,0 82.2630699,16.9991726,0 82.2630816,17.0002185,0 82.2633503,17.0002029,0</coordinates></LineString>
</Placemark>
<Placemark><name>highway</name><styleUrl>#highway</styleUrl><description>highway: residential</description>
<LineString><tessellate>1</tessellate><coordinates>82.2508581,17.0149507,0 82.2516598,17.0145548,0 82.2522786,17.0142744,0 82.2525464,17.0141484,0</coordinates></LineString>
</Placemark>
<Placemark><name>highway</name><styleUrl>#highway</styleUrl><description>highway: residential</description>
<LineString><tessellate>1</tessellate><coordinates>82.2535146,17.0105804,0 82.2538153,17.0104357,0 82.2538485,17.0104198,0 82.254033,17.0107555,0</coordinates></LineString>
</Placemark>
<Placemark><name>highway</name><styleUrl>#highway</styleUrl><description>highway: residential
source: Bing</description>
<LineString><tessellate>1</tessellate><coordinates>82.2550557,17.0004933,0 82.2556367,17.0006124,0 82.255658,17.0006199,0 82.2561646,17.0007993,0 82.2564306,17.0008822,0 82.256685,17.0009144,0</coordinates></LineString>
</Placemark>
<Placemark><name>highway</name><styleUrl>#highway</styleUrl><description>highway: residential</description>
<LineString><tessellate>1</tessellate><coordinates>82.2528987,17.0113152,0 82.2525694,17.0108057,0 82.2524682,17.0106331,0</coordinates></LineString>
</Placemark>
<Placemark><name>highway</name><styleUrl>#highway</styleUrl><description>highway: residential</description>
<LineString><tessellate>1</tessellate><coordinates>82.2594099,16.9963017,0 82.2606047,16.9961186,0 82.2606922,16.9965011,0</coordinates></LineString>
</Placemark>
<Placemark><name>highway</name><styleUrl>#highway</styleUrl><description>highway: residential
source: Bing</description>
<LineString><tessellate>1</tessellate><coordinates>82.2589103,17.0061428,0 82.2590514,17.0066361,0 82.2592353,17.0073043,0 82.2592508,17.0073385,0</coordinates></LineString>
</Placemark>
<Placemark><name>highway</name><styleUrl>#highway</styleUrl><description>highway: residential</description>
<LineString><tessellate>1</tessellate><coordinates>82.2552915,17.0165768,0 82.2550368,17.0162526,0 82.2546214,17.0156384,0</coordinates></LineString>
</Placemark>
<Placemark><name>highway</name><styleUrl>#highway</styleUrl><description>highway: residential</description>
<LineString><tessellate>1</tessellate><coordinates>82.2626154,17.0002146,0 82.2626239,17.0001549,0 82.2626342,16.9991695,0 82.2630699,16.9991726,0</coordinates></LineString>
</Placemark>
<Placemark><name>highway</name><styleUrl>#highway</styleUrl><description>highway: residential
source: Bing</description>
<LineString><tessellate>1</tessellate><coordinates>82.2651952,17.0163798,0 82.2641561,17.0167373,0 82.2634471,17.0169779,0 82.2633576,17.0169775,0</coordinates></LineString>
</Placemark>
<Placemark><name>highway</name><styleUrl>#highway</styleUrl><description>highway: residential</description>
<LineString><tessellate>1</tessellate><coordinates>82.2549761,17.0094427,0 82.2553553,17.0093043,0 82.2554061,17.0092611,0 82.2557554,17.0091189,0 82.2559578,17.0090365,0 82.2561869,17.0089472,0 82.2566201,17.0087782,0 82.257005,17.0086278,0 82.2574115,17.0085021,0</coordinates></LineString>
</Placemark>
<Placemark><name>highway</name><styleUrl>#highway</styleUrl><description>highway: residential</description>
<LineString><tessellate>1</tessellate><coordinates>82.2606047,16.9961186,0 82.2604938,16.99569,0 82.2592769,16.9958716,0</coordinates></LineString>
</Placemark>
<Placemark><name>highway</name><styleUrl>#highway</styleUrl><description>highway: residential
source: Bing</description>
<Polygon><outerBoundaryIs><LinearRing><coordinates>82.257043,17.0008504,0 82.2581479,17.0008005,0 82.2582275,17.0013572,0 82.2576704,17.001372,0 82.2575867,17.0013524,0 82.257477,17.0012831,0 82.257043,17.0008504,0</coordinates></LinearRing></outerBoundaryIs></Polygon>
</Placemark>
<Placemark><name>highway</name><styleUrl>#highway</styleUrl><description>highway: residential</description>
<LineString><tessellate>1</tessellate><coordinates>82.2627606,17.0008053,0 82.2627706,17.0007035,0 82.2627976,17.0002257,0 82.2630816,17.0002185,0</coordinates></LineString>
</Placemark>
<Placemark><name>highway</name><styleUrl>#highway</styleUrl><description>highway: residential</description>
<LineString><tessellate>1</tessellate><coordinates>82.2508964,17.0155195,0 82.2512259,17.0153819,0 82.2519396,17.0150542,0 82.2527317,17.0147038,0</coordinates></LineString>
</Placemark>
<Placemark><name>highway</name><styleUrl>#highway</styleUrl><description>highway: residential</description>
<LineString><tessellate>1</tessellate><coordinates>82.2700683,17.0111647,0 82.2684731,17.0115447,0 82.2674466,17.0117893,0 82.2675036,17.0120941,0 82.2675277,17.0122235,0</coordinates></LineString>
</Placemark>
<Placemark><name>highway</name><styleUrl>#highway</styleUrl><description>highway: residential
source: Bing</description>
<LineString><tessellate>1</tessellate><coordinates>82.2554457,17.0017962,0 82.2553505,17.0015145,0 82.2552062,17.0009777,0 82.2550557,17.0004933,0</coordinates></LineString>
</Placemark>
<Placemark><name>highway</name><styleUrl>#highway</styleUrl><description>highway: residential</description>
<LineString><tessellate>1</tessellate><coordinates>82.2531421,17.0116683,0 82.2528987,17.0113152,0 82.2525291,17.0115137,0 82.2520184,17.0118027,0</coordinates></LineString>
</Placemark>
<Placemark><name>highway</name><styleUrl>#highway</styleUrl><description>highway: residential</description>
<LineString><tessellate>1</tessellate><coordinates>82.2563379,17.0123997,0 82.2559655,17.0125736,0 82.2557743,17.0121436,0 82.255581,17.0117488,0</coordinates></LineString>
</Placemark>
<Placemark><name>highway</name><styleUrl>#highway</styleUrl><description>highway: residential</description>
<LineString><tessellate>1</tessellate><coordinates>82.2633847,17.0077411,0 82.263838,17.0076267,0 82.2637325,17.0069257,0 82.2632512,17.0070293,0</coordinates></LineString>
</Placemark>
<Placemark><name>highway</name><styleUrl>#highway</styleUrl><description>highway: residential
source: Bing</description>
<LineString><tessellate>1</tessellate><coordinates>82.2585609,17.0048637,0 82.259579,17.0045946,0 82.2593589,17.0042763,0 82.2593108,17.0042067,0 82.2579919,17.0045728,0</coordinates></LineString>
</Placemark>
<Placemark><name>highway</name><styleUrl>#highway</styleUrl><description>highway: residential</description>
<LineString><tessellate>1</tessellate><coordinates>82.2674466,17.0117893,0 82.2660608,17.0121032,0 82.2659252,17.0121456,0 82.2652325,17.0123202,0 82.2651596,17.0123386,0 82.2651184,17.0123545,0 82.2646373,17.0125406,0</coordinates></LineString>
</Placemark>
<Placemark><name>highway</name><styleUrl>#highway</styleUrl><description>highway: residential</description>
<LineString><tessellate>1</tessellate><coordinates>82.2550884,17.0108084,0 82.2548396,17.010396,0 82.254033,17.0107555,0 82.2537987,17.0108599,0</coordinates></LineString>
</Placemark>
<Placemark><name>highway</name><styleUrl>#highway</styleUrl><description>highway: residential</description>
<LineString><tessellate>1</tessellate><coordinates>82.2516567,17.0087631,0 82.2521883,17.0085569,0 82.2529928,17.0082595,0 82.2528706,17.0079614,0 82.2528498,17.0079105,0</coordinates></LineString>
</Placemark>
<Placemark><name>highway</name><styleUrl>#highway</styleUrl><description>highway: residential</description>
<LineString><tessellate>1</tessellate><coordinates>82.2622465,17.0088217,0 82.2624165,17.0087748,0 82.2625366,17.0087311,0 82.2634705,17.0082871,0</coordinates></LineString>
</Placemark>
<Placemark><name>highway</name><styleUrl>#highway</styleUrl><description>highway: residential</description>
<LineString><tessellate>1</tessellate><coordinates>82.2682378,17.0152236,0 82.2693774,17.0149553,0 82.269396,17.0149509,0 82.2703332,17.0147508,0</coordinates></LineString>
</Placemark>
<Placemark><name>highway</name><styleUrl>#highway</styleUrl><description>highway: residential</description>
<LineString><tessellate>1</tessellate><coordinates>82.2589693,17.010514,0 82.2587578,17.009971,0</coordinates></LineString>
</Placemark>
<Placemark><name>highway</name><styleUrl>#highway</styleUrl><description>highway: residential</description>
<LineString><tessellate>1</tessellate><coordinates>82.267072,17.0067609,0 82.2670887,17.0064355,0 82.2670896,17.0064174,0 82.2671109,17.0060008,0</coordinates></LineString>
</Placemark>
<Placemark><name>highway</name><styleUrl>#highway</styleUrl><description>highway: residential</description>
<LineString><tessellate>1</tessellate><coordinates>82.2505643,17.0083783,0 82.2498106,17.0086667,0 82.2495528,17.0087653,0 82.2492676,17.0088644,0 82.2486373,17.0090835,0</coordinates></LineString>
</Placemark>
<Placemark><name>highway</name><styleUrl>#highway</styleUrl><description>highway: residential
source: Bing</description>
<LineString><tessellate>1</tessellate><coordinates>82.2582275,17.0013572,0 82.2592546,17.0012969,0 82.2598982,17.0011888,0 82.2601255,17.0011695,0 82.2605818,17.0010444,0 82.2616104,17.0008271,0</coordinates></LineString>
</Placemark>
<Placemark><name>highway</name><styleUrl>#highway</styleUrl><description>highway: residential
source: Bing</description>
<LineString><tessellate>1</tessellate><coordinates>82.263276,17.0165706,0 82.2632627,17.0166598,0 82.2633576,17.0169775,0 82.2623391,17.0174968,0</coordinates></LineString>
</Placemark>
<Placemark><name>highway</name><styleUrl>#highway</styleUrl><description>highway: residential</description>
<LineString><tessellate>1</tessellate><coordinates>82.2559655,17.0125736,0 82.2551892,17.0129231,0 82.2549468,17.0125362,0 82.2548948,17.0124532,0 82.2546883,17.0121475,0</coordinates></LineString>
</Placemark>
<Placemark><name>highway</name><styleUrl>#highway</styleUrl><description>highway: residential</description>
<LineString><tessellate>1</tessellate><coordinates>82.2507923,17.0078132,0 82.2496477,17.0082478,0 82.2495615,17.0082805,0 82.2484758,17.0086847,0 82.2482604,17.0087902,0 82.2482043,17.0088193,0</coordinates></LineString>
</Placemark>
<Placemark><name>highway</name><styleUrl>#highway</styleUrl><description>highway: residential
source: Bing</description>
<LineString><tessellate>1</tessellate><coordinates>82.2676759,17.012937,0 82.2672233,17.0130433,0 82.2671866,17.0130519,0 82.2666917,17.0131603,0 82.2662044,17.0132759,0</coordinates></LineString>
</Placemark>
<Placemark><name>highway</name><styleUrl>#highway</styleUrl><description>highway: residential
source: Bing</description>
<LineString><tessellate>1</tessellate><coordinates>82.2577628,17.0037239,0 82.2578732,17.0041749,0 82.2591165,17.0038194,0 82.2591733,17.0039326,0 82.2593108,17.0042067,0</coordinates></LineString>
</Placemark>
<Placemark><name>highway</name><styleUrl>#highway</styleUrl><description>highway: residential
source: Bing</description>
<LineString><tessellate>1</tessellate><coordinates>82.2601467,17.0071977,0 82.2599953,17.0066829,0 82.2597776,17.0059409,0 82.2593414,17.0060346,0 82.2589103,17.0061428,0</coordinates></LineString>
</Placemark>
<Placemark><name>highway</name><styleUrl>#highway</styleUrl><description>highway: residential</description>
<LineString><tessellate>1</tessellate><coordinates>82.2565024,17.0152666,0 82.2569324,17.0150641,0 82.2567425,17.0146941,0 82.2563598,17.0148469,0</coordinates></LineString>
</Placemark>
<Placemark><name>highway</name><styleUrl>#highway</styleUrl><description>highway: residential</description>
<LineString><tessellate>1</tessellate><coordinates>82.2639009,17.0021082,0 82.2641481,17.0030885,0 82.2645687,17.0029996,0 82.2649942,17.0029087,0</coordinates></LineString>
</Placemark>
<Placemark><name>highway</name><styleUrl>#highway</styleUrl><description>highway: residential</description>
<LineString><tessellate>1</tessellate><coordinates>82.2691076,17.0139871,0 82.2689884,17.0135475,0 82.2687041,17.0124144,0 82.2685932,17.0119968,0 82.2684731,17.0115447,0</coordinates></LineString>
</Placemark>
<Placemark><name>highway</name><styleUrl>#highway</styleUrl><description>highway: residential</description>
<LineString><tessellate>1</tessellate><coordinates>82.2632166,17.0052992,0 82.2633264,17.0052783,0 82.2636518,17.0052391,0 82.2641357,17.005211,0 82.2641567,17.0054967,0</coordinates></LineString>
</Placemark>
<Placemark><name>highway</name><styleUrl>#highway</styleUrl><description>highway: residential</description>
<LineString><tessellate>1</tessellate><coordinates>82.2485073,17.0128453,0 82.2488599,17.0128234,0 82.2488987,17.0128272,0 82.2489202,17.0128503,0 82.2489497,17.0130299,0 82.2489631,17.01306,0 82.2489806,17.0130748,0 82.2490051,17.0130774,0 82.249489,17.012948,0 82.2497903,17.0128593,0 82.2500973,17.0127194,0 82.2501407,17.0126685,0</coordinates></LineString>
</Placemark>
<Placemark><name>highway</name><styleUrl>#highway</styleUrl><description>highway: residential</description>
<LineString><tessellate>1</tessellate><coordinates>82.2511835,17.0161111,0 82.2514051,17.0159968,0 82.2517607,17.0158344,0 82.2518574,17.0157903,0 82.251927,17.0157585,0 82.2521982,17.0156192,0</coordinates></LineString>
</Placemark>
<Placemark><name>highway</name><styleUrl>#highway</styleUrl><description>highway: residential</description>
<LineString><tessellate>1</tessellate><coordinates>82.2617858,17.0040451,0 82.2620494,17.0039883,0 82.2621115,17.0039869,0 82.2627197,17.0038217,0 82.2627558,17.0038138,0</coordinates></LineString>
</Placemark>
<Placemark><name>highway</name><styleUrl>#highway</styleUrl><description>highway: residential</description>
<LineString><tessellate>1</tessellate><coordinates>82.2554715,17.0150968,0 82.2557516,17.0157868,0 82.2558935,17.0161528,0</coordinates></LineString>
</Placemark>
<Placemark><name>highway</name><styleUrl>#highway</styleUrl><description>highway: residential</description>
<LineString><tessellate>1</tessellate><coordinates>82.2660608,17.0121032,0 82.2659375,17.0116018,0 82.2655987,17.0103273,0 82.2651487,17.0104386,0 82.2640023,17.010722,0</coordinates></LineString>
</Placemark>
<Placemark><name>highway</name><styleUrl>#highway</styleUrl><description>highway: residential</description>
<LineString><tessellate>1</tessellate><coordinates>82.2648323,17.0077575,0 82.2647793,17.0074893,0 82.2647206,17.0071024,0 82.2646444,17.0067575,0 82.2646035,17.0060766,0</coordinates></LineString>
</Placemark>
<Placemark><name>highway</name><styleUrl>#highway</styleUrl><description>highway: residential</description>
<LineString><tessellate>1</tessellate><coordinates>82.264896,17.0042167,0 82.2645687,17.0029996,0 82.2643517,17.0020727,0 82.2644293,17.0021381,0 82.2651083,17.0028873,0</coordinates></LineString>
</Placemark>
<Placemark><name>highway</name><styleUrl>#highway</styleUrl><description>highway: residential
source: Bing</description>
<LineString><tessellate>1</tessellate><coordinates>82.260389,17.0084728,0 82.2606632,17.0093271,0</coordinates></LineString>
</Placemark>
<Placemark><name>highway</name><styleUrl>#highway</styleUrl><description>highway: residential</description>
<LineString><tessellate>1</tessellate><coordinates>82.2704458,17.0152033,0 82.2703332,17.0147508,0 82.2702141,17.0142724,0 82.2692465,17.0144967,0 82.2681303,17.0147799,0</coordinates></LineString>
</Placemark>
<Placemark><name>highway</name><styleUrl>#highway</styleUrl><description>highway: residential</description>
<LineString><tessellate>1</tessellate><coordinates>82.2515288,17.016389,0 82.2518781,17.0162158,0 82.251951,17.0161956,0 82.2519129,17.0161395,0 82.2517607,17.0158344,0</coordinates></LineString>
</Placemark>
<Placemark><name>highway</name><styleUrl>#highway</styleUrl><description>highway: residential
source: Bing</description>
<LineString><tessellate>1</tessellate><coordinates>82.2593122,17.0097769,0 82.2591972,17.0094772,0 82.2589727,17.0088867,0</coordinates></LineString>
</Placemark>
<Placemark><name>highway</name><styleUrl>#highway</styleUrl><description>highway: residential
source: Bing</description>
<LineString><tessellate>1</tessellate><coordinates>82.2525404,17.0026433,0 82.2529335,17.0025201,0 82.253736,17.0022685,0 82.2541405,17.0021606,0 82.2542342,17.0021356,0 82.254542,17.0020445,0 82.254937,17.0019275,0 82.2554457,17.0017962,0</coordinates></LineString>
</Placemark>
<Placemark><name>highway</name><styleUrl>#highway</styleUrl><description>highway: residential</description>
<LineString><tessellate>1</tessellate><coordinates>82.2528364,17.0168178,0 82.2530594,17.0171545,0 82.2531327,17.0171349,0 82.2539684,17.0166162,0</coordinates></LineString>
</Placemark>
<Placemark><name>highway</name><styleUrl>#highway</styleUrl><description>highway: residential
source: Bing</description>
<LineString><tessellate>1</tessellate><coordinates>82.2558556,17.0036526,0 82.2564279,17.0035345,0 82.2568618,17.0034479,0 82.257269,17.0033666,0 82.257676,17.0032787,0 82.2577628,17.0037239,0</coordinates></LineString>
</Placemark>
<Placemark><name>highway</name><styleUrl>#highway</styleUrl><description>highway: residential</description>
<LineString><tessellate>1</tessellate><coordinates>82.265332,17.0050989,0 82.2653293,17.0049809,0 82.2659395,17.0048238,0 82.2659563,17.0048257,0 82.2659814,17.0048287,0</coordinates></LineString>
</Placemark>
<Placemark><name>highway</name><styleUrl>#highway</styleUrl><description>highway: residential</description>
<LineString><tessellate>1</tessellate><coordinates>82.2568474,17.0096912,0 82.2569275,17.0098785,0 82.2570934,17.0102433,0 82.257195,17.0104693,0 82.2573398,17.0104339,0</coordinates></LineString>
</Placemark>
<Placemark><name>highway</name><styleUrl>#highway</styleUrl><description>highway: residential</description>
<LineString><tessellate>1</tessellate><coordinates>82.2514027,17.0063099,0 82.2510422,17.006437,0 82.2505964,17.0065956,0 82.2503207,17.0066829,0 82.2499714,17.00588,0</coordinates></LineString>
</Placemark>
<Placemark><name>highway</name><styleUrl>#highway</styleUrl><description>highway: residential</description>
<LineString><tessellate>1</tessellate><coordinates>82.2515263,17.0106226,0 82.2514623,17.0105112,0 82.2513483,17.010192,0 82.2509585,17.0103407,0 82.2503763,17.0105645,0</coordinates></LineString>
</Placemark>
<Placemark><name>highway</name><styleUrl>#highway</styleUrl><description>highway: residential
source: Bing</description>
<LineString><tessellate>1</tessellate><coordinates>82.2509356,17.0018551,0 82.2518923,17.0015147,0 82.2529569,17.0011473,0 82.2530122,17.0011282,0 82.2532824,17.0010399,0 82.253717,17.0008979,0 82.2541288,17.0007634,0 82.2545577,17.0006384,0 82.2550557,17.0004933,0</coordinates></LineString>
</Placemark>
<Placemark><name>highway</name><styleUrl>#highway</styleUrl><description>highway: residential</description>
<LineString><tessellate>1</tessellate><coordinates>82.2509537,17.011974,0 82.2509241,17.0119133,0 82.2508447,17.0117113,0 82.2513428,17.0115271,0 82.251511,17.0115025,0</coordinates></LineString>
</Placemark>
<Placemark><name>highway</name><styleUrl>#highway</styleUrl><description>highway: residential</description>
<LineString><tessellate>1</tessellate><coordinates>82.250219,17.0102078,0 82.2505231,17.0100889,0 82.2510373,17.0098985,0 82.2512135,17.0098371,0 82.2513483,17.010192,0</coordinates></LineString>
</Placemark>
<Placemark><name>highway</name><styleUrl>#highway</styleUrl><description>highway: residential</description>
<LineString><tessellate>1</tessellate><coordinates>82.262583,17.0056547,0 82.2625256,17.0051791,0 82.2624645,17.0047352,0 82.2624024,17.0045048,0 82.262331,17.004278,0</coordinates></LineString>
</Placemark>
<Placemark><name>highway</name><styleUrl>#highway</styleUrl><description>highway: residential</description>
<LineString><tessellate>1</tessellate><coordinates>82.2656212,17.0065402,0 82.2658352,17.0065352,0 82.2659659,17.0065421,0 82.266025,17.0065481,0 82.2662381,17.0065364,0</coordinates></LineString>
</Placemark>
<Placemark><name>highway</name><styleUrl>#highway</styleUrl><description>highway: residential</description>
<LineString><tessellate>1</tessellate><coordinates>82.2550368,17.0162526,0 82.2554883,17.0159292,0 82.2550786,17.0153614,0</coordinates></LineString>
</Placemark>
<Placemark><name>highway</name><styleUrl>#highway</styleUrl><description>highway: residential</description>
<LineString><tessellate>1</tessellate><coordinates>82.2560558,17.0154709,0 82.2565024,17.0152666,0 82.2563598,17.0148469,0 82.2562033,17.0144335,0 82.2557697,17.0146264,0</coordinates></LineString>
</Placemark>
<Placemark><name>highway</name><styleUrl>#highway</styleUrl><description>highway: residential
source: Bing</description>
<LineString><tessellate>1</tessellate><coordinates>82.2607563,17.0108651,0 82.2606073,17.0104548,0 82.2616834,17.0100865,0 82.2615339,17.0096746,0 82.260946,17.0098537,0 82.2604782,17.0100277,0</coordinates></LineString>
</Placemark>
<Placemark><name>highway</name><styleUrl>#highway</styleUrl><description>highway: residential</description>
<LineString><tessellate>1</tessellate><coordinates>82.2639573,17.0015196,0 82.2641899,17.0015036,0 82.2641858,17.0012756,0 82.2641902,17.0010764,0 82.2641966,17.0007829,0 82.2642003,17.0006113,0</coordinates></LineString>
</Placemark>
<Placemark><name>highway</name><styleUrl>#highway</styleUrl><description>highway: residential</description>
<LineString><tessellate>1</tessellate><coordinates>82.250602,17.0121938,0 82.2505273,17.0120617,0 82.2501813,17.0111896,0 82.2496506,17.0099811,0 82.2491025,17.0102179,0</coordinates></LineString>
</Placemark>
<Placemark><name>highway</name><styleUrl>#highway</styleUrl><description>highway: residential
source: Bing</description>
<LineString><tessellate>1</tessellate><coordinates>82.2518465,17.0044148,0 82.2507129,17.0048504,0 82.2500228,17.0050524,0 82.2487897,17.0053776,0 82.2473404,17.0058077,0 82.2473621,17.0059114,0 82.247775,17.0068966,0</coordinates></LineString>
</Placemark>
<Placemark><name>highway</name><styleUrl>#highway</styleUrl><description>highway: residential</description>
<LineString><tessellate>1</tessellate><coordinates>82.2683372,17.0156337,0 82.2691937,17.0154725,0 82.2694899,17.0154052,0 82.2704458,17.0152033,0 82.2705741,17.0157475,0</coordinates></LineString>
</Placemark>
<Placemark><name>highway</name><styleUrl>#highway</styleUrl><description>highway: residential</description>
<LineString><tessellate>1</tessellate><coordinates>82.2656857,16.999404,0 82.2656436,16.9983278,0 82.2656539,16.9972402,0 82.266073,16.9972666,0</coordinates></LineString>
</Placemark>
<Placemark><name>highway</name><styleUrl>#highway</styleUrl><description>highway: residential</description>
<LineString><tessellate>1</tessellate><coordinates>82.2694899,17.0154052,0 82.2694635,17.0153435,0 82.2693774,17.0149553,0 82.2692465,17.0144967,0 82.2691076,17.0139871,0</coordinates></LineString>
</Placemark>
<Placemark><name>highway</name><styleUrl>#highway</styleUrl><description>highway: residential</description>
<LineString><tessellate>1</tessellate><coordinates>82.2567614,17.012186,0 82.2566634,17.0122391,0 82.2563874,17.0123753,0 82.2563379,17.0123997,0 82.2561161,17.0119436,0 82.2559238,17.0115799,0</coordinates></LineString>
</Placemark>
<Placemark><name>highway</name><styleUrl>#highway</styleUrl><description>highway: residential</description>
<LineString><tessellate>1</tessellate><coordinates>82.2634974,17.0011368,0 82.2635632,17.0010625,0 82.2635909,17.0007625,0 82.2636083,17.0006083,0 82.263654,17.0002002,0</coordinates></LineString>
</Placemark>
<Placemark><name>highway</name><styleUrl>#highway</styleUrl><description>highway: residential</description>
<LineString><tessellate>1</tessellate><coordinates>82.2474605,16.9821704,0 82.2472649,16.9816771,0 82.2471134,16.9813041,0 82.2470248,16.9810704,0 82.2469294,16.9808189,0 82.246779,16.9803113,0</coordinates></LineString>
</Placemark>
<Placemark><name>highway</name><styleUrl>#highway</styleUrl><description>highway: service</description>
<LineString><tessellate>1</tessellate><coordinates>82.2754253,17.0077044,0 82.2753998,17.009238,0 82.2753919,17.0096776,0 82.2753881,17.0098887,0 82.2753832,17.0101618,0 82.2753679,17.0110083,0 82.2781777,17.0109687,0 82.2782687,17.0109686,0 82.2784942,17.0109686,0 82.2795575,17.0109686,0 82.2800613,17.0109686,0 82.2804182,17.0109686,0 82.2809747,17.0109112,0 82.2810674,17.0109347,0 82.2823222,17.0121372,0 82.2829134,17.0126719,0 82.2830533,17.0127984,0 82.2839643,17.0136156,0</coordinates></LineString>
</Placemark>
<Placemark><name>highway</name><styleUrl>#highway</styleUrl><description>highway: residential</description>
<LineString><tessellate>1</tessellate><coordinates>82.2613218,16.9984098,0 82.2613238,16.9991258,0 82.2613365,16.9991559,0 82.2613671,16.9991743,0 82.2617961,16.9991842,0 82.2622051,16.9991734,0 82.2621986,16.9983905,0</coordinates></LineString>
</Placemark>
<Placemark><name>highway</name><styleUrl>#highway</styleUrl><description>highway: residential
source: Bing</description>
<LineString><tessellate>1</tessellate><coordinates>82.2650774,17.0159955,0 82.2640132,17.0163452,0 82.263276,17.0165706,0 82.2631896,17.0165163,0 82.2631109,17.0165336,0 82.2616942,17.0173148,0 82.2615024,17.0174144,0 82.2614461,17.0174529,0 82.261434,17.0174926,0 82.2614381,17.0175388,0 82.2615507,17.0178248,0 82.2615936,17.0178632,0 82.2616433,17.0178889,0 82.2616835,17.0179043,0 82.2617143,17.0179261,0 82.2618328,17.0181495,0</coordinates></LineString>
</Placemark>
<Placemark><name>highway</name><styleUrl>#highway</styleUrl><description>highway: residential</description>
<LineString><tessellate>1</tessellate><coordinates>82.2562051,17.0159106,0 82.2560558,17.0154709,0 82.256035,17.0153989,0 82.2557697,17.0146264,0 82.2553755,17.0148027,0</coordinates></LineString>
</Placemark>
<Placemark><name>highway</name><styleUrl>#highway</styleUrl><description>highway: residential
source: Bing</description>
<LineString><tessellate>1</tessellate><coordinates>82.2582275,17.0013572,0 82.258288,17.001881,0 82.2582995,17.0019578,0 82.2583244,17.0021244,0 82.2583759,17.002283,0 82.2583895,17.002303,0 82.2584754,17.0023099,0 82.2586188,17.0025937,0 82.2587001,17.0026755,0 82.2589453,17.00303,0</coordinates></LineString>
</Placemark>
<Placemark><name>highway</name><styleUrl>#highway</styleUrl><description>highway: residential
source: Bing</description>
<LineString><tessellate>1</tessellate><coordinates>82.2579476,17.0020401,0 82.2577712,17.0020903,0 82.2573608,17.002194,0 82.257676,17.0032787,0 82.2581052,17.0031788,0 82.2586767,17.003086,0</coordinates></LineString>
</Placemark>
<Placemark><name>highway</name><styleUrl>#highway</styleUrl><description>highway: residential</description>
<LineString><tessellate>1</tessellate><coordinates>82.251797,17.0091661,0 82.251726,17.0089217,0 82.2516567,17.0087631,0 82.2515062,17.0084181,0 82.2514419,17.0082535,0 82.251348,17.0080789,0</coordinates></LineString>
</Placemark>
<Placemark><name>highway</name><styleUrl>#highway</styleUrl><description>highway: residential
source: Bing</description>
<LineString><tessellate>1</tessellate><coordinates>82.2584754,17.0023099,0 82.259086,17.0021901,0 82.2601232,17.0020333,0 82.2600455,17.0015947,0 82.2590671,17.0017653,0 82.258288,17.001881,0</coordinates></LineString>
</Placemark>
<Placemark><name>highway</name><styleUrl>#highway</styleUrl><description>highway: residential</description>
<LineString><tessellate>1</tessellate><coordinates>82.2515062,17.0084181,0 82.2516285,17.0084003,0 82.2521178,17.0081921,0 82.2526777,17.0079859,0 82.2528498,17.0079105,0 82.2527127,17.0075354,0</coordinates></LineString>
</Placemark>
<Placemark><name>highway</name><styleUrl>#highway</styleUrl><description>highway: residential</description>
<LineString><tessellate>1</tessellate><coordinates>82.2704081,17.0120269,0 82.2687041,17.0124144,0 82.2686743,17.0124212,0 82.2681765,17.0125406,0 82.2676347,17.0126706,0 82.2675895,17.0125095,0 82.2675277,17.0122235,0</coordinates></LineString>
</Placemark>
<Placemark><name>highway</name><styleUrl>#highway</styleUrl><description>highway: residential</description>
<LineString><tessellate>1</tessellate><coordinates>82.2509665,17.0082177,0 82.2507923,17.0078132,0 82.251263,17.0076328,0 82.2518456,17.0074184,0 82.2519472,17.007381,0 82.2529288,17.0069955,0</coordinates></LineString>
</Placemark>
<Placemark><name>highway</name><styleUrl>#highway</styleUrl><description>highway: residential</description>
<LineString><tessellate>1</tessellate><coordinates>82.2585977,16.9965713,0 82.2583888,16.9955228,0 82.2584446,16.9955159,0 82.2586079,16.995496,0 82.2587877,16.9954763,0</coordinates></LineString>
</Placemark>
<Placemark><name>highway</name><styleUrl>#highway</styleUrl><description>highway: residential</description>
<LineString><tessellate>1</tessellate><coordinates>82.2547535,17.0131178,0 82.2546151,17.0129048,0 82.2544698,17.0126396,0 82.2543798,17.0124967,0 82.2542831,17.0123432,0 82.2541009,17.0120842,0 82.2539231,17.0118315,0 82.2536341,17.0114461,0 82.253355,17.0110741,0 82.2531393,17.0107574,0 82.2529269,17.0104965,0 82.2527874,17.0102707,0</coordinates></LineString>
</Placemark>
<Placemark><name>highway</name><styleUrl>#highway</styleUrl><description>highway: residential
source: Bing</description>
<LineString><tessellate>1</tessellate><coordinates>82.256978,17.0022961,0 82.2565647,17.0023825,0 82.2561463,17.0024887,0 82.2557078,17.0026036,0 82.2552155,17.0027487,0 82.2544898,17.0029626,0 82.2530983,17.0034227,0</coordinates></LineString>
</Placemark>
<Placemark><name>highway</name><styleUrl>#highway</styleUrl><description>highway: residential</description>
<LineString><tessellate>1</tessellate><coordinates>82.2610166,16.9984064,0 82.2609138,16.9981266,0 82.2608601,16.9978832,0 82.2607978,16.9973891,0</coordinates></LineString>
</Placemark>
<Placemark><name>highway</name><styleUrl>#highway</styleUrl><description>highway: tertiary
source: Bing</description>
<LineString><tessellate>1</tessellate><coordinates>82.2513777,16.9889532,0 82.251624,16.9889224,0 82.2522517,16.988844,0 82.2523046,16.9888388,0 82.2527483,16.9887948,0 82.253428,16.9887274,0 82.2541889,16.9886648,0 82.2542275,16.9886474,0 82.2546427,16.9884597,0 82.2547621,16.9884418,0 82.2556651,16.988306,0</coordinates></LineString>
</Placemark>
<Placemark><name>highway</name><styleUrl>#highway</styleUrl><description>highway: residential</description>
<LineString><tessellate>1</tessellate><coordinates>82.2531393,17.0107574,0 82.2534741,17.0105953,0 82.2535146,17.0105804,0 82.2536994,17.0109078,0</coordinates></LineString>
</Placemark>
<Placemark><name>highway</name><styleUrl>#highway</styleUrl><description>highway: residential</description>
<LineString><tessellate>1</tessellate><coordinates>82.2546214,17.0156384,0 82.2550786,17.0153614,0 82.2554715,17.0150968,0</coordinates></LineString>
</Placemark>
<Placemark><name>highway</name><styleUrl>#highway</styleUrl><description>highway: residential</description>
<LineString><tessellate>1</tessellate><coordinates>82.2579389,16.9955878,0 82.257912,16.9954457,0 82.2578695,16.9950853,0 82.2578607,16.994718,0 82.2578402,16.9946927,0 82.2578328,16.9945727,0</coordinates></LineString>
</Placemark>
<Placemark><name>highway</name><styleUrl>#highway</styleUrl><description>highway: residential</description>
<LineString><tessellate>1</tessellate><coordinates>82.2550203,17.0138521,0 82.2547729,17.014086,0 82.2541717,17.0146103,0 82.2539918,17.0147972,0</coordinates></LineString>
</Placemark>
<Placemark><name>highway</name><styleUrl>#highway</styleUrl><description>highway: residential
source: Bing</description>
<LineString><tessellate>1</tessellate><coordinates>82.2573217,17.0118093,0 82.2566588,17.0120487,0</coordinates></LineString>
</Placemark>
<Placemark><name>highway</name><styleUrl>#highway</styleUrl><description>highway: residential</description>
<Polygon><outerBoundaryIs><LinearRing><coordinates>82.2661152,16.9983138,0 82.2666136,16.9983041,0 82.2664716,16.9973317,0 82.2662886,16.9972797,0 82.266073,16.9972666,0 82.2660793,16.997422,0 82.2661152,16.9983138,0</coordinates></LinearRing></outerBoundaryIs></Polygon>
</Placemark>
<Placemark><name>highway</name><styleUrl>#highway</styleUrl><description>cycleway:both: no
highway: secondary
lanes: 2
ref: MDR024
surface: asphalt</description>
<LineString><tessellate>1</tessellate><coordinates>82.2589663,16.9940017,0 82.2590366,16.9944418,0 82.2590558,16.9946842,0 82.2590796,16.9948325,0 82.2591186,16.995076,0 82.2591768,16.9954393,0 82.2592214,16.9956895,0 82.2592769,16.9958716,0 82.2592962,16.9959349,0 82.2594099,16.9963017,0 82.2594495,16.9964294,0 82.2595497,16.996709,0 82.2595748,16.996779,0 82.259772,16.9971898,0 82.2599193,16.9974548,0 82.2599514,16.9975029,0 82.2600219,16.9976087,0 82.2602509,16.9979746,0 82.2604781,16.9983424,0 82.2605198,16.9984315,0 82.2606586,16.9987281,0 82.2606732,16.9987691,0 82.2608124,16.9991594,0 82.2609445,16.9995296,0 82.2609558,16.9995546,0 82.2611191,16.9999159,0 82.2611415,16.9999654,0 82.2613568,17.0003906,0 82.2614878,17.0006161,0 82.2616104,17.0008271,0 82.2617063,17.0010019,0 82.2618232,17.0012148,0 82.261916,17.001377,0 82.2620077,17.0015371,0 82.2621566,17.0017971,0 82.2621712,17.0018227,0 82.2622187,17.0019057,0 82.2623418,17.0022018,0 82.2623474,17.0022181,0 82.2624288,17.0024569,0 82.262491,17.0026393,0 82.262657,17.0034211,0 82.2626805,17.0035558,0 82.2627558,17.0038138,0 82.2628668,17.0042146,0 82.2630487,17.004784,0 82.2630706,17.0048525,0 82.2631316,17.0050391,0 82.2632166,17.0052992,0 82.2632759,17.0054806,0 82.2632978,17.0055729,0 82.2634524,17.0061393,0 82.2636852,17.0061201,0 82.2642125,17.0060992,0 82.2643969,17.0060912,0 82.2646035,17.0060766,0 82.2649866,17.0061342,0 82.2653863,17.0061239,0 82.2655606,17.0061137,0 82.2656384,17.0061175,0 82.2657779,17.0061008,0 82.2658516,17.0061008,0 82.2659858,17.0061095,0 82.2660555,17.0061204,0 82.2661588,17.0061355,0 82.2663586,17.0060906,0 82.2665383,17.0060393,0 82.2666898,17.0060201,0 82.2671109,17.0060008,0 82.2674248,17.0059906,0 82.2676313,17.0059675,0 82.2680926,17.0058751,0</coordinates></LineString>
</Placemark>
<Placemark><name>highway</name><styleUrl>#highway</styleUrl><description>highway: residential</description>
<LineString><tessellate>1</tessellate><coordinates>82.2523636,17.0104459,0 82.2522809,17.0102912,0 82.2522021,17.0101247,0 82.2521316,17.0099502,0 82.2519906,17.0095953,0 82.2518683,17.0093256,0 82.251797,17.0091661,0</coordinates></LineString>
</Placemark>
<Placemark><name>highway</name><styleUrl>#highway</styleUrl><description>highway: residential</description>
<LineString><tessellate>1</tessellate><coordinates>82.2656643,17.0072231,0 82.2658702,17.0071614,0 82.2658702,17.0070969,0 82.266027,17.0070534,0 82.2660681,17.0070492,0 82.266074,17.0069735,0 82.2662902,17.0069314,0</coordinates></LineString>
</Placemark>
<Placemark><name>highway</name><styleUrl>#highway</styleUrl><description>highway: residential</description>
<LineString><tessellate>1</tessellate><coordinates>82.2603692,17.0084301,0 82.260273,17.0081995,0 82.2610832,17.0079903,0 82.2615668,17.0079088,0 82.2619525,17.0084268,0 82.2622465,17.0088217,0</coordinates></LineString>
</Placemark>
<Placemark><name>highway</name><styleUrl>#highway</styleUrl><description>highway: residential</description>
<LineString><tessellate>1</tessellate><coordinates>82.251951,17.0161956,0 82.2521387,17.0160834,0 82.2523543,17.0159827,0 82.2524085,17.0159348,0 82.2527105,17.0157638,0 82.2530272,17.0155899,0 82.2531993,17.0155261,0</coordinates></LineString>
</Placemark>
<Placemark><name>highway</name><styleUrl>#highway</styleUrl><description>highway: service</description>
<LineString><tessellate>1</tessellate><coordinates>82.2450665,16.9833513,0 82.2450063,16.9832258,0 82.2447717,16.982637,0 82.2442929,16.9814351,0 82.2436856,16.9798656,0 82.2435298,16.9794319,0 82.243474,16.9792849,0 82.2433652,16.9790151,0 82.2431373,16.9784501,0 82.2429142,16.977897,0</coordinates></LineString>
</Placemark>
<Placemark><name>highway</name><styleUrl>#highway</styleUrl><description>highway: residential
source: Bing</description>
<LineString><tessellate>1</tessellate><coordinates>82.2522335,17.0020388,0 82.2523175,17.0022311,0 82.2524717,17.0025844,0 82.2525033,17.0026115,0 82.2525404,17.0026433,0 82.2527932,17.0028565,0 82.2528951,17.0029473,0 82.2530148,17.0031344,0 82.2530983,17.0034227,0 82.2532396,17.0039636,0 82.2534509,17.0044846,0 82.2536193,17.0048999,0 82.2537797,17.0052954,0</coordinates></LineString>
</Placemark>
<Placemark><name>highway</name><styleUrl>#highway</styleUrl><description>highway: residential</description>
<LineString><tessellate>1</tessellate><coordinates>82.254896,17.0168703,0 82.2547025,17.0166235,0 82.2543917,17.016217,0 82.2542058,17.0159459,0</coordinates></LineString>
</Placemark>
<Placemark><name>highway</name><styleUrl>#highway</styleUrl><description>highway: residential</description>
<LineString><tessellate>1</tessellate><coordinates>82.2625122,17.0002782,0 82.2623334,17.0002843,0 82.2622805,17.0002512,0 82.2622465,17.0001886,0 82.2622282,17.0000779,0 82.2622327,16.9998871,0 82.262232,16.9997376,0 82.2622051,16.9991734,0 82.2626342,16.9991695,0</coordinates></LineString>
</Placemark>
<Placemark><name>highway</name><styleUrl>#highway</styleUrl><description>highway: residential
source: Bing</description>
<LineString><tessellate>1</tessellate><coordinates>82.2601232,17.0020333,0 82.2601394,17.0021302,0 82.2602282,17.0024438,0 82.2603225,17.0026799,0 82.2603029,17.0027737,0 82.2604009,17.0031264,0 82.2605269,17.0035999,0 82.2606312,17.003972,0 82.2595973,17.0042035,0</coordinates></LineString>
</Placemark>
<Placemark><name>highway</name><styleUrl>#highway</styleUrl><description>highway: residential
source: Bing</description>
<LineString><tessellate>1</tessellate><coordinates>82.2585538,17.0076057,0 82.2587059,17.008111,0 82.2589727,17.0088867,0 82.2594039,17.0087525,0 82.2598698,17.0086111,0 82.2603692,17.0084301,0 82.260389,17.0084728,0</coordinates></LineString>
</Placemark>
<Placemark><name>highway</name><styleUrl>#highway</styleUrl><description>highway: residential</description>
<LineString><tessellate>1</tessellate><coordinates>82.2662299,17.0065028,0 82.2663186,17.0064827,0 82.2664183,17.0064729,0 82.2666338,17.0064616,0 82.2668141,17.0064462,0 82.2668698,17.0064546,0 82.2670887,17.0064355,0</coordinates></LineString>
</Placemark>
<Placemark><name>highway</name><styleUrl>#highway</styleUrl><description>highway: residential</description>
<LineString><tessellate>1</tessellate><coordinates>82.2541009,17.0120842,0 82.2537443,17.0122825,0 82.2531022,17.0126078,0 82.2525626,17.012905,0 82.2521257,17.0130985,0</coordinates></LineString>
</Placemark>
<Placemark><name>highway</name><styleUrl>#highway</styleUrl><description>highway: residential
source: Bing</description>
<LineString><tessellate>1</tessellate><coordinates>82.257831,17.0083644,0 82.2582566,17.0082387,0 82.2587059,17.008111,0 82.259116,17.0079757,0 82.2598194,17.0077913,0 82.2604433,17.0076249,0 82.2613687,17.0074845,0 82.2615331,17.0074014,0</coordinates></LineString>
</Placemark>
<Placemark><name>highway</name><styleUrl>#highway</styleUrl><description>highway: residential</description>
<LineString><tessellate>1</tessellate><coordinates>82.2561618,17.0108661,0 82.2563856,17.011358,0 82.256571,17.0117931,0 82.2566588,17.0120487,0</coordinates></LineString>
</Placemark>
<Placemark><name>highway</name><styleUrl>#highway</styleUrl><description>highway: residential</description>
<LineString><tessellate>1</tessellate><coordinates>82.2659375,17.0116018,0 82.2661178,17.0115722,0 82.2663972,17.0115066,0 82.2668417,17.0113981,0 82.2673162,17.0112907,0 82.2669306,17.0100099,0 82.2665152,17.0101211,0 82.2660745,17.0102226,0 82.2655987,17.0103273,0</coordinates></LineString>
</Placemark>
<Placemark><name>highway</name><styleUrl>#highway</styleUrl><description>highway: residential
source: Bing</description>
<LineString><tessellate>1</tessellate><coordinates>82.2567095,17.0062367,0 82.2569509,17.0061491,0 82.2574516,17.006035,0 82.2582778,17.0058193,0 82.258792,17.0057122,0 82.2596086,17.0056005,0 82.2600812,17.0054307,0</coordinates></LineString>
</Placemark>
<Placemark><name>highway</name><styleUrl>#highway</styleUrl><description>highway: residential</description>
<LineString><tessellate>1</tessellate><coordinates>82.2511729,17.0137099,0 82.2509303,17.0131984,0 82.2506276,17.0133134,0</coordinates></LineString>
</Placemark>
<Placemark><name>highway</name><styleUrl>#highway</styleUrl><description>highway: residential</description>
<LineString><tessellate>1</tessellate><coordinates>82.2523222,17.0135471,0 82.2527573,17.0133536,0 82.2527826,17.0133424,0 82.2532312,17.0131041,0 82.2538411,17.0127816,0 82.2543798,17.0124967,0</coordinates></LineString>
</Placemark>
<Placemark><name>highway</name><styleUrl>#highway</styleUrl><description>highway: residential</description>
<LineString><tessellate>1</tessellate><coordinates>82.2603495,16.9952588,0 82.2602542,16.9949211,0 82.2600537,16.9944408,0 82.2598035,16.9938413,0 82.2596367,16.9935546,0</coordinates></LineString>
</Placemark>
<Placemark><name>highway</name><styleUrl>#highway</styleUrl><description>highway: residential
source: Bing</description>
<LineString><tessellate>1</tessellate><coordinates>82.2565647,17.0023825,0 82.2564659,17.0019766,0 82.2563643,17.0015595,0 82.2568351,17.0014474,0 82.2571953,17.0013813,0 82.2572739,17.0013852,0 82.2573362,17.0014246,0 82.2575415,17.0016407,0 82.2576056,17.0016992,0 82.2577198,17.0018033,0 82.2579476,17.0020401,0</coordinates></LineString>
</Placemark>
<Placemark><name>highway</name><styleUrl>#highway</styleUrl><description>highway: residential</description>
<LineString><tessellate>1</tessellate><coordinates>82.2508447,17.0117113,0 82.2506837,17.011342,0 82.2505429,17.0110158,0 82.2504961,17.0108499,0 82.2503763,17.0105645,0 82.250326,17.0104447,0 82.250219,17.0102078,0 82.2500595,17.0098251,0</coordinates></LineString>
</Placemark>
<Placemark><name>highway</name><styleUrl>#highway</styleUrl><description>highway: residential</description>
<LineString><tessellate>1</tessellate><coordinates>82.2595497,16.996709,0 82.2601406,16.9966005,0 82.2602158,16.9965876,0 82.2606922,16.9965011,0 82.2607978,16.9973891,0 82.2603515,16.9974438,0 82.2599514,16.9975029,0</coordinates></LineString>
</Placemark>
<Placemark><name>highway</name><styleUrl>#highway</styleUrl><description>highway: residential
source: Bing</description>
<LineString><tessellate>1</tessellate><coordinates>82.2585834,17.0115193,0 82.2584661,17.0111448,0 82.2583176,17.0107192,0 82.2580981,17.0101661,0 82.2579324,17.0097892,0 82.2577781,17.0093279,0 82.2573611,17.0094891,0 82.2568474,17.0096912,0 82.2565749,17.0098034,0 82.2562013,17.0099295,0</coordinates></LineString>
</Placemark>
<Placemark><name>highway</name><styleUrl>#highway</styleUrl><description>highway: residential</description>
<LineString><tessellate>1</tessellate><coordinates>82.2541678,17.0159657,0 82.2542058,17.0159459,0 82.2546214,17.0156384,0 82.2543403,17.0152529,0 82.2539918,17.0147972,0 82.2537172,17.0150225,0 82.2536136,17.0151329,0</coordinates></LineString>
</Placemark>
<Placemark><name>highway</name><styleUrl>#highway</styleUrl><description>highway: residential</description>
<LineString><tessellate>1</tessellate><coordinates>82.2525773,17.0142313,0 82.2530552,17.0139425,0 82.2531373,17.013884,0 82.2535039,17.0136228,0 82.2541431,17.0131966,0 82.2546151,17.0129048,0</coordinates></LineString>
</Placemark>
<Placemark><name>highway</name><styleUrl>#highway</styleUrl><description>highway: residential</description>
<LineString><tessellate>1</tessellate><coordinates>82.2546571,17.0100034,0 82.2544954,17.0096346,0 82.2543419,17.0096723,0 82.253834,17.0098765,0 82.2535644,17.0100133,0 82.2536162,17.0101125,0 82.253666,17.010164,0 82.2538153,17.0104357,0</coordinates></LineString>
</Placemark>
<Placemark><name>highway</name><styleUrl>#highway</styleUrl><description>highway: residential</description>
<LineString><tessellate>1</tessellate><coordinates>82.2561618,17.0108661,0 82.255774,17.0110322,0 82.2553236,17.0112154,0 82.2551837,17.0112743,0 82.2543088,17.0116391,0 82.2539231,17.0118315,0</coordinates></LineString>
</Placemark>
<Placemark><name>highway</name><styleUrl>#highway</styleUrl><description>highway: residential</description>
<LineString><tessellate>1</tessellate><coordinates>82.2489468,17.0127745,0 82.2492822,17.0127283,0 82.2496214,17.0126223,0 82.2500464,17.0124826,0</coordinates></LineString>
</Placemark>
<Placemark><name>highway</name><styleUrl>#highway</styleUrl><description>highway: residential</description>
<LineString><tessellate>1</tessellate><coordinates>82.2654668,17.0075751,0 82.2656912,17.0075202,0 82.2657073,17.0075125,0 82.2657322,17.0075006,0 82.2659551,17.0074725,0 82.2662014,17.0080473,0 82.2663152,17.0083076,0 82.2664184,17.0085437,0 82.2664548,17.0086372,0</coordinates></LineString>
</Placemark>
<Placemark><name>highway</name><styleUrl>#highway</styleUrl><description>highway: residential</description>
<LineString><tessellate>1</tessellate><coordinates>82.2634473,17.0080209,0 82.2636505,17.0079756,0 82.263978,17.0079201,0 82.2641978,17.0079082,0 82.2645296,17.0078408,0 82.2648323,17.0077575,0 82.2654668,17.0075751,0 82.2658856,17.0085942,0</coordinates></LineString>
</Placemark>
<Placemark><name>highway</name><styleUrl>#highway</styleUrl><description>highway: residential</description>
<LineString><tessellate>1</tessellate><coordinates>82.2676347,17.0126706,0 82.2676759,17.012937,0 82.2678959,17.0138229,0 82.2680057,17.0142654,0 82.2681303,17.0147799,0 82.2682378,17.0152236,0 82.2683372,17.0156337,0 82.2684769,17.0162105,0</coordinates></LineString>
</Placemark>
<Placemark><name>highway</name><styleUrl>#highway</styleUrl><description>highway: residential</description>
<LineString><tessellate>1</tessellate><coordinates>82.2657073,17.0075125,0 82.2656913,17.0074194,0 82.2656643,17.0072231,0 82.2656281,17.0070238,0 82.2656229,17.0067175,0 82.2656212,17.0065402,0 82.2656198,17.0063854,0 82.2656384,17.0061175,0</coordinates></LineString>
</Placemark>
<Placemark><name>highway</name><styleUrl>#highway</styleUrl><description>highway: residential</description>
<LineString><tessellate>1</tessellate><coordinates>82.2621566,17.0017971,0 82.2623591,17.0017495,0 82.263033,17.0016186,0 82.2633461,17.001573,0 82.2638416,17.0015195,0 82.2639573,17.0015196,0 82.2642361,17.0020263,0</coordinates></LineString>
</Placemark>
<Placemark><name>highway</name><styleUrl>#highway</styleUrl><description>highway: residential</description>
<LineString><tessellate>1</tessellate><coordinates>82.2575128,16.9951041,0 82.2575888,16.9950125,0 82.2576537,16.9948849,0 82.2577036,16.9947512,0 82.2577409,16.9946361,0 82.2577633,16.9945747,0 82.2578111,16.9943996,0 82.2578544,16.9942087,0</coordinates></LineString>
</Placemark>
<Placemark><name>highway</name><styleUrl>#highway</styleUrl><description>highway: residential</description>
<LineString><tessellate>1</tessellate><coordinates>82.253355,17.0110741,0 82.2535064,17.0110007,0 82.2536994,17.0109078,0 82.2537987,17.0108599,0</coordinates></LineString>
</Placemark>
<Placemark><name>highway</name><styleUrl>#highway</styleUrl><description>highway: residential
source: Bing</description>
<LineString><tessellate>1</tessellate><coordinates>82.2612626,17.0069366,0 82.2613059,17.0068344,0 82.2614608,17.0065171,0 82.2622117,17.0063571,0 82.2622552,17.0066246,0 82.2623379,17.007134,0</coordinates></LineString>
</Placemark>
<Placemark><name>highway</name><styleUrl>#highway</styleUrl><description>highway: residential</description>
<LineString><tessellate>1</tessellate><coordinates>82.2584446,16.9955159,0 82.2584237,16.9954443,0 82.2583284,16.9949972,0 82.2583081,16.994897,0 82.2582929,16.9948069,0 82.2582791,16.9947866,0 82.2582531,16.994778,0 82.2581159,16.9947703,0 82.2580966,16.9942475,0</coordinates></LineString>
</Placemark>
<Placemark><name>highway</name><styleUrl>#highway</styleUrl><description>highway: tertiary</description>
<LineString><tessellate>1</tessellate><coordinates>82.2680926,17.0058751,0 82.268271,17.0065252,0 82.2683432,17.0067642,0 82.2685154,17.0073346,0 82.2688342,17.0083909,0 82.269111,17.0090131,0 82.2691409,17.0090803,0 82.2692728,17.0093766,0 82.269311,17.0094626,0 82.2695751,17.0100561,0 82.2698772,17.0107353,0 82.2700683,17.0111647,0 82.2702475,17.0116194,0 82.2703661,17.0119203,0 82.2704081,17.0120269,0 82.2705207,17.0122069,0 82.2705419,17.0122407,0 82.2708164,17.0127971,0 82.2710524,17.0132755,0 82.2710852,17.0135312,0</coordinates></LineString>
</Placemark>
<Placemark><name>highway</name><styleUrl>#highway</styleUrl><description>highway: residential
source: Bing</description>
<LineString><tessellate>1</tessellate><coordinates>82.255676,16.9971292,0 82.2558662,16.9979458,0 82.2559593,16.9983809,0 82.2560183,16.9988523,0 82.2560744,16.9993196,0 82.2561232,16.9997262,0 82.2561383,16.9998644,0 82.2561547,17.0000146,0 82.2561979,17.0000898,0 82.2562464,17.0001351,0 82.2565165,17.000387,0 82.2566693,17.0005083,0 82.257043,17.0008504,0</coordinates></LineString>
</Placemark>
<Placemark><name>highway</name><styleUrl>#highway</styleUrl><description>highway: residential</description>
<LineString><tessellate>1</tessellate><coordinates>82.2634722,17.0022034,0 82.2637143,17.0031933,0 82.2632756,17.0032861,0 82.2630599,17.0023027,0 82.2634722,17.0022034,0 82.2639009,17.0021082,0 82.2642361,17.0020263,0 82.2642853,17.0020172,0 82.2643517,17.0020727,0</coordinates></LineString>
</Placemark>
<Placemark><name>highway</name><styleUrl>#highway</styleUrl><description>highway: residential</description>
<LineString><tessellate>1</tessellate><coordinates>82.2519396,17.0150542,0 82.2520518,17.015298,0 82.2521982,17.0156192,0 82.2527363,17.0153996,0 82.2530149,17.015279,0</coordinates></LineString>
</Placemark>
<Placemark><name>highway</name><styleUrl>#highway</styleUrl><description>highway: residential</description>
<LineString><tessellate>1</tessellate><coordinates>82.2663023,17.0047643,0 82.2663562,17.0047593,0 82.2663768,17.0047593,0 82.2664122,17.0047593,0 82.2665459,17.0047603,0 82.2666579,17.0047782,0 82.2668051,17.0047782,0 82.2670166,17.0047583,0 82.2674567,17.0047124,0</coordinates></LineString>
</Placemark>
<Placemark><name>highway</name><styleUrl>#highway</styleUrl><description>highway: residential</description>
<LineString><tessellate>1</tessellate><coordinates>82.2659814,17.0048287,0 82.2663023,17.0047643,0 82.2663202,17.0048465,0 82.2663231,17.0049278,0 82.2662967,17.0050316,0 82.2662381,17.0051409,0 82.2661618,17.0052615,0 82.2659789,17.0052664,0 82.2659537,17.0052671,0</coordinates></LineString>
</Placemark>
<Placemark><name>highway</name><styleUrl>#highway</styleUrl><description>highway: tertiary
oneway: yes</description>
<LineString><tessellate>1</tessellate><coordinates>82.25486,16.9807291,0 82.2541478,16.9808269,0 82.2536651,16.9808953,0 82.2532361,16.9809562,0 82.2527829,16.9810297,0 82.2523722,16.9810893,0 82.2515344,16.9811989,0 82.250916,16.9812917,0 82.2499814,16.9814308,0 82.249686,16.9814811,0 82.2487276,16.9817686,0 82.2483338,16.981889,0 82.2478918,16.9820314,0 82.2474605,16.9821704,0 82.2472491,16.9822514,0 82.2462602,16.9826305,0 82.2450063,16.9832258,0 82.2438746,16.9837252,0 82.2435865,16.9838523,0 82.2434854,16.9838969,0 82.241902,16.9845961,0 82.2417454,16.9846647,0 82.2414757,16.9847761,0 82.2413778,16.9847954,0 82.2413068,16.9847915,0 82.2412357,16.9847633,0 82.2411685,16.9847427,0 82.2410614,16.9847223,0</coordinates></LineString>
</Placemark>
<Placemark><name>highway</name><styleUrl>#highway</styleUrl><description>highway: residential</description>
<LineString><tessellate>1</tessellate><coordinates>82.2538485,17.0104198,0 82.2540628,17.0103309,0 82.2540289,17.0102731,0 82.2546571,17.0100034,0 82.2548396,17.010396,0 82.2552617,17.0102092,0 82.2549761,17.0094427,0 82.2544954,17.0096346,0</coordinates></LineString>
</Placemark>
<Placemark><name>Kakinada - Rajanagaram (ADB) Road</name><styleUrl>#highway</styleUrl><description>highway: primary
name: Kakinada - Rajanagaram (ADB) Road
network: IN:SH:AP
ref: SH15</description>
<LineString><tessellate>1</tessellate><coordinates>82.2515434,17.0216257,0 82.2517007,17.0215742,0 82.2517879,17.0215393,0 82.2520814,17.0213864,0 82.2521969,17.0213492,0 82.2525348,17.0212871,0 82.2527033,17.0212562,0 82.2533451,17.0211867,0 82.2537745,17.0211402,0 82.2548253,17.0210265,0 82.2550062,17.0210069,0 82.2556056,17.0209051,0 82.2561507,17.020748,0 82.2566277,17.0205964,0 82.2578185,17.0202179,0 82.2579709,17.0201674,0 82.2580305,17.0201476,0 82.2586462,17.0199435,0 82.2594331,17.0195609,0 82.2595337,17.0195048,0 82.2599668,17.0192631,0 82.2600522,17.0192155,0 82.2601256,17.0191746,0 82.2614779,17.0183279,0 82.2618328,17.0181495,0 82.2620578,17.0180364,0 82.2627129,17.0177614,0 82.2654504,17.0169314,0 82.2654889,17.0169222,0 82.2665384,17.0166722,0 82.2684769,17.0162105,0 82.2684943,17.0162064,0 82.2695619,17.0159537,0 82.27042,17.0157849,0 82.2705741,17.0157475,0 82.2708932,17.0156992,0</coordinates></LineString>
</Placemark>
<Placemark><name>highway</name><styleUrl>#highway</styleUrl><description>highway: secondary
ref: MDR0158</description>
<LineString><tessellate>1</tessellate><coordinates>82.2566277,17.0205964,0 82.2570953,17.0209805,0 82.257491,17.02138,0 82.2577286,17.0216231,0 82.2578627,17.021677,0 82.2580156,17.0216847,0 82.2582328,17.0216257,0 82.2583401,17.021618,0 82.2584179,17.0216462,0 82.2585064,17.0216898,0 82.2586362,17.0217907,0 82.2587853,17.0219822,0 82.2588606,17.0220789,0 82.259121,17.0224135,0 82.2592651,17.0225986,0 82.2593638,17.0227254,0 82.2593873,17.0227556,0 82.2596544,17.0231414,0 82.2598395,17.0233748,0 82.2600392,17.0236418,0 82.2601724,17.0238271,0 82.260505,17.0242899,0 82.2608238,17.0246849,0 82.2611698,17.0251137,0 82.2617324,17.0257962,0 82.2620188,17.026202,0 82.2626564,17.0271054,0 82.2628085,17.0275064,0 82.2632835,17.0282372,0 82.2634319,17.0287694,0 82.2639457,17.0298825,0 82.264003,17.0299334,0 82.264113,17.0299649,0 82.2642136,17.029945,0 82.2647689,17.0295366,0 82.264823,17.0295169,0 82.2649144,17.0295241,0 82.2649944,17.0295663,0 82.2653138,17.0300891,0 82.2658581,17.0309548,0 82.2658762,17.0309836,0 82.2660652,17.0312843,0 82.2661989,17.031497,0 82.2665117,17.0319945,0 82.2669365,17.0326423,0 82.2671983,17.0329855,0 82.2673058,17.0331263,0 82.2674876,17.0334846,0 82.2678605,17.0343701,0 82.2679552,17.0345951,0 82.2682038,17.0348541,0 82.2683337,17.0349605,0 82.2684301,17.0349854,0 82.26856,17.0349783,0 82.2690537,17.0348727,0 82.269327,17.0348142,0 82.270019,17.0346662,0 82.2701016,17.034656,0 82.2701942,17.0346531,0 82.2704595,17.0346816,0 82.2705712,17.0346767,0 82.2710216,17.0346395,0 82.271136,17.034638,0 82.2715624,17.0346797,0 82.2716807,17.0346767,0 82.2721556,17.0346057,0 82.2722707,17.0346306,0 82.2723783,17.034698,0 82.2724599,17.0348399,0 82.2727048,17.0355814,0 82.2728569,17.035734,0 82.2729645,17.0357872,0 82.273804,17.0356228,0 82.2738922,17.0355885,0 82.2739836,17.0355431,0 82.2742373,17.0353792,0 82.2743362,17.0353313,0 82.2744451,17.0352976,0 82.2756536,17.0352011,0 82.2756807,17.0352692,0 82.2760037,17.0360058,0 82.2760688,17.0361543,0 82.2761583,17.0363505,0 82.2763672,17.0368196,0 82.2764464,17.0369168,0 82.2765172,17.0369558,0 82.276597,17.0369612,0 82.2770909,17.0368828,0 82.2771358,17.0368912,0 82.277167,17.036912,0 82.2771852,17.036944,0 82.2773723,17.0373535,0 82.2774677,17.0375597,0 82.2775227,17.0377186,0 82.2775427,17.0377763,0 82.2776437,17.0380817,0 82.277673,17.0382029,0 82.2776746,17.0383,0 82.2776754,17.0383477,0 82.2776572,17.0384937,0 82.2776437,17.0385254,0 82.2775148,17.0388272,0 82.2774973,17.0388811,0 82.2774822,17.0389275,0 82.2774471,17.0390824,0 82.2774397,17.0391152,0</coordinates></LineString>
</Placemark>
<Placemark><name>Vakalapudi - Edatam Road</name><styleUrl>#highway</styleUrl><description>highway: primary
name: Vakalapudi - Edatam Road
network: IN:SH:AP
oneway: yes
ref: SH162</description>
<LineString><tessellate>1</tessellate><coordinates>82.284041,17.0141315,0 82.2841255,17.0141404,0 82.2843374,17.0141969,0 82.2844313,17.0142571,0 82.284556,17.0143751,0 82.2855706,17.0157705,0 82.2856443,17.0158651,0 82.2857569,17.0160097,0 82.2860679,17.0164287,0 82.2862857,17.0167221,0 82.2863645,17.0168365,0 82.2864376,17.0169117,0</coordinates></LineString>
</Placemark>
<Placemark><name>Vakalapudi - Edatam Road</name><styleUrl>#highway</styleUrl><description>highway: primary
name: Vakalapudi - Edatam Road
network: IN:SH:AP
ref: SH162</description>
<LineString><tessellate>1</tessellate><coordinates>82.2902968,17.0206556,0 82.2906711,17.0215859,0 82.2909859,17.0223367,0 82.2910692,17.0225354,0 82.2914278,17.0234313,0 82.2915888,17.0237954,0 82.2919624,17.02439,0 82.292774,17.0256868,0 82.2940892,17.027788,0 82.2944797,17.0283969,0 82.2954211,17.0298868,0 82.2982903,17.0344278,0 82.3003416,17.0375001,0 82.3012802,17.0389242,0 82.3019306,17.039911,0 82.3030194,17.0410793,0</coordinates></LineString>
</Placemark>
<Placemark><name>highway</name><styleUrl>#highway</styleUrl><description>highway: service</description>
<LineString><tessellate>1</tessellate><coordinates>82.2865467,17.0170411,0 82.2847176,17.0178599,0 82.2854707,17.0210172,0 82.2854727,17.0210871,0 82.2854613,17.0211352,0 82.2854365,17.0211724,0 82.2853842,17.0212019,0 82.2841816,17.0213957,0</coordinates></LineString>
</Placemark>
<Placemark><name>highway</name><styleUrl>#highway</styleUrl><description>highway: unclassified</description>
<LineString><tessellate>1</tessellate><coordinates>82.2838127,17.0149414,0 82.2839046,17.015289,0 82.2840069,17.0161211,0 82.2840392,17.016372,0 82.2840481,17.0166835,0 82.2840564,17.0169161,0 82.2840623,17.0170782,0 82.2840861,17.0177405,0 82.2840857,17.0177812,0 82.284083,17.0180907,0 82.2840575,17.0184774,0 82.2840478,17.0186173,0 82.2840035,17.0188943,0 82.2838908,17.019304,0 82.2838271,17.0194547,0 82.2837105,17.0196188,0 82.2835864,17.0197047,0 82.2835354,17.0197214,0 82.283408,17.0197163,0 82.2833418,17.0197055,0 82.2831753,17.0196864,0 82.2830766,17.0196559,0 82.2828045,17.0194662,0 82.2826743,17.0194186,0 82.2824711,17.0193985,0 82.2810766,17.0195128,0 82.2809842,17.0195889,0 82.280946,17.0196833,0 82.2810033,17.0209258,0 82.2811052,17.0213186,0 82.2813728,17.0217328,0 82.2814173,17.0222779,0 82.2814651,17.0226707,0 82.2814991,17.0229791,0 82.2815543,17.0234807,0 82.2815479,17.0236056,0 82.2814269,17.023901,0 82.2814241,17.0245979,0 82.2813855,17.0246805,0 82.2812931,17.0247749,0 82.2811944,17.0248237,0 82.2811148,17.0249059,0 82.2811021,17.0250064,0 82.281112,17.0254144,0 82.2811156,17.0254478,0 82.2811523,17.0257915,0 82.2811912,17.0261727,0 82.2812033,17.0262056,0 82.2812274,17.0262287,0 82.2812663,17.0262543,0 82.2813588,17.0262902,0 82.2814279,17.0263236,0 82.2815345,17.0263973,0 82.2816056,17.0264281,0 82.2817397,17.0264627,0 82.2819854,17.0265144,0</coordinates></LineString>
</Placemark>
<Placemark><name>Running track</name><styleUrl>#highway</styleUrl><description>access: permissive
highway: footway
leisure: pitch
name: Running track
surface: paved</description>
<Polygon><outerBoundaryIs><LinearRing><coordinates>82.2461745,16.983817,0 82.2466494,16.9846365,0 82.2467478,16.9846965,0 82.2468611,16.9847232,0 82.2469774,16.9847139,0 82.2470844,16.9846696,0 82.2471711,16.984595,0 82.2472283,16.9844977,0 82.24725,16.9843881,0 82.247234,16.9842776,0 82.2467707,16.9834948,0 82.246677,16.9834335,0 82.2465679,16.9834033,0 82.2464545,16.9834072,0 82.246348,16.983445,0 82.2462593,16.9835127,0 82.2461971,16.9836036,0 82.2461679,16.9837086,0 82.2461745,16.983817,0</coordinates></LinearRing></outerBoundaryIs></Polygon>
</Placemark>
<Placemark><name>highway</name><styleUrl>#highway</styleUrl><description>highway: tertiary</description>
<LineString><tessellate>1</tessellate><coordinates>82.2435865,16.9838523,0 82.2436337,16.9840093,0 82.2437428,16.9843724,0 82.2439983,16.9851277,0 82.2441846,16.9856906,0 82.2443441,16.9861081,0 82.2444074,16.9862739,0 82.2446234,16.9867129,0 82.2446658,16.9867991,0 82.2447832,16.9870376,0 82.2448534,16.987239,0 82.2449218,16.9874352,0 82.2449931,16.9876717,0 82.2450655,16.9879118,0 82.245107,16.9880495,0 82.2451484,16.9881868,0 82.2451872,16.9883156,0 82.2452364,16.9884428,0 82.2453531,16.9887447,0 82.2453933,16.9888487,0 82.2455906,16.9893587,0 82.245725,16.989706,0 82.2457359,16.9897471,0 82.2458274,16.9899956,0 82.2458821,16.9901447,0 82.2459723,16.9905029,0 82.2460032,16.9905822,0 82.2461991,16.9910853,0 82.2462591,16.9911984,0 82.2464036,16.9916266,0 82.2465106,16.9919881,0 82.2465654,16.9921309,0 82.2466282,16.9922946,0 82.2468076,16.9927625,0 82.2468419,16.992852,0 82.2469323,16.9930878,0 82.2470082,16.9932859,0 82.247122,16.9935641,0 82.2472043,16.9937973,0 82.2472872,16.9940135,0 82.2473268,16.994114,0 82.2474825,16.9945096,0 82.2475038,16.9945845,0</coordinates></LineString>
</Placemark>
<Placemark><name>highway</name><styleUrl>#highway</styleUrl><description>highway: residential</description>
<LineString><tessellate>1</tessellate><coordinates>82.2443441,16.9861081,0 82.2459668,16.9855261,0</coordinates></LineString>
</Placemark>
<Placemark><name>highway</name><styleUrl>#highway</styleUrl><description>highway: residential</description>
<LineString><tessellate>1</tessellate><coordinates>82.2508182,16.9868826,0 82.2501739,16.9870514,0 82.2497462,16.9871634,0 82.2497325,16.987167,0 82.2492182,16.9873018,0 82.2490919,16.9873484,0 82.248345,16.9876241,0 82.247222,16.9880387,0 82.2472045,16.9880453,0 82.2470178,16.9881158,0 82.2461915,16.988428,0 82.2458123,16.9885712,0 82.2453531,16.9887447,0</coordinates></LineString>
</Placemark>
<Placemark><name>highway</name><styleUrl>#highway</styleUrl><description>highway: tertiary
oneway: yes</description>
<LineString><tessellate>1</tessellate><coordinates>82.2514273,16.9891358,0 82.2505065,16.9893931,0 82.2504567,16.989407,0 82.2500754,16.9895138,0 82.2496736,16.9896264,0 82.2496145,16.989643,0 82.2489929,16.9897771,0 82.2485684,16.9898687,0 82.2484828,16.989892,0 82.2478335,16.9900688,0 82.2476737,16.9901046,0 82.2472532,16.9901986,0 82.2468649,16.9902855,0 82.2465031,16.9903664,0 82.2459723,16.9905029,0</coordinates></LineString>
</Placemark>
<Placemark><name>highway</name><styleUrl>#highway</styleUrl><description>highway: residential</description>
<LineString><tessellate>1</tessellate><coordinates>82.2525493,16.9821492,0 82.252482,16.9817702,0 82.2524154,16.9814002,0 82.2523883,16.9811874,0 82.2523722,16.9810893,0 82.2522852,16.980538,0 82.2522235,16.9800051,0 82.2521319,16.9794955,0 82.2520491,16.9790277,0</coordinates></LineString>
</Placemark>
<Placemark><name>highway</name><styleUrl>#highway</styleUrl><description>highway: residential</description>
<LineString><tessellate>1</tessellate><coordinates>82.2528036,16.9811368,0 82.2529003,16.9816382,0 82.2529878,16.9820594,0 82.2543163,16.9818245,0</coordinates></LineString>
</Placemark>
<Placemark><name>highway</name><styleUrl>#highway</styleUrl><description>highway: residential</description>
<LineString><tessellate>1</tessellate><coordinates>82.2529878,16.9820594,0 82.2525493,16.9821492,0 82.2526572,16.982651,0 82.2521489,16.9827361,0 82.2518272,16.9827882,0 82.2517048,16.982808,0 82.2512983,16.9828739,0 82.2512324,16.9828846,0 82.2511986,16.9827148,0 82.2511063,16.9822512,0 82.2510476,16.9819566,0 82.250955,16.9814938,0 82.2509349,16.9813897,0 82.250916,16.9812917,0</coordinates></LineString>
</Placemark>
<Placemark><name>highway</name><styleUrl>#highway</styleUrl><description>highway: residential</description>
<LineString><tessellate>1</tessellate><coordinates>82.2529878,16.9820594,0 82.2530755,16.982504,0 82.2532379,16.9833278,0 82.2533445,16.983869,0</coordinates></LineString>
</Placemark>
<Placemark><name>highway</name><styleUrl>#highway</styleUrl><description>highway: residential</description>
<LineString><tessellate>1</tessellate><coordinates>82.2552019,16.9835268,0 82.2541863,16.9837197,0 82.2537976,16.9837897,0 82.2533445,16.983869,0 82.252896,16.9839486,0 82.252392,16.984038,0 82.2519589,16.9841148,0 82.2515538,16.9841866,0 82.2507566,16.984328,0 82.2505981,16.9843833,0 82.2502398,16.984467,0</coordinates></LineString>
</Placemark>
<Placemark><name>highway</name><styleUrl>#highway</styleUrl><description>highway: residential</description>
<LineString><tessellate>1</tessellate><coordinates>82.2401637,16.9867839,0 82.2404646,16.9867362,0 82.242047,16.9859756,0 82.2423617,16.9858243,0 82.2431562,16.9854817,0 82.243395,16.9853788,0 82.2439983,16.9851277,0</coordinates></LineString>
</Placemark>
<Placemark><name>highway</name><styleUrl>#highway</styleUrl><description>highway: residential</description>
<LineString><tessellate>1</tessellate><coordinates>82.2419236,16.984641,0 82.2420744,16.9850567,0 82.2421152,16.985166,0 82.2423617,16.9858243,0 82.2424759,16.9861526,0 82.2425934,16.9864169,0 82.2427644,16.9869018,0 82.2428399,16.9870998,0 82.242936,16.9873244,0 82.2429601,16.987371,0 82.2431317,16.9876916,0 82.2431551,16.9877355,0 82.2432378,16.98789,0 82.2433325,16.9880811,0 82.2434731,16.988365,0 82.2434898,16.988396,0 82.2436274,16.9886519,0 82.2438046,16.9889813,0 82.2438161,16.9890094,0 82.2439979,16.9894533,0 82.2442151,16.9899839,0 82.2443942,16.9904315,0 82.2444675,16.9906001,0 82.2444902,16.9906557,0 82.2446312,16.9910001,0 82.2449134,16.9916088,0 82.2450328,16.9918665,0 82.2451101,16.9920882,0 82.2452442,16.9924463,0 82.2453364,16.9927374,0 82.2453758,16.9928245,0 82.245485,16.993066,0 82.2455398,16.993187,0 82.2456556,16.993443,0 82.2457399,16.9936294,0 82.2458298,16.9938281,0 82.2459061,16.9939968,0 82.2460614,16.9943561,0 82.2462367,16.9947943,0 82.2462753,16.9948769,0</coordinates></LineString>
</Placemark>
<Placemark><name>highway</name><styleUrl>#highway</styleUrl><description>highway: residential</description>
<LineString><tessellate>1</tessellate><coordinates>82.2460614,16.9943561,0 82.2465784,16.994187,0 82.2472872,16.9940135,0</coordinates></LineString>
</Placemark>
<Placemark><name>highway</name><styleUrl>#highway</styleUrl><description>highway: residential</description>
<LineString><tessellate>1</tessellate><coordinates>82.2458298,16.9938281,0 82.2464283,16.9936716,0 82.2467144,16.9935968,0 82.247122,16.9935641,0</coordinates></LineString>
</Placemark>
<Placemark><name>highway</name><styleUrl>#highway</styleUrl><description>highway: residential</description>
<LineString><tessellate>1</tessellate><coordinates>82.2457399,16.9936294,0 82.2466546,16.9933817,0 82.2470082,16.9932859,0</coordinates></LineString>
</Placemark>
<Placemark><name>highway</name><styleUrl>#highway</styleUrl><description>highway: residential</description>
<LineString><tessellate>1</tessellate><coordinates>82.2456556,16.993443,0 82.2469323,16.9930878,0</coordinates></LineString>
</Placemark>
<Placemark><name>highway</name><styleUrl>#highway</styleUrl><description>highway: residential</description>
<LineString><tessellate>1</tessellate><coordinates>82.245485,16.993066,0 82.2459543,16.9929059,0 82.2460173,16.9930439,0 82.2468419,16.992852,0</coordinates></LineString>
</Placemark>
<Placemark><name>highway</name><styleUrl>#highway</styleUrl><description>highway: residential</description>
<LineString><tessellate>1</tessellate><coordinates>82.2453758,16.9928245,0 82.245591,16.9927434,0 82.2458079,16.9925952,0 82.2466282,16.9922946,0</coordinates></LineString>
</Placemark>
<Placemark><name>highway</name><styleUrl>#highway</styleUrl><description>highway: residential</description>
<LineString><tessellate>1</tessellate><coordinates>82.2452442,16.9924463,0 82.2458794,16.9922255,0 82.2465106,16.9919881,0</coordinates></LineString>
</Placemark>
<Placemark><name>highway</name><styleUrl>#highway</styleUrl><description>highway: residential</description>
<LineString><tessellate>1</tessellate><coordinates>82.2451101,16.9920882,0 82.2464036,16.9916266,0 82.2480018,16.9912487,0 82.2487888,16.9910714,0 82.2497042,16.9908561,0 82.2495945,16.990389,0 82.248669,16.9906085,0 82.2478759,16.9908046,0 82.2477824,16.9908188,0 82.2474588,16.9908994,0 82.2462591,16.9911984,0</coordinates></LineString>
</Placemark>
<Placemark><name>highway</name><styleUrl>#highway</styleUrl><description>highway: residential</description>
<LineString><tessellate>1</tessellate><coordinates>82.2449134,16.9916088,0 82.2461991,16.9910853,0</coordinates></LineString>
</Placemark>
<Placemark><name>highway</name><styleUrl>#highway</styleUrl><description>highway: residential</description>
<LineString><tessellate>1</tessellate><coordinates>82.2455648,16.9950034,0 82.244892,16.9936104,0 82.2447636,16.9933447,0 82.2445931,16.9929918,0 82.2443457,16.9924797,0 82.2443115,16.9924089,0 82.2435945,16.991327,0 82.2435825,16.9913088,0 82.2434386,16.9911049,0 82.2432167,16.9907834,0 82.2429534,16.9904004,0 82.2425093,16.9897828,0 82.2422694,16.9894405,0 82.2429773,16.9892272,0 82.2438161,16.9890094,0 82.2451872,16.9883156,0</coordinates></LineString>
</Placemark>
<Placemark><name>highway</name><styleUrl>#highway</styleUrl><description>highway: residential</description>
<LineString><tessellate>1</tessellate><coordinates>82.2425093,16.9897828,0 82.2439979,16.9894533,0 82.244904,16.9890607,0 82.2453933,16.9888487,0</coordinates></LineString>
</Placemark>
<Placemark><name>highway</name><styleUrl>#highway</styleUrl><description>highway: residential</description>
<LineString><tessellate>1</tessellate><coordinates>82.2429534,16.9904004,0 82.2432344,16.9903281,0 82.2436348,16.9902282,0 82.243736,16.9902031,0 82.243941,16.9901522,0 82.2439107,16.9900752,0 82.2442151,16.9899839,0</coordinates></LineString>
</Placemark>
<Placemark><name>highway</name><styleUrl>#highway</styleUrl><description>highway: residential</description>
<LineString><tessellate>1</tessellate><coordinates>82.2434386,16.9911049,0 82.2444902,16.9906557,0</coordinates></LineString>
</Placemark>
<Placemark><name>highway</name><styleUrl>#highway</styleUrl><description>highway: residential</description>
<LineString><tessellate>1</tessellate><coordinates>82.2435945,16.991327,0 82.2442031,16.9911351,0 82.2446312,16.9910001,0 82.2459723,16.9905029,0</coordinates></LineString>
</Placemark>
<Placemark><name>highway</name><styleUrl>#highway</styleUrl><description>highway: residential</description>
<LineString><tessellate>1</tessellate><coordinates>82.2442031,16.9911351,0 82.2446614,16.9922759,0 82.2448973,16.9928632,0 82.2445931,16.9929918,0</coordinates></LineString>
</Placemark>
<Placemark><name>highway</name><styleUrl>#highway</styleUrl><description>highway: residential</description>
<LineString><tessellate>1</tessellate><coordinates>82.2443115,16.9924089,0 82.2446614,16.9922759,0 82.2451101,16.9920882,0</coordinates></LineString>
</Placemark>
<Placemark><name>highway</name><styleUrl>#highway</styleUrl><description>highway: residential</description>
<LineString><tessellate>1</tessellate><coordinates>82.2455906,16.9893587,0 82.2450955,16.989518,0 82.2447316,16.9896351,0 82.2449134,16.9899858,0 82.2457359,16.9897471,0</coordinates></LineString>
</Placemark>
<Placemark><name>highway</name><styleUrl>#highway</styleUrl><description>highway: residential</description>
<LineString><tessellate>1</tessellate><coordinates>82.2444675,16.9906001,0 82.2450919,16.9903907,0 82.2451479,16.9903719,0 82.2458821,16.9901447,0</coordinates></LineString>
</Placemark>
<Placemark><name>highway</name><styleUrl>#highway</styleUrl><description>highway: residential</description>
<LineString><tessellate>1</tessellate><coordinates>82.2450955,16.989518,0 82.244904,16.9890607,0</coordinates></LineString>
</Placemark>
<Placemark><name>highway</name><styleUrl>#highway</styleUrl><description>highway: residential</description>
<LineString><tessellate>1</tessellate><coordinates>82.2455906,16.9893587,0 82.2464468,16.9890755,0 82.2473009,16.9887929,0 82.2470178,16.9881158,0</coordinates></LineString>
</Placemark>
<Placemark><name>highway</name><styleUrl>#highway</styleUrl><description>highway: residential</description>
<LineString><tessellate>1</tessellate><coordinates>82.2458274,16.9899956,0 82.246334,16.9898649,0 82.2467316,16.9897623,0 82.2471871,16.989648,0 82.2476023,16.989493,0 82.2473932,16.9890122,0 82.2473009,16.9887929,0</coordinates></LineString>
</Placemark>
<Placemark><name>highway</name><styleUrl>#highway</styleUrl><description>highway: residential</description>
<LineString><tessellate>1</tessellate><coordinates>82.2467316,16.9897623,0 82.2464468,16.9890755,0</coordinates></LineString>
</Placemark>
<Placemark><name>highway</name><styleUrl>#highway</styleUrl><description>highway: residential</description>
<LineString><tessellate>1</tessellate><coordinates>82.2473932,16.9890122,0 82.2486501,16.9884846,0 82.2486999,16.9884661,0 82.249401,16.9882052,0 82.2494323,16.9881936,0 82.2510307,16.9878677,0 82.2513923,16.9878015,0 82.2518844,16.9876981,0 82.2523156,16.9876455,0 82.2527738,16.9875895,0 82.2540037,16.9874395,0 82.2545513,16.9873727,0 82.2548628,16.9873347,0 82.2554821,16.9872591,0</coordinates></LineString>
</Placemark>
<Placemark><name>highway</name><styleUrl>#highway</styleUrl><description>highway: residential</description>
<LineString><tessellate>1</tessellate><coordinates>82.2429601,16.987371,0 82.2435359,16.9871594,0 82.2436063,16.9871522,0 82.2437038,16.9871671,0 82.2437845,16.9871587,0 82.2446658,16.9867991,0</coordinates></LineString>
</Placemark>
<Placemark><name>highway</name><styleUrl>#highway</styleUrl><description>highway: residential</description>
<LineString><tessellate>1</tessellate><coordinates>82.2425934,16.9864169,0 82.2434358,16.986026,0 82.243633,16.9859424,0 82.2441846,16.9856906,0</coordinates></LineString>
</Placemark>
<Placemark><name>highway</name><styleUrl>#highway</styleUrl><description>highway: residential</description>
<LineString><tessellate>1</tessellate><coordinates>82.2444074,16.9862739,0 82.2433843,16.9866598,0 82.2427644,16.9869018,0</coordinates></LineString>
</Placemark>
<Placemark><name>highway</name><styleUrl>#highway</styleUrl><description>highway: residential</description>
<LineString><tessellate>1</tessellate><coordinates>82.2422694,16.9894405,0 82.2420793,16.9891687,0 82.242795,16.9887766,0 82.2434898,16.988396,0</coordinates></LineString>
</Placemark>
<Placemark><name>highway</name><styleUrl>#highway</styleUrl><description>highway: residential</description>
<LineString><tessellate>1</tessellate><coordinates>82.2436274,16.9886519,0 82.2439981,16.9884971,0 82.2444833,16.9882533,0 82.245107,16.9880495,0</coordinates></LineString>
</Placemark>
<Placemark><name>highway</name><styleUrl>#highway</styleUrl><description>highway: residential</description>
<LineString><tessellate>1</tessellate><coordinates>82.2434731,16.988365,0 82.2441733,16.9879544,0 82.2442832,16.9878782,0 82.2449218,16.9874352,0 82.2456846,16.9871008,0 82.245719,16.9870857,0 82.2467488,16.9867485,0 82.2468913,16.9871542,0 82.2470325,16.987556,0 82.2472045,16.9880453,0</coordinates></LineString>
</Placemark>
<Placemark><name>highway</name><styleUrl>#highway</styleUrl><description>highway: residential</description>
<LineString><tessellate>1</tessellate><coordinates>82.2456846,16.9871008,0 82.245784,16.9873611,0 82.2458813,16.9876157,0 82.2459812,16.9878775,0 82.2460798,16.9881357,0 82.2461915,16.988428,0</coordinates></LineString>
</Placemark>
<Placemark><name>highway</name><styleUrl>#highway</styleUrl><description>highway: residential</description>
<LineString><tessellate>1</tessellate><coordinates>82.2452364,16.9884428,0 82.2457081,16.9882757,0 82.2460798,16.9881357,0</coordinates></LineString>
</Placemark>
<Placemark><name>highway</name><styleUrl>#highway</styleUrl><description>highway: residential</description>
<LineString><tessellate>1</tessellate><coordinates>82.2451484,16.9881868,0 82.2456262,16.9880093,0 82.2459812,16.9878775,0</coordinates></LineString>
</Placemark>
<Placemark><name>highway</name><styleUrl>#highway</styleUrl><description>highway: residential</description>
<LineString><tessellate>1</tessellate><coordinates>82.2450655,16.9879118,0 82.2455222,16.987746,0 82.2458813,16.9876157,0</coordinates></LineString>
</Placemark>
<Placemark><name>highway</name><styleUrl>#highway</styleUrl><description>highway: residential</description>
<LineString><tessellate>1</tessellate><coordinates>82.2449931,16.9876717,0 82.2454235,16.9875027,0 82.245784,16.9873611,0</coordinates></LineString>
</Placemark>
<Placemark><name>highway</name><styleUrl>#highway</styleUrl><description>highway: residential</description>
<LineString><tessellate>1</tessellate><coordinates>82.2446234,16.9867129,0 82.246093,16.9861276,0 82.2461872,16.9860901,0 82.2463246,16.9860354,0 82.2469888,16.9858033,0 82.2481874,16.9853846,0 82.2486175,16.9852344,0 82.2486463,16.9853336,0 82.2487692,16.9857564,0 82.2489772,16.9864723,0 82.2490417,16.9866943,0 82.2491107,16.9869316,0 82.2492182,16.9873018,0</coordinates></LineString>
</Placemark>
<Placemark><name>highway</name><styleUrl>#highway</styleUrl><description>highway: residential</description>
<LineString><tessellate>1</tessellate><coordinates>82.2468913,16.9871542,0 82.2473656,16.9869992,0 82.2485262,16.9866182,0 82.2489772,16.9864723,0</coordinates></LineString>
</Placemark>
<Placemark><name>highway</name><styleUrl>#highway</styleUrl><description>highway: residential</description>
<LineString><tessellate>1</tessellate><coordinates>82.2470325,16.987556,0 82.2481938,16.9872071,0 82.2486386,16.9870735,0 82.2491107,16.9869316,0</coordinates></LineString>
</Placemark>
<Placemark><name>highway</name><styleUrl>#highway</styleUrl><description>highway: residential</description>
<LineString><tessellate>1</tessellate><coordinates>82.246093,16.9861276,0 82.2462208,16.986454,0 82.2462789,16.9866025,0 82.2471437,16.9862801,0 82.2478956,16.9859997,0</coordinates></LineString>
</Placemark>
<Placemark><name>highway</name><styleUrl>#highway</styleUrl><description>highway: residential</description>
<LineString><tessellate>1</tessellate><coordinates>82.2473656,16.9869992,0 82.2472485,16.9866199,0 82.2471437,16.9862801,0 82.2469888,16.9858033,0</coordinates></LineString>
</Placemark>
<Placemark><name>highway</name><styleUrl>#highway</styleUrl><description>highway: residential</description>
<LineString><tessellate>1</tessellate><coordinates>82.2472485,16.9866199,0 82.2480637,16.9863768,0 82.248437,16.9862655,0</coordinates></LineString>
</Placemark>
<Placemark><name>highway</name><styleUrl>#highway</styleUrl><description>highway: residential</description>
<LineString><tessellate>1</tessellate><coordinates>82.2487692,16.9857564,0 82.2492551,16.9856202,0 82.2497316,16.9854866,0 82.2499937,16.9854132,0 82.250396,16.9853004,0</coordinates></LineString>
</Placemark>
<Placemark><name>highway</name><styleUrl>#highway</styleUrl><description>highway: residential</description>
<LineString><tessellate>1</tessellate><coordinates>82.2491049,16.9850302,0 82.2491424,16.9851775,0 82.2491818,16.9853322,0 82.2492551,16.9856202,0 82.2494001,16.9860901,0 82.24954,16.9865434,0 82.2497325,16.987167,0</coordinates></LineString>
</Placemark>
<Placemark><name>highway</name><styleUrl>#highway</styleUrl><description>highway: residential</description>
<LineString><tessellate>1</tessellate><coordinates>82.2490417,16.9866943,0 82.24954,16.9865434,0 82.2500013,16.9863991,0 82.2506362,16.9862004,0</coordinates></LineString>
</Placemark>
<Placemark><name>highway</name><styleUrl>#highway</styleUrl><description>highway: residential</description>
<LineString><tessellate>1</tessellate><coordinates>82.2494001,16.9860901,0 82.2505155,16.9857482,0</coordinates></LineString>
</Placemark>
<Placemark><name>highway</name><styleUrl>#highway</styleUrl><description>highway: residential</description>
<LineString><tessellate>1</tessellate><coordinates>82.2497316,16.9854866,0 82.2495483,16.9848492,0</coordinates></LineString>
</Placemark>
<Placemark><name>highway</name><styleUrl>#highway</styleUrl><description>highway: residential</description>
<LineString><tessellate>1</tessellate><coordinates>82.2499937,16.9854132,0 82.2498589,16.9849706,0</coordinates></LineString>
</Placemark>
<Placemark><name>highway</name><styleUrl>#highway</styleUrl><description>highway: residential</description>
<LineString><tessellate>1</tessellate><coordinates>82.24925,16.9878192,0 82.2497509,16.9876449,0 82.2509264,16.9873787,0</coordinates></LineString>
</Placemark>
<Placemark><name>highway</name><styleUrl>#highway</styleUrl><description>highway: residential</description>
<LineString><tessellate>1</tessellate><coordinates>82.2476023,16.989493,0 82.2478944,16.989453,0 82.2483288,16.9891583,0 82.2488605,16.988925,0 82.2491145,16.9888136,0 82.2495243,16.988625,0 82.2511893,16.9882585,0</coordinates></LineString>
</Placemark>
<Placemark><name>highway</name><styleUrl>#highway</styleUrl><description>highway: residential</description>
<LineString><tessellate>1</tessellate><coordinates>82.249401,16.9882052,0 82.2495243,16.988625,0</coordinates></LineString>
</Placemark>
<Placemark><name>highway</name><styleUrl>#highway</styleUrl><description>highway: residential</description>
<LineString><tessellate>1</tessellate><coordinates>82.2501739,16.9870514,0 82.250006,16.9864168,0 82.2500013,16.9863991,0</coordinates></LineString>
</Placemark>
<Placemark><name>highway</name><styleUrl>#highway</styleUrl><description>highway: residential</description>
<LineString><tessellate>1</tessellate><coordinates>82.2390113,16.9955773,0 82.2391056,16.9960341,0 82.2391819,16.99635,0 82.2393194,16.9966248,0 82.2393962,16.9967785,0 82.2396174,16.9972207,0 82.2396548,16.9972955,0 82.2398212,16.9976282,0 82.239857,16.9976997,0 82.2399659,16.9979173,0 82.2405107,16.9985963,0 82.240586,16.9986902,0 82.2408439,16.9990115,0 82.2417765,16.9988686,0 82.2419136,16.9988476,0 82.2422729,16.9987926,0 82.2432302,16.9987257,0 82.2441361,16.9984643,0 82.2442052,16.9984332,0 82.2446753,16.9982257,0 82.2451058,16.9980272,0 82.2454775,16.9979081,0 82.2459711,16.9976784,0 82.2471131,16.9971209,0 82.2469922,16.9968558,0 82.2468819,16.9966138,0 82.246802,16.9964386,0 82.2467574,16.996351,0 82.2462388,16.9953106,0 82.2460561,16.994944,0</coordinates></LineString>
</Placemark>
<Placemark><name>highway</name><styleUrl>#highway</styleUrl><description>highway: residential</description>
<LineString><tessellate>1</tessellate><coordinates>82.2455648,16.9950034,0 82.2455668,16.9950983,0 82.2455923,16.9955598,0 82.245573,16.9958123,0 82.2455268,16.9960744,0 82.2455062,16.9963778,0 82.245454,16.9966647,0 82.245481,16.9969516,0 82.2454777,16.9972896,0 82.2454653,16.9975613,0 82.2454775,16.9979081,0</coordinates></LineString>
</Placemark>
<Placemark><name>highway</name><styleUrl>#highway</styleUrl><description>highway: residential</description>
<LineString><tessellate>1</tessellate><coordinates>82.2480018,16.9912487,0 82.2481687,16.9916743,0 82.2483554,16.9921504,0 82.2484451,16.9923791,0 82.2485638,16.9926818,0 82.2487001,16.9930294,0 82.2488159,16.9933249,0 82.2489707,16.9937433,0 82.2491356,16.9941888,0 82.2491509,16.9942633,0</coordinates></LineString>
</Placemark>
<Placemark><name>highway</name><styleUrl>#highway</styleUrl><description>highway: residential</description>
<LineString><tessellate>1</tessellate><coordinates>82.2483554,16.9921504,0 82.249659,16.9918243,0 82.2502333,16.9916806,0 82.2505715,16.991596,0 82.2509951,16.9914901,0 82.2514608,16.9913598,0 82.2519956,16.9912398,0</coordinates></LineString>
</Placemark>
<Placemark><name>highway</name><styleUrl>#highway</styleUrl><description>highway: residential</description>
<LineString><tessellate>1</tessellate><coordinates>82.249659,16.9918243,0 82.2498215,16.9923482,0 82.2499394,16.992728,0 82.2500428,16.9930613,0 82.2488159,16.9933249,0 82.2478243,16.9936156,0 82.2472043,16.9937973,0</coordinates></LineString>
</Placemark>
<Placemark><name>highway</name><styleUrl>#highway</styleUrl><description>highway: residential</description>
<LineString><tessellate>1</tessellate><coordinates>82.2469323,16.9930878,0 82.2475561,16.9929326,0 82.2485638,16.9926818,0 82.2498215,16.9923482,0</coordinates></LineString>
</Placemark>
<Placemark><name>highway</name><styleUrl>#highway</styleUrl><description>highway: residential</description>
<LineString><tessellate>1</tessellate><coordinates>82.2504768,16.9925865,0 82.2508144,16.9924949,0 82.251245,16.9923836,0 82.2517168,16.9922565,0 82.2522447,16.9921253,0</coordinates></LineString>
</Placemark>
<Placemark><name>highway</name><styleUrl>#highway</styleUrl><description>highway: residential</description>
<LineString><tessellate>1</tessellate><coordinates>82.2514608,16.9913598,0 82.2517168,16.9922565,0 82.2518451,16.9926691,0 82.2521452,16.993634,0 82.252274,16.9940481,0</coordinates></LineString>
</Placemark>
<Placemark><name>highway</name><styleUrl>#highway</styleUrl><description>highway: residential</description>
<LineString><tessellate>1</tessellate><coordinates>82.2508144,16.9924949,0 82.2507287,16.9921778,0 82.2506506,16.9918885,0 82.2505715,16.991596,0</coordinates></LineString>
</Placemark>
<Placemark><name>highway</name><styleUrl>#highway</styleUrl><description>highway: residential</description>
<LineString><tessellate>1</tessellate><coordinates>82.251245,16.9923836,0 82.2511565,16.9920672,0 82.2510788,16.9917894,0 82.2509951,16.9914901,0</coordinates></LineString>
</Placemark>
<Placemark><name>highway</name><styleUrl>#highway</styleUrl><description>highway: residential</description>
<LineString><tessellate>1</tessellate><coordinates>82.247122,16.9935641,0 82.2477359,16.9933693,0 82.2487001,16.9930294,0 82.2499394,16.992728,0</coordinates></LineString>
</Placemark>
<Placemark><name>highway</name><styleUrl>#highway</styleUrl><description>highway: residential</description>
<LineString><tessellate>1</tessellate><coordinates>82.248669,16.9906085,0 82.2485029,16.9899694,0</coordinates></LineString>
</Placemark>
<Placemark><name>highway</name><styleUrl>#highway</styleUrl><description>highway: residential</description>
<LineString><tessellate>1</tessellate><coordinates>82.2522137,16.992015,0 82.2529285,16.9917867,0 82.2533111,16.991627,0 82.253366,16.991604,0 82.2537828,16.9915206,0 82.2541988,16.9914373,0 82.2561693,16.9910429,0 82.2566968,16.9909373,0 82.2567295,16.9909307,0 82.2571018,16.9908562,0 82.2574328,16.99079,0 82.2576724,16.990742,0</coordinates></LineString>
</Placemark>
<Placemark><name>highway</name><styleUrl>#highway</styleUrl><description>highway: residential</description>
<LineString><tessellate>1</tessellate><coordinates>82.2432609,16.9959859,0 82.2440815,16.9957526,0 82.2445117,16.9956948,0 82.2447462,16.995717,0 82.2451376,16.9956786,0 82.2452302,16.9956683,0 82.2455923,16.9955598,0</coordinates></LineString>
</Placemark>
<Placemark><name>highway</name><styleUrl>#highway</styleUrl><description>highway: residential</description>
<LineString><tessellate>1</tessellate><coordinates>82.2435181,16.9966432,0 82.2441304,16.9965542,0 82.2445315,16.9964898,0 82.2449371,16.9963881,0 82.2451791,16.9963616,0 82.2455062,16.9963778,0</coordinates></LineString>
</Placemark>
<Placemark><name>highway</name><styleUrl>#highway</styleUrl><description>highway: residential</description>
<LineString><tessellate>1</tessellate><coordinates>82.245481,16.9969516,0 82.24604,16.9967091,0 82.2463901,16.9965213,0 82.2467574,16.996351,0 82.247296,16.9960901,0 82.2477128,16.9958881,0 82.2477569,16.9958655,0 82.2481185,16.9957089,0 82.2484698,16.9955659,0 82.2494878,16.9952268,0 82.2493675,16.9949642,0 82.2492577,16.9947276,0 82.2490535,16.9942877,0</coordinates></LineString>
</Placemark>
<Placemark><name>highway</name><styleUrl>#highway</styleUrl><description>highway: residential</description>
<LineString><tessellate>1</tessellate><coordinates>82.2481185,16.9957089,0 82.2476122,16.9945636,0 82.2475858,16.9944993,0</coordinates></LineString>
</Placemark>
<Placemark><name>highway</name><styleUrl>#highway</styleUrl><description>highway: residential</description>
<LineString><tessellate>1</tessellate><coordinates>82.2477569,16.9958655,0 82.2471253,16.9946573,0</coordinates></LineString>
</Placemark>
<Placemark><name>highway</name><styleUrl>#highway</styleUrl><description>highway: residential</description>
<LineString><tessellate>1</tessellate><coordinates>82.2466191,16.9947716,0 82.247296,16.9960901,0</coordinates></LineString>
</Placemark>
<Placemark><name>highway</name><styleUrl>#highway</styleUrl><description>highway: residential</description>
<LineString><tessellate>1</tessellate><coordinates>82.2455268,16.9960744,0 82.2456555,16.9959849,0 82.2460214,16.9957832,0 82.2463901,16.9965213,0</coordinates></LineString>
</Placemark>
<Placemark><name>highway</name><styleUrl>#highway</styleUrl><description>highway: residential</description>
<LineString><tessellate>1</tessellate><coordinates>82.2456555,16.9959849,0 82.24604,16.9967091,0</coordinates></LineString>
</Placemark>
<Placemark><name>highway</name><styleUrl>#highway</styleUrl><description>highway: residential</description>
<LineString><tessellate>1</tessellate><coordinates>82.2445964,16.9994349,0 82.2455433,16.9990869,0 82.2455025,16.9988006,0 82.2463444,16.9984002,0 82.2474684,16.99788,0 82.2482647,16.9974298,0 82.2488168,16.9972741,0 82.2484204,16.9963799,0 82.2481185,16.9957089,0</coordinates></LineString>
</Placemark>
<Placemark><name>highway</name><styleUrl>#highway</styleUrl><description>highway: residential</description>
<LineString><tessellate>1</tessellate><coordinates>82.2455025,16.9988006,0 82.2454401,16.9983738,0 82.2454775,16.9979081,0</coordinates></LineString>
</Placemark>
<Placemark><name>highway</name><styleUrl>#highway</styleUrl><description>highway: residential</description>
<LineString><tessellate>1</tessellate><coordinates>82.2454401,16.9983738,0 82.2461571,16.9980423,0 82.2473036,16.9975155,0 82.2481203,16.9971074,0 82.2481281,16.9971249,0 82.2482647,16.9974298,0</coordinates></LineString>
</Placemark>
<Placemark><name>highway</name><styleUrl>#highway</styleUrl><description>highway: residential</description>
<LineString><tessellate>1</tessellate><coordinates>82.2471131,16.9971209,0 82.2473036,16.9975155,0 82.2474684,16.99788,0</coordinates></LineString>
</Placemark>
<Placemark><name>highway</name><styleUrl>#highway</styleUrl><description>highway: residential</description>
<LineString><tessellate>1</tessellate><coordinates>82.2471131,16.9971209,0 82.2479615,16.9967312,0 82.2481281,16.9971249,0</coordinates></LineString>
</Placemark>
<Placemark><name>highway</name><styleUrl>#highway</styleUrl><description>highway: residential</description>
<LineString><tessellate>1</tessellate><coordinates>82.2454777,16.9972896,0 82.2468819,16.9966138,0 82.247882,16.9961551,0</coordinates></LineString>
</Placemark>
<Placemark><name>highway</name><styleUrl>#highway</styleUrl><description>highway: residential</description>
<LineString><tessellate>1</tessellate><coordinates>82.2454653,16.9975613,0 82.2469922,16.9968558,0 82.247991,16.9964075,0</coordinates></LineString>
</Placemark>
<Placemark><name>highway</name><styleUrl>#highway</styleUrl><description>highway: residential</description>
<LineString><tessellate>1</tessellate><coordinates>82.2430358,16.9954143,0 82.2444234,16.9951594,0</coordinates></LineString>
</Placemark>
<Placemark><name>highway</name><styleUrl>#highway</styleUrl><description>highway: residential</description>
<LineString><tessellate>1</tessellate><coordinates>82.2432765,16.9935111,0 82.2423947,16.9938097,0</coordinates></LineString>
</Placemark>
<Placemark><name>highway</name><styleUrl>#highway</styleUrl><description>highway: residential</description>
<LineString><tessellate>1</tessellate><coordinates>82.2436736,16.9938818,0 82.2432422,16.9940438,0 82.2425782,16.994289,0</coordinates></LineString>
</Placemark>
<Placemark><name>highway</name><styleUrl>#highway</styleUrl><description>highway: residential</description>
<LineString><tessellate>1</tessellate><coordinates>82.2436736,16.9938818,0 82.2441511,16.9947234,0 82.2441526,16.9948013,0</coordinates></LineString>
</Placemark>
<Placemark><name>highway</name><styleUrl>#highway</styleUrl><description>highway: residential</description>
<LineString><tessellate>1</tessellate><coordinates>82.2447636,16.9933447,0 82.2450477,16.9932617,0 82.2451438,16.9932336,0 82.2455398,16.993187,0</coordinates></LineString>
</Placemark>
<Placemark><name>highway</name><styleUrl>#highway</styleUrl><description>highway: residential</description>
<LineString><tessellate>1</tessellate><coordinates>82.2458182,16.9949277,0 82.2451114,16.9934956,0 82.2450477,16.9932617,0</coordinates></LineString>
</Placemark>
<Placemark><name>highway</name><styleUrl>#highway</styleUrl><description>highway: tertiary
oneway: yes</description>
<LineString><tessellate>1</tessellate><coordinates>82.2524987,16.9993948,0 82.2519938,16.9995565,0 82.2512161,16.9998055,0 82.2504455,17.0000522,0 82.2496229,17.0003156,0 82.2495432,17.0003432,0 82.2489505,17.0005482,0 82.2479003,17.0009116,0 82.2478471,17.00093,0 82.2472371,17.001141,0 82.2471463,17.0011724,0 82.2467984,17.0012927,0 82.2466606,17.0013404,0 82.2463091,17.001462,0 82.2460396,17.0015552,0 82.2456928,17.001707,0 82.2455305,17.001778,0 82.2454472,17.0018058,0</coordinates></LineString>
</Placemark>
<Placemark><name>highway</name><styleUrl>#highway</styleUrl><description>highway: residential</description>
<LineString><tessellate>1</tessellate><coordinates>82.2446266,16.9997198,0 82.2447011,16.9996884,0 82.2448561,16.9996265,0 82.2452282,16.9994779,0 82.2456137,16.9993408,0 82.2460883,16.9991682,0 82.2462347,16.9991201,0 82.2463496,16.9990843,0 82.2466681,16.9988591,0 82.2469625,16.9986508,0 82.2480287,16.9978839,0 82.2483059,16.9976845,0 82.2484352,16.9976559,0 82.2489282,16.9975465,0</coordinates></LineString>
</Placemark>
<Placemark><name>highway</name><styleUrl>#highway</styleUrl><description>highway: residential</description>
<LineString><tessellate>1</tessellate><coordinates>82.2484352,16.9976559,0 82.2487868,16.9985087,0 82.2491194,16.9993154,0 82.2495432,17.0003432,0 82.2495988,17.0004803,0 82.2498219,17.0010723,0 82.250411,17.0026133,0 82.2504989,17.0028433,0 82.2505539,17.0029872,0 82.2506625,17.0032712,0 82.2507413,17.003243,0 82.2510553,17.0031305,0 82.2518467,17.0028468,0 82.2525033,17.0026115,0</coordinates></LineString>
</Placemark>
<Placemark><name>highway</name><styleUrl>#highway</styleUrl><description>highway: residential</description>
<LineString><tessellate>1</tessellate><coordinates>82.2514406,16.9966912,0 82.2515464,16.9966591,0 82.2519414,16.9965391,0 82.2522349,16.99645,0 82.252336,16.9964193,0 82.2526714,16.9963174,0 82.2531125,16.9961835,0 82.2535261,16.9960579,0 82.2538006,16.9959972,0 82.2539666,16.9959908,0 82.2541552,16.9960265,0 82.2547532,16.9968074,0 82.2551047,16.9972665,0</coordinates></LineString>
</Placemark>
<Placemark><name>highway</name><styleUrl>#highway</styleUrl><description>highway: residential</description>
<LineString><tessellate>1</tessellate><coordinates>82.2535813,16.9990339,0 82.2536162,16.9991556,0 82.2537313,16.9995167,0 82.2538391,16.9998548,0 82.2539772,17.000288,0 82.2541288,17.0007634,0</coordinates></LineString>
</Placemark>
<Placemark><name>highway</name><styleUrl>#highway</styleUrl><description>highway: residential</description>
<LineString><tessellate>1</tessellate><coordinates>82.2521743,16.9985658,0 82.2533051,16.9982027,0 82.2537283,16.9980668,0 82.2541406,16.9979344,0 82.2538588,16.9970739,0 82.2535261,16.9960579,0</coordinates></LineString>
</Placemark>
<Placemark><name>highway</name><styleUrl>#highway</styleUrl><description>highway: residential</description>
<LineString><tessellate>1</tessellate><coordinates>82.2541406,16.9979344,0 82.2541984,16.998113,0 82.2543188,16.9984756,0 82.2546826,16.9996087,0 82.2542747,16.9997277,0 82.2538391,16.9998548,0</coordinates></LineString>
</Placemark>
<Placemark><name>highway</name><styleUrl>#highway</styleUrl><description>highway: residential</description>
<LineString><tessellate>1</tessellate><coordinates>82.2541984,16.998113,0 82.2546024,16.9979738,0 82.2542752,16.9969531,0 82.2539666,16.9959908,0</coordinates></LineString>
</Placemark>
<Placemark><name>highway</name><styleUrl>#highway</styleUrl><description>highway: residential</description>
<LineString><tessellate>1</tessellate><coordinates>82.2526714,16.9963174,0 82.2530205,16.9973561,0 82.2531677,16.997794,0 82.2533051,16.9982027,0 82.2534375,16.9986071,0 82.2535813,16.9990339,0</coordinates></LineString>
</Placemark>
<Placemark><name>highway</name><styleUrl>#highway</styleUrl><description>highway: residential</description>
<LineString><tessellate>1</tessellate><coordinates>82.249416,16.9973804,0 82.2496267,16.9979272,0 82.2498266,16.9984411,0 82.2500336,16.9989731,0 82.2502355,16.999502,0 82.2504455,17.0000522,0</coordinates></LineString>
</Placemark>
<Placemark><name>highway</name><styleUrl>#highway</styleUrl><description>highway: residential</description>
<LineString><tessellate>1</tessellate><coordinates>82.2496267,16.9979272,0 82.250403,16.9976504,0 82.2516431,16.9972085,0</coordinates></LineString>
</Placemark>
<Placemark><name>highway</name><styleUrl>#highway</styleUrl><description>highway: residential</description>
<LineString><tessellate>1</tessellate><coordinates>82.2498266,16.9984411,0 82.2506014,16.9981605,0 82.2518402,16.9977122,0 82.2530205,16.9973561,0 82.2534372,16.9972159,0 82.2538588,16.9970739,0 82.2542752,16.9969531,0 82.2547532,16.9968074,0</coordinates></LineString>
</Placemark>
<Placemark><name>highway</name><styleUrl>#highway</styleUrl><description>highway: residential</description>
<LineString><tessellate>1</tessellate><coordinates>82.2500336,16.9989731,0 82.250801,16.9986915,0 82.2515703,16.9984092,0 82.2520448,16.998235,0</coordinates></LineString>
</Placemark>
<Placemark><name>highway</name><styleUrl>#highway</styleUrl><description>highway: residential</description>
<LineString><tessellate>1</tessellate><coordinates>82.2502039,16.9971122,0 82.250403,16.9976504,0 82.2506014,16.9981605,0 82.250801,16.9986915,0 82.2509939,16.9992092,0 82.2512161,16.9998055,0 82.2512635,16.9999253,0 82.2514705,17.0004486,0 82.2516842,17.0009888,0 82.2518923,17.0015147,0 82.252098,17.0020733,0 82.2522335,17.0020388,0</coordinates></LineString>
</Placemark>
<Placemark><name>highway</name><styleUrl>#highway</styleUrl><description>highway: residential</description>
<LineString><tessellate>1</tessellate><coordinates>82.2524987,16.9993948,0 82.2525334,16.9994867,0 82.2526485,16.9999005,0 82.2526958,17.0000603,0 82.2528676,17.0006403,0 82.2530122,17.0011282,0</coordinates></LineString>
</Placemark>
<Placemark><name>highway</name><styleUrl>#highway</styleUrl><description>highway: residential</description>
<LineString><tessellate>1</tessellate><coordinates>82.2456958,17.0024306,0 82.2457676,17.002407,0 82.2465243,17.0021579,0 82.2474902,17.0018399,0 82.2481297,17.0016056,0 82.2494864,17.001178,0 82.2496028,17.0011414,0 82.2498219,17.0010723,0 82.2505335,17.0008031,0 82.2514705,17.0004486,0 82.2526958,17.0000603,0</coordinates></LineString>
</Placemark>
<Placemark><name>highway</name><styleUrl>#highway</styleUrl><description>highway: residential</description>
<LineString><tessellate>1</tessellate><coordinates>82.250411,17.0026133,0 82.2511313,17.0023603,0 82.252098,17.0020733,0</coordinates></LineString>
</Placemark>
<Placemark><name>highway</name><styleUrl>#highway</styleUrl><description>highway: residential</description>
<LineString><tessellate>1</tessellate><coordinates>82.2511313,17.0023603,0 82.2509356,17.0018551,0 82.2507361,17.0013332,0 82.2505335,17.0008031,0</coordinates></LineString>
</Placemark>
<Placemark><name>highway</name><styleUrl>#highway</styleUrl><description>highway: residential</description>
<LineString><tessellate>1</tessellate><coordinates>82.2507361,17.0013332,0 82.2516842,17.0009888,0</coordinates></LineString>
</Placemark>
<Placemark><name>highway</name><styleUrl>#highway</styleUrl><description>highway: residential</description>
<LineString><tessellate>1</tessellate><coordinates>82.2529569,17.0011473,0 82.2531833,17.0018156,0 82.2522335,17.0020388,0</coordinates></LineString>
</Placemark>
<Placemark><name>highway</name><styleUrl>#highway</styleUrl><description>highway: residential</description>
<LineString><tessellate>1</tessellate><coordinates>82.253736,17.0022685,0 82.2537032,17.0021796,0 82.2535666,17.001815,0 82.2532824,17.0010399,0</coordinates></LineString>
</Placemark>
<Placemark><name>highway</name><styleUrl>#highway</styleUrl><description>highway: residential</description>
<LineString><tessellate>1</tessellate><coordinates>82.2541405,17.0021606,0 82.253717,17.0008979,0</coordinates></LineString>
</Placemark>
<Placemark><name>highway</name><styleUrl>#highway</styleUrl><description>highway: residential</description>
<LineString><tessellate>1</tessellate><coordinates>82.254542,17.0020445,0 82.2541288,17.0007634,0</coordinates></LineString>
</Placemark>
<Placemark><name>highway</name><styleUrl>#highway</styleUrl><description>highway: residential</description>
<LineString><tessellate>1</tessellate><coordinates>82.2545577,17.0006384,0 82.254937,17.0019275,0 82.2550703,17.0023206,0 82.2552155,17.0027487,0</coordinates></LineString>
</Placemark>
<Placemark><name>highway</name><styleUrl>#highway</styleUrl><description>highway: residential</description>
<LineString><tessellate>1</tessellate><coordinates>82.2528676,17.0006403,0 82.2539772,17.000288,0 82.2550527,16.9999547,0 82.2561383,16.9998644,0</coordinates></LineString>
</Placemark>
<Placemark><name>highway</name><styleUrl>#highway</styleUrl><description>highway: residential</description>
<LineString><tessellate>1</tessellate><coordinates>82.2526485,16.9999005,0 82.2537313,16.9995167,0</coordinates></LineString>
</Placemark>
<Placemark><name>highway</name><styleUrl>#highway</styleUrl><description>highway: residential</description>
<LineString><tessellate>1</tessellate><coordinates>82.2530515,17.0000636,0 82.2538391,16.9998548,0</coordinates></LineString>
</Placemark>
<Placemark><name>highway</name><styleUrl>#highway</styleUrl><description>highway: residential</description>
<LineString><tessellate>1</tessellate><coordinates>82.2531125,16.9961835,0 82.2534372,16.9972159,0 82.2537283,16.9980668,0 82.2542747,16.9997277,0</coordinates></LineString>
</Placemark>
<Placemark><name>highway</name><styleUrl>#highway</styleUrl><description>highway: residential</description>
<LineString><tessellate>1</tessellate><coordinates>82.2534375,16.9986071,0 82.2526173,16.9988459,0</coordinates></LineString>
</Placemark>
<Placemark><name>highway</name><styleUrl>#highway</styleUrl><description>highway: residential</description>
<LineString><tessellate>1</tessellate><coordinates>82.25201,16.9981461,0 82.2531677,16.997794,0</coordinates></LineString>
</Placemark>
<Placemark><name>highway</name><styleUrl>#highway</styleUrl><description>highway: residential</description>
<LineString><tessellate>1</tessellate><coordinates>82.2516834,16.9973115,0 82.2521297,16.9971614,0 82.2525333,16.9970257,0 82.252336,16.9964193,0</coordinates></LineString>
</Placemark>
<Placemark><name>highway</name><styleUrl>#highway</styleUrl><description>highway: residential</description>
<LineString><tessellate>1</tessellate><coordinates>82.2521297,16.9971614,0 82.2519414,16.9965391,0</coordinates></LineString>
</Placemark>
<Placemark><name>highway</name><styleUrl>#highway</styleUrl><description>highway: residential</description>
<LineString><tessellate>1</tessellate><coordinates>82.2502355,16.999502,0 82.2509939,16.9992092,0 82.2517607,16.9989389,0 82.2515703,16.9984092,0</coordinates></LineString>
</Placemark>
<Placemark><name>highway</name><styleUrl>#highway</styleUrl><description>highway: residential</description>
<LineString><tessellate>1</tessellate><coordinates>82.2517607,16.9989389,0 82.2519938,16.9995565,0</coordinates></LineString>
</Placemark>
<Placemark><name>highway</name><styleUrl>#highway</styleUrl><description>highway: residential</description>
<LineString><tessellate>1</tessellate><coordinates>82.2535261,16.9960579,0 82.2531453,16.9946775,0 82.2529762,16.9939805,0</coordinates></LineString>
</Placemark>
<Placemark><name>highway</name><styleUrl>#highway</styleUrl><description>highway: residential</description>
<LineString><tessellate>1</tessellate><coordinates>82.2526714,16.9963174,0 82.252296,16.9948866,0 82.2520545,16.9940431,0</coordinates></LineString>
</Placemark>
<Placemark><name>highway</name><styleUrl>#highway</styleUrl><description>highway: residential</description>
<LineString><tessellate>1</tessellate><coordinates>82.2519414,16.9965391,0 82.2514766,16.9951023,0 82.2512407,16.9943593,0 82.2511008,16.9939186,0</coordinates></LineString>
</Placemark>
<Placemark><name>highway</name><styleUrl>#highway</styleUrl><description>highway: residential</description>
<LineString><tessellate>1</tessellate><coordinates>82.2515464,16.9966591,0 82.251498,16.99651,0 82.2511167,16.9953348,0 82.2510825,16.9952264,0 82.2508464,16.9944784,0 82.2506329,16.9938645,0</coordinates></LineString>
</Placemark>
<Placemark><name>highway</name><styleUrl>#highway</styleUrl><description>highway: residential</description>
<LineString><tessellate>1</tessellate><coordinates>82.2510825,16.9952264,0 82.2514766,16.9951023,0 82.2518481,16.9950045,0 82.252296,16.9948866,0 82.2526971,16.9947887,0 82.2531453,16.9946775,0</coordinates></LineString>
</Placemark>
<Placemark><name>highway</name><styleUrl>#highway</styleUrl><description>highway: residential</description>
<LineString><tessellate>1</tessellate><coordinates>82.2515599,16.99398,0 82.2518481,16.9950045,0 82.2522349,16.99645,0</coordinates></LineString>
</Placemark>
<Placemark><name>highway</name><styleUrl>#highway</styleUrl><description>highway: residential</description>
<LineString><tessellate>1</tessellate><coordinates>82.2531125,16.9961835,0 82.2526971,16.9947887,0 82.2524901,16.9940268,0</coordinates></LineString>
</Placemark>
<Placemark><name>highway</name><styleUrl>#highway</styleUrl><description>highway: residential</description>
<LineString><tessellate>1</tessellate><coordinates>82.2493675,16.9949642,0 82.2508464,16.9944784,0 82.2512407,16.9943593,0</coordinates></LineString>
</Placemark>
<Placemark><name>highway</name><styleUrl>#highway</styleUrl><description>highway: residential
lit: yes</description>
<LineString><tessellate>1</tessellate><coordinates>82.2542396,16.9960185,0 82.2541694,16.9957428,0 82.253753,16.9939123,0</coordinates></LineString>
</Placemark>
<Placemark><name>highway</name><styleUrl>#highway</styleUrl><description>highway: residential</description>
<LineString><tessellate>1</tessellate><coordinates>82.2541552,16.9960265,0 82.2542396,16.9960185,0 82.2547151,16.9959764,0 82.2547195,16.9959733,0 82.2550205,16.9959074,0 82.2551181,16.995886,0 82.255502,16.9958019,0 82.255923,16.9957096,0 82.2559563,16.9957023,0 82.2563723,16.9956112,0 82.2567986,16.9954497,0 82.2571977,16.9952746,0</coordinates></LineString>
</Placemark>
<Placemark><name>highway</name><styleUrl>#highway</styleUrl><description>highway: residential</description>
<LineString><tessellate>1</tessellate><coordinates>82.2558029,16.997104,0 82.2557377,16.9968218,0 82.255502,16.9958019,0 82.2554171,16.9953206,0 82.2553405,16.9948864,0 82.2555497,16.9948403,0 82.25534,16.993705,0</coordinates></LineString>
</Placemark>
<Placemark><name>highway</name><styleUrl>#highway</styleUrl><description>highway: residential
surface: concrete</description>
<LineString><tessellate>1</tessellate><coordinates>82.2547582,16.9937792,0 82.2548426,16.9941392,0 82.2549385,16.9945468,0 82.2550278,16.9949453,0 82.2553405,16.9948864,0</coordinates></LineString>
</Placemark>
<Placemark><name>highway</name><styleUrl>#highway</styleUrl><description>highway: residential</description>
<LineString><tessellate>1</tessellate><coordinates>82.2551181,16.995886,0 82.2550081,16.9953992,0 82.2549099,16.9949647,0 82.2550278,16.9949453,0</coordinates></LineString>
</Placemark>
<Placemark><name>highway</name><styleUrl>#highway</styleUrl><description>highway: residential
lane_markings: no
surface: concrete</description>
<LineString><tessellate>1</tessellate><coordinates>82.2547151,16.9959764,0 82.2545027,16.9950025,0 82.2544356,16.9946578,0 82.2543538,16.9942369,0 82.2542816,16.9938597,0</coordinates></LineString>
</Placemark>
<Placemark><name>highway</name><styleUrl>#highway</styleUrl><description>highway: residential</description>
<LineString><tessellate>1</tessellate><coordinates>82.2567986,16.9954497,0 82.2566871,16.9947715,0 82.2566171,16.9943199,0 82.2565644,16.9938332,0</coordinates></LineString>
</Placemark>
<Placemark><name>highway</name><styleUrl>#highway</styleUrl><description>highway: residential</description>
<LineString><tessellate>1</tessellate><coordinates>82.2562009,16.997022,0 82.2564756,16.9983141,0 82.2559593,16.9983809,0</coordinates></LineString>
</Placemark>
<Placemark><name>highway</name><styleUrl>#highway</styleUrl><description>highway: residential</description>
<LineString><tessellate>1</tessellate><coordinates>82.2564756,16.9983141,0 82.2565548,16.998305,0 82.2569906,16.9982551,0 82.2569597,16.9981344,0 82.2567148,16.9969636,0 82.2563723,16.9956112,0</coordinates></LineString>
</Placemark>
<Placemark><name>highway</name><styleUrl>#highway</styleUrl><description>highway: residential</description>
<LineString><tessellate>1</tessellate><coordinates>82.2567986,16.9954497,0 82.2571142,16.9968857,0 82.257399,16.9980653,0 82.2569597,16.9981344,0</coordinates></LineString>
</Placemark>
<Placemark><name>highway</name><styleUrl>#highway</styleUrl><description>highway: residential</description>
<LineString><tessellate>1</tessellate><coordinates>82.2575554,16.9967823,0 82.2577537,16.9977568,0 82.2585472,16.9976531,0 82.2592927,16.9975558,0 82.2593605,16.9975469,0 82.2599193,16.9974548,0</coordinates></LineString>
</Placemark>
<Placemark><name>highway</name><styleUrl>#highway</styleUrl><description>highway: residential</description>
<LineString><tessellate>1</tessellate><coordinates>82.257399,16.9980653,0 82.2578088,16.9980002,0 82.2577537,16.9977568,0</coordinates></LineString>
</Placemark>
<Placemark><name>highway</name><styleUrl>#highway</styleUrl><description>highway: residential</description>
<LineString><tessellate>1</tessellate><coordinates>82.2550205,16.9959074,0 82.2551227,16.996273,0 82.2553045,16.9969232,0 82.2557377,16.9968218,0</coordinates></LineString>
</Placemark>
<Placemark><name>highway</name><styleUrl>#highway</styleUrl><description>highway: residential</description>
<LineString><tessellate>1</tessellate><coordinates>82.2555497,16.9948403,0 82.2557638,16.994798,0 82.2559563,16.9957023,0</coordinates></LineString>
</Placemark>
<Placemark><name>highway</name><styleUrl>#highway</styleUrl><description>highway: residential</description>
<LineString><tessellate>1</tessellate><coordinates>82.2563723,16.9956112,0 82.256136,16.9943058,0 82.2557632,16.9943391,0</coordinates></LineString>
</Placemark>
<Placemark><name>highway</name><styleUrl>#highway</styleUrl><description>highway: residential</description>
<LineString><tessellate>1</tessellate><coordinates>82.253753,16.9939123,0 82.2536037,16.9930905,0 82.2535357,16.9926684,0 82.2533111,16.991627,0</coordinates></LineString>
</Placemark>
<Placemark><name>highway</name><styleUrl>#highway</styleUrl><description>highway: residential</description>
<LineString><tessellate>1</tessellate><coordinates>82.2529285,16.9917867,0 82.2531982,16.9931661,0 82.2536037,16.9930905,0 82.2540586,16.9930088,0 82.2541062,16.9930003,0 82.2544856,16.9929366,0 82.2549931,16.9928513,0 82.2553388,16.9927933,0 82.2558925,16.9927003,0 82.2565212,16.9925948,0 82.2567396,16.9925581,0 82.257032,16.992509,0 82.257982,16.992413,0 82.2585397,16.9923566,0</coordinates></LineString>
</Placemark>
<Placemark><name>highway</name><styleUrl>#highway</styleUrl><description>highway: residential</description>
<LineString><tessellate>1</tessellate><coordinates>82.2546264,16.9938041,0 82.2544856,16.9929366,0 82.2543987,16.992499,0 82.2542931,16.9919677,0 82.2542692,16.9918333,0 82.2541988,16.9914373,0</coordinates></LineString>
</Placemark>
<Placemark><name>highway</name><styleUrl>#highway</styleUrl><description>highway: residential</description>
<LineString><tessellate>1</tessellate><coordinates>82.2537828,16.9915206,0 82.2540586,16.9930088,0</coordinates></LineString>
</Placemark>
<Placemark><name>highway</name><styleUrl>#highway</styleUrl><description>highway: residential</description>
<LineString><tessellate>1</tessellate><coordinates>82.2565212,16.9925948,0 82.2563493,16.9918368,0 82.2563168,16.9916937,0 82.2562586,16.9914369,0 82.2561693,16.9910429,0</coordinates></LineString>
</Placemark>
<Placemark><name>highway</name><styleUrl>#highway</styleUrl><description>highway: residential</description>
<LineString><tessellate>1</tessellate><coordinates>82.2542692,16.9918333,0 82.2547098,16.9917455,0 82.2562586,16.9914369,0</coordinates></LineString>
</Placemark>
<Placemark><name>highway</name><styleUrl>#highway</styleUrl><description>highway: residential</description>
<LineString><tessellate>1</tessellate><coordinates>82.2543987,16.992499,0 82.2548538,16.9924105,0 82.2547787,16.9920634,0 82.2547098,16.9917455,0</coordinates></LineString>
</Placemark>
<Placemark><name>highway</name><styleUrl>#highway</styleUrl><description>highway: residential</description>
<LineString><tessellate>1</tessellate><coordinates>82.2547787,16.9920634,0 82.2563493,16.9918368,0</coordinates></LineString>
</Placemark>
<Placemark><name>highway</name><styleUrl>#highway</styleUrl><description>highway: residential</description>
<LineString><tessellate>1</tessellate><coordinates>82.257032,16.992509,0 82.256949,16.9921201,0 82.256844,16.9916274,0 82.2566968,16.9909373,0</coordinates></LineString>
</Placemark>
<Placemark><name>highway</name><styleUrl>#highway</styleUrl><description>highway: residential</description>
<LineString><tessellate>1</tessellate><coordinates>82.256949,16.9921201,0 82.25842,16.9919014,0</coordinates></LineString>
</Placemark>
<Placemark><name>highway</name><styleUrl>#highway</styleUrl><description>highway: residential</description>
<LineString><tessellate>1</tessellate><coordinates>82.2563168,16.9916937,0 82.256844,16.9916274,0 82.2582153,16.9914002,0</coordinates></LineString>
</Placemark>
<Placemark><name>highway</name><styleUrl>#highway</styleUrl><description>highway: residential</description>
<LineString><tessellate>1</tessellate><coordinates>82.255084,16.9937226,0 82.2550286,16.9931913,0 82.2549931,16.9928513,0</coordinates></LineString>
</Placemark>
<Placemark><name>highway</name><styleUrl>#highway</styleUrl><description>highway: residential</description>
<LineString><tessellate>1</tessellate><coordinates>82.2569646,16.9939131,0 82.2568409,16.9932447,0 82.2568046,16.9929988,0 82.2567867,16.9928777,0 82.2567396,16.9925581,0</coordinates></LineString>
</Placemark>
<Placemark><name>highway</name><styleUrl>#highway</styleUrl><description>highway: residential</description>
<LineString><tessellate>1</tessellate><coordinates>82.2558925,16.9927003,0 82.2559683,16.9930408,0 82.2559876,16.9931276,0 82.2568046,16.9929988,0</coordinates></LineString>
</Placemark>
<Placemark><name>highway</name><styleUrl>#highway</styleUrl><description>highway: residential</description>
<LineString><tessellate>1</tessellate><coordinates>82.2579559,16.9942439,0 82.2579503,16.9935578,0 82.2579518,16.9935058,0 82.2579582,16.9932726,0 82.2579651,16.9930238,0 82.2579606,16.9928403,0 82.257982,16.992413,0</coordinates></LineString>
</Placemark>
<Placemark><name>highway</name><styleUrl>#highway</styleUrl><description>highway: residential</description>
<LineString><tessellate>1</tessellate><coordinates>82.2568409,16.9932447,0 82.2574186,16.9931654,0 82.2575056,16.9931534,0 82.2574974,16.9930533,0 82.2577332,16.9930383,0 82.2579651,16.9930238,0 82.2581693,16.9930182,0 82.2581857,16.9932572,0 82.2579582,16.9932726,0</coordinates></LineString>
</Placemark>
<Placemark><name>highway</name><styleUrl>#highway</styleUrl><description>highway: residential</description>
<LineString><tessellate>1</tessellate><coordinates>82.2576814,16.9941551,0 82.2577332,16.9930383,0 82.2577257,16.9928493,0 82.2577175,16.9925962,0</coordinates></LineString>
</Placemark>
<Placemark><name>highway</name><styleUrl>#highway</styleUrl><description>highway: residential</description>
<LineString><tessellate>1</tessellate><coordinates>82.2573785,16.994021,0 82.2574377,16.9937039,0 82.2574543,16.993569,0 82.2574534,16.9934257,0 82.2574186,16.9931654,0</coordinates></LineString>
</Placemark>
<Placemark><name>highway</name><styleUrl>#highway</styleUrl><description>highway: residential</description>
<LineString><tessellate>1</tessellate><coordinates>82.2579518,16.9935058,0 82.2583213,16.9935056,0 82.2588136,16.9933991,0</coordinates></LineString>
</Placemark>
<Placemark><name>highway</name><styleUrl>#highway</styleUrl><description>highway: residential</description>
<LineString><tessellate>1</tessellate><coordinates>82.2581857,16.9932572,0 82.2584725,16.9932387,0</coordinates></LineString>
</Placemark>
<Placemark><name>highway</name><styleUrl>#highway</styleUrl><description>highway: residential</description>
<LineString><tessellate>1</tessellate><coordinates>82.2567867,16.9928777,0 82.2574842,16.9928427,0 82.2574974,16.9930533,0</coordinates></LineString>
</Placemark>
<Placemark><name>highway</name><styleUrl>#highway</styleUrl><description>highway: residential</description>
<LineString><tessellate>1</tessellate><coordinates>82.2479003,17.0009116,0 82.2474332,16.9997855,0 82.2473254,16.9995256,0 82.2472477,16.9993383,0 82.2469625,16.9986508,0</coordinates></LineString>
</Placemark>
<Placemark><name>highway</name><styleUrl>#highway</styleUrl><description>highway: residential</description>
<LineString><tessellate>1</tessellate><coordinates>82.2471463,17.0011724,0 82.2470434,17.0009163,0 82.2467658,17.0002257,0 82.2466681,16.9999827,0 82.2465697,16.9997379,0 82.2465223,16.999597,0 82.2463496,16.9990843,0</coordinates></LineString>
</Placemark>
<Placemark><name>highway</name><styleUrl>#highway</styleUrl><description>highway: residential</description>
<LineString><tessellate>1</tessellate><coordinates>82.2460396,17.0015552,0 82.2459444,17.0013143,0 82.2456591,17.0005917,0 82.2455716,17.0003701,0 82.2454726,17.0001194,0 82.2453149,16.9997199,0 82.2452282,16.9994779,0</coordinates></LineString>
</Placemark>
<Placemark><name>highway</name><styleUrl>#highway</styleUrl><description>highway: residential</description>
<LineString><tessellate>1</tessellate><coordinates>82.2455716,17.0003701,0 82.2459128,17.0002496,0 82.2466681,16.9999827,0</coordinates></LineString>
</Placemark>
<Placemark><name>highway</name><styleUrl>#highway</styleUrl><description>highway: residential</description>
<LineString><tessellate>1</tessellate><coordinates>82.249942,17.0045019,0 82.2497154,17.0040538,0 82.2495314,17.0036657,0 82.2493901,17.0033675,0 82.2492178,17.0030039,0 82.250411,17.0026133,0</coordinates></LineString>
</Placemark>
<Placemark><name>highway</name><styleUrl>#highway</styleUrl><description>highway: residential</description>
<LineString><tessellate>1</tessellate><coordinates>82.249942,17.0045019,0 82.2516497,17.003915,0 82.2517169,17.0038919,0 82.2519208,17.0038227,0 82.2530983,17.0034227,0</coordinates></LineString>
</Placemark>
<Placemark><name>highway</name><styleUrl>#highway</styleUrl><description>highway: residential</description>
<LineString><tessellate>1</tessellate><coordinates>82.2497154,17.0040538,0 82.2509135,17.0036631,0 82.2517342,17.0033954,0 82.2519208,17.0038227,0</coordinates></LineString>
</Placemark>
<Placemark><name>highway</name><styleUrl>#highway</styleUrl><description>highway: residential</description>
<LineString><tessellate>1</tessellate><coordinates>82.2495314,17.0036657,0 82.2506625,17.0032712,0</coordinates></LineString>
</Placemark>
<Placemark><name>highway</name><styleUrl>#highway</styleUrl><description>highway: residential</description>
<LineString><tessellate>1</tessellate><coordinates>82.2493901,17.0033675,0 82.2505539,17.0029872,0</coordinates></LineString>
</Placemark>
<Placemark><name>highway</name><styleUrl>#highway</styleUrl><description>highway: residential</description>
<LineString><tessellate>1</tessellate><coordinates>82.2542342,17.0021356,0 82.2543498,17.0025096,0 82.2544898,17.0029626,0 82.2547288,17.0035261,0 82.2548994,17.0040306,0 82.2550252,17.0044536,0 82.2551445,17.0048033,0 82.2551856,17.0049032,0 82.2552569,17.0050782,0 82.2553418,17.0053007,0 82.2545318,17.0056496,0</coordinates></LineString>
</Placemark>
<Placemark><name>highway</name><styleUrl>#highway</styleUrl><description>highway: residential</description>
<LineString><tessellate>1</tessellate><coordinates>82.2528951,17.0029473,0 82.2543498,17.0025096,0 82.2550703,17.0023206,0</coordinates></LineString>
</Placemark>
<Placemark><name>highway</name><styleUrl>#highway</styleUrl><description>highway: residential</description>
<LineString><tessellate>1</tessellate><coordinates>82.2532396,17.0039636,0 82.2547288,17.0035261,0 82.2558891,17.0031571,0</coordinates></LineString>
</Placemark>
<Placemark><name>highway</name><styleUrl>#highway</styleUrl><description>highway: residential</description>
<LineString><tessellate>1</tessellate><coordinates>82.2534509,17.0044846,0 82.2548994,17.0040306,0 82.2552979,17.0039145,0 82.2558174,17.0037636,0</coordinates></LineString>
</Placemark>
<Placemark><name>highway</name><styleUrl>#highway</styleUrl><description>highway: residential</description>
<LineString><tessellate>1</tessellate><coordinates>82.253805,17.0053525,0 82.2551856,17.0049032,0</coordinates></LineString>
</Placemark>
<Placemark><name>highway</name><styleUrl>#highway</styleUrl><description>highway: residential</description>
<LineString><tessellate>1</tessellate><coordinates>82.2536193,17.0048999,0 82.2550252,17.0044536,0</coordinates></LineString>
</Placemark>
<Placemark><name>highway</name><styleUrl>#highway</styleUrl><description>highway: residential</description>
<LineString><tessellate>1</tessellate><coordinates>82.2568618,17.0034479,0 82.2565647,17.0023825,0</coordinates></LineString>
</Placemark>
<Placemark><name>highway</name><styleUrl>#highway</styleUrl><description>highway: residential</description>
<LineString><tessellate>1</tessellate><coordinates>82.2523175,17.0022311,0 82.2504989,17.0028433,0</coordinates></LineString>
</Placemark>
<Placemark><name>highway</name><styleUrl>#highway</styleUrl><description>highway: residential</description>
<LineString><tessellate>1</tessellate><coordinates>82.2559312,17.001669,0 82.255658,17.0006199,0</coordinates></LineString>
</Placemark>
<Placemark><name>highway</name><styleUrl>#highway</styleUrl><description>highway: residential</description>
<LineString><tessellate>1</tessellate><coordinates>82.2563643,17.0015595,0 82.2561646,17.0007993,0</coordinates></LineString>
</Placemark>
<Placemark><name>highway</name><styleUrl>#highway</styleUrl><description>highway: residential</description>
<LineString><tessellate>1</tessellate><coordinates>82.2561232,16.9997262,0 82.2579692,16.9995031,0 82.259546,16.9993125,0 82.2608124,16.9991594,0</coordinates></LineString>
</Placemark>
<Placemark><name>highway</name><styleUrl>#highway</styleUrl><description>highway: residential</description>
<LineString><tessellate>1</tessellate><coordinates>82.2581479,17.0008005,0 82.2580856,17.0003481,0 82.2580255,16.9999119,0 82.2579692,16.9995031,0 82.2579154,16.9990914,0 82.2571566,16.9991855,0 82.2560744,16.9993196,0</coordinates></LineString>
</Placemark>
<Placemark><name>highway</name><styleUrl>#highway</styleUrl><description>highway: residential</description>
<LineString><tessellate>1</tessellate><coordinates>82.2579154,16.9990914,0 82.2587251,16.9990006,0 82.2594815,16.9989157,0 82.2600027,16.9988572,0 82.2606732,16.9987691,0</coordinates></LineString>
</Placemark>
<Placemark><name>highway</name><styleUrl>#highway</styleUrl><description>highway: residential</description>
<LineString><tessellate>1</tessellate><coordinates>82.2566693,17.0005083,0 82.2580856,17.0003481,0 82.2596677,17.00015,0 82.2611415,16.9999654,0</coordinates></LineString>
</Placemark>
<Placemark><name>highway</name><styleUrl>#highway</styleUrl><description>highway: residential</description>
<LineString><tessellate>1</tessellate><coordinates>82.2562464,17.0001351,0 82.2580255,16.9999119,0 82.2596052,16.9997193,0 82.2609558,16.9995546,0</coordinates></LineString>
</Placemark>
<Placemark><name>highway</name><styleUrl>#highway</styleUrl><description>highway: residential</description>
<LineString><tessellate>1</tessellate><coordinates>82.2596677,17.00015,0 82.2596052,16.9997193,0 82.259546,16.9993125,0 82.2594815,16.9989157,0 82.2594251,16.9985098,0 82.2593794,16.9981801,0 82.2593539,16.9979968,0 82.2592927,16.9975558,0</coordinates></LineString>
</Placemark>
<Placemark><name>highway</name><styleUrl>#highway</styleUrl><description>highway: residential</description>
<LineString><tessellate>1</tessellate><coordinates>82.2593794,16.9981801,0 82.2598989,16.9980576,0 82.2602509,16.9979746,0</coordinates></LineString>
</Placemark>
<Placemark><name>highway</name><styleUrl>#highway</styleUrl><description>highway: residential</description>
<LineString><tessellate>1</tessellate><coordinates>82.2585472,16.9976531,0 82.2586038,16.9980821,0 82.2586711,16.9985919,0 82.2587251,16.9990006,0</coordinates></LineString>
</Placemark>
<Placemark><name>highway</name><styleUrl>#highway</styleUrl><description>highway: residential</description>
<LineString><tessellate>1</tessellate><coordinates>82.2586038,16.9980821,0 82.2593539,16.9979968,0</coordinates></LineString>
</Placemark>
<Placemark><name>highway</name><styleUrl>#highway</styleUrl><description>highway: residential</description>
<LineString><tessellate>1</tessellate><coordinates>82.2586711,16.9985919,0 82.2594251,16.9985098,0</coordinates></LineString>
</Placemark>
<Placemark><name>highway</name><styleUrl>#highway</styleUrl><description>highway: residential</description>
<LineString><tessellate>1</tessellate><coordinates>82.2548656,16.9981713,0 82.2553072,16.9980974,0 82.2556277,16.9980438,0 82.2557268,16.9983518,0 82.2558294,16.9993469,0 82.2555569,16.9993877,0 82.2551015,16.9994558,0</coordinates></LineString>
</Placemark>
<Placemark><name>highway</name><styleUrl>#highway</styleUrl><description>highway: residential</description>
<LineString><tessellate>1</tessellate><coordinates>82.2555569,16.9993877,0 82.2554362,16.9987639,0 82.2553072,16.9980974,0</coordinates></LineString>
</Placemark>
<Placemark><name>highway</name><styleUrl>#highway</styleUrl><description>highway: residential</description>
<LineString><tessellate>1</tessellate><coordinates>82.2556277,16.9980438,0 82.2550643,16.9972809,0</coordinates></LineString>
</Placemark>
<Placemark><name>highway</name><styleUrl>#highway</styleUrl><description>highway: residential</description>
<LineString><tessellate>1</tessellate><coordinates>82.2564659,17.0019766,0 82.2576056,17.0016992,0</coordinates></LineString>
</Placemark>
<Placemark><name>highway</name><styleUrl>#highway</styleUrl><description>highway: residential</description>
<LineString><tessellate>1</tessellate><coordinates>82.2543503,17.0067917,0 82.2547411,17.0066783,0 82.2551197,17.0065746,0 82.2556022,17.0064425,0 82.2559385,17.0063579,0 82.2560437,17.0062579,0 82.2566964,17.0061151,0</coordinates></LineString>
</Placemark>
<Placemark><name>highway</name><styleUrl>#highway</styleUrl><description>highway: residential</description>
<LineString><tessellate>1</tessellate><coordinates>82.2566808,17.0057112,0 82.256126,17.0058887,0 82.2557689,17.0060315,0 82.2551799,17.0062468,0 82.2550397,17.006298,0 82.2551197,17.0065746,0</coordinates></LineString>
</Placemark>
<Placemark><name>highway</name><styleUrl>#highway</styleUrl><description>highway: residential</description>
<LineString><tessellate>1</tessellate><coordinates>82.2546878,17.0075002,0 82.2560408,17.0070608,0 82.2561895,17.0070125,0 82.2567138,17.0068757,0</coordinates></LineString>
</Placemark>
<Placemark><name>highway</name><styleUrl>#highway</styleUrl><description>highway: residential</description>
<LineString><tessellate>1</tessellate><coordinates>82.2550256,17.0083248,0 82.2554827,17.0080869,0 82.2557862,17.0079892,0 82.2568624,17.007539,0</coordinates></LineString>
</Placemark>
<Placemark><name>highway</name><styleUrl>#highway</styleUrl><description>highway: residential</description>
<LineString><tessellate>1</tessellate><coordinates>82.2574115,17.0085021,0 82.257831,17.0083644,0</coordinates></LineString>
</Placemark>
<Placemark><name>highway</name><styleUrl>#highway</styleUrl><description>highway: residential</description>
<LineString><tessellate>1</tessellate><coordinates>82.2585088,17.0090544,0 82.2583996,17.0087021,0 82.2582566,17.0082387,0</coordinates></LineString>
</Placemark>
<Placemark><name>highway</name><styleUrl>#highway</styleUrl><description>highway: residential</description>
<LineString><tessellate>1</tessellate><coordinates>82.2563139,17.0081297,0 82.256365,17.0082182,0 82.2566201,17.0087782,0</coordinates></LineString>
</Placemark>
<Placemark><name>highway</name><styleUrl>#highway</styleUrl><description>highway: residential</description>
<LineString><tessellate>1</tessellate><coordinates>82.2553553,17.0093043,0 82.2551643,17.0088122,0 82.2555734,17.0086435,0 82.2559915,17.0084663,0 82.2561853,17.0083747,0</coordinates></LineString>
</Placemark>
<Placemark><name>highway</name><styleUrl>#highway</styleUrl><description>highway: residential</description>
<LineString><tessellate>1</tessellate><coordinates>82.2557554,17.0091189,0 82.2555734,17.0086435,0</coordinates></LineString>
</Placemark>
<Placemark><name>highway</name><styleUrl>#highway</styleUrl><description>highway: residential</description>
<LineString><tessellate>1</tessellate><coordinates>82.2561869,17.0089472,0 82.2559915,17.0084663,0</coordinates></LineString>
</Placemark>
<Placemark><name>highway</name><styleUrl>#highway</styleUrl><description>highway: residential</description>
<LineString><tessellate>1</tessellate><coordinates>82.2554827,17.0080869,0 82.2553882,17.0078065,0 82.25537,17.0077525,0 82.2559328,17.0075471,0 82.2567522,17.0072324,0</coordinates></LineString>
</Placemark>
<Placemark><name>highway</name><styleUrl>#highway</styleUrl><description>highway: residential</description>
<LineString><tessellate>1</tessellate><coordinates>82.2598194,17.0077913,0 82.2596822,17.0072744,0</coordinates></LineString>
</Placemark>
<Placemark><name>highway</name><styleUrl>#highway</styleUrl><description>highway: residential</description>
<LineString><tessellate>1</tessellate><coordinates>82.2606569,17.0059824,0 82.2621119,17.0057801,0</coordinates></LineString>
</Placemark>
<Placemark><name>highway</name><styleUrl>#highway</styleUrl><description>highway: residential</description>
<LineString><tessellate>1</tessellate><coordinates>82.261035,17.0055919,0 82.2609565,17.005251,0 82.2608993,17.0051427,0 82.2608236,17.0047863,0 82.2607396,17.0043893,0 82.2606312,17.003972,0</coordinates></LineString>
</Placemark>
<Placemark><name>highway</name><styleUrl>#highway</styleUrl><description>highway: residential</description>
<LineString><tessellate>1</tessellate><coordinates>82.2607396,17.0043893,0 82.2611102,17.0043129,0 82.2618073,17.0041454,0</coordinates></LineString>
</Placemark>
<Placemark><name>highway</name><styleUrl>#highway</styleUrl><description>highway: residential</description>
<LineString><tessellate>1</tessellate><coordinates>82.2608236,17.0047863,0 82.2602054,17.0049639,0 82.2598616,17.0050651,0</coordinates></LineString>
</Placemark>
<Placemark><name>highway</name><styleUrl>#highway</styleUrl><description>highway: residential</description>
<LineString><tessellate>1</tessellate><coordinates>82.2614326,17.0055307,0 82.2611898,17.0045052,0</coordinates></LineString>
</Placemark>
<Placemark><name>highway</name><styleUrl>#highway</styleUrl><description>highway: residential</description>
<LineString><tessellate>1</tessellate><coordinates>82.2617452,17.0054802,0 82.2616875,17.0050287,0 82.2616392,17.0047517,0 82.2615644,17.0044833,0</coordinates></LineString>
</Placemark>
<Placemark><name>highway</name><styleUrl>#highway</styleUrl><description>highway: residential</description>
<LineString><tessellate>1</tessellate><coordinates>82.2616054,17.0033268,0 82.2614819,17.0028725,0 82.2613686,17.0024294,0 82.2612604,17.002006,0 82.2611904,17.0017321,0 82.2611031,17.0013906,0</coordinates></LineString>
</Placemark>
<Placemark><name>highway</name><styleUrl>#highway</styleUrl><description>highway: residential</description>
<LineString><tessellate>1</tessellate><coordinates>82.2603225,17.0026799,0 82.2613686,17.0024294,0 82.2623474,17.0022181,0</coordinates></LineString>
</Placemark>
<Placemark><name>highway</name><styleUrl>#highway</styleUrl><description>highway: residential</description>
<LineString><tessellate>1</tessellate><coordinates>82.2601394,17.0021302,0 82.2604269,17.0020734,0 82.2604281,17.0020773,0 82.2604608,17.0021912,0 82.2612604,17.002006,0 82.2621712,17.0018227,0</coordinates></LineString>
</Placemark>
<Placemark><name>highway</name><styleUrl>#highway</styleUrl><description>highway: residential</description>
<LineString><tessellate>1</tessellate><coordinates>82.2604281,17.0020773,0 82.2603868,17.0019197,0 82.2611904,17.0017321,0 82.2620077,17.0015371,0</coordinates></LineString>
</Placemark>
<Placemark><name>highway</name><styleUrl>#highway</styleUrl><description>highway: residential</description>
<LineString><tessellate>1</tessellate><coordinates>82.2604009,17.0031264,0 82.2614819,17.0028725,0 82.262491,17.0026393,0</coordinates></LineString>
</Placemark>
<Placemark><name>highway</name><styleUrl>#highway</styleUrl><description>highway: residential</description>
<LineString><tessellate>1</tessellate><coordinates>82.2632756,17.0032861,0 82.2636776,17.0047589,0 82.2630487,17.004784,0</coordinates></LineString>
</Placemark>
<Placemark><name>highway</name><styleUrl>#highway</styleUrl><description>highway: residential</description>
<LineString><tessellate>1</tessellate><coordinates>82.2636776,17.0047589,0 82.2640452,17.0047315,0 82.264101,17.0047337,0 82.264819,17.0045949,0 82.2648844,17.0048628,0 82.2652524,17.0048051,0 82.2653061,17.0048051,0 82.2653293,17.0049809,0</coordinates></LineString>
</Placemark>
<Placemark><name>highway</name><styleUrl>#highway</styleUrl><description>highway: residential</description>
<LineString><tessellate>1</tessellate><coordinates>82.2631316,17.0050391,0 82.2640885,17.0049444,0 82.2648844,17.0048628,0</coordinates></LineString>
</Placemark>
<Placemark><name>highway</name><styleUrl>#highway</styleUrl><description>highway: residential</description>
<LineString><tessellate>1</tessellate><coordinates>82.2641357,17.005211,0 82.2640885,17.0049444,0 82.2640452,17.0047315,0</coordinates></LineString>
</Placemark>
<Placemark><name>highway</name><styleUrl>#highway</styleUrl><description>highway: residential</description>
<LineString><tessellate>1</tessellate><coordinates>82.2518467,17.0028468,0 82.2520041,17.0031559,0 82.2527932,17.0028565,0</coordinates></LineString>
</Placemark>
<Placemark><name>highway</name><styleUrl>#highway</styleUrl><description>highway: residential</description>
<LineString><tessellate>1</tessellate><coordinates>82.2530148,17.0031344,0 82.2520773,17.0034473,0</coordinates></LineString>
</Placemark>
<Placemark><name>highway</name><styleUrl>#highway</styleUrl><description>highway: residential</description>
<LineString><tessellate>1</tessellate><coordinates>82.2474332,16.9997855,0 82.2483996,16.9993943,0 82.2488118,17.0002578,0 82.2489505,17.0005482,0 82.2490108,17.0006762,0</coordinates></LineString>
</Placemark>
<Placemark><name>highway</name><styleUrl>#highway</styleUrl><description>highway: residential</description>
<LineString><tessellate>1</tessellate><coordinates>82.2560702,16.99378,0 82.2559876,16.9931276,0</coordinates></LineString>
</Placemark>
<Placemark><name>highway</name><styleUrl>#highway</styleUrl><description>highway: residential</description>
<LineString><tessellate>1</tessellate><coordinates>82.2548538,16.9924105,0 82.2555319,16.9923057,0</coordinates></LineString>
</Placemark>
<Placemark><name>highway</name><styleUrl>#highway</styleUrl><description>highway: residential</description>
<LineString><tessellate>1</tessellate><coordinates>82.2583626,16.9916829,0 82.2593244,16.9915348,0</coordinates></LineString>
</Placemark>
<Placemark><name>highway</name><styleUrl>#highway</styleUrl><description>highway: residential</description>
<LineString><tessellate>1</tessellate><coordinates>82.2585783,16.9925035,0 82.2594971,16.9923423,0</coordinates></LineString>
</Placemark>
<Placemark><name>highway</name><styleUrl>#highway</styleUrl><description>highway: residential</description>
<LineString><tessellate>1</tessellate><coordinates>82.2584705,16.9920933,0 82.259405,16.9919118,0</coordinates></LineString>
</Placemark>
<Placemark><name>highway</name><styleUrl>#highway</styleUrl><description>highway: residential</description>
<LineString><tessellate>1</tessellate><coordinates>82.2465654,16.9921309,0 82.2472058,16.9919485,0 82.2481687,16.9916743,0</coordinates></LineString>
</Placemark>
<Placemark><name>highway</name><styleUrl>#highway</styleUrl><description>highway: residential</description>
<LineString><tessellate>1</tessellate><coordinates>82.2468076,16.9927625,0 82.2474392,16.9926146,0 82.2484451,16.9923791,0</coordinates></LineString>
</Placemark>
<Placemark><name>highway</name><styleUrl>#highway</styleUrl><description>highway: residential</description>
<LineString><tessellate>1</tessellate><coordinates>82.2472058,16.9919485,0 82.2474392,16.9926146,0 82.2475561,16.9929326,0 82.2477359,16.9933693,0 82.2478243,16.9936156,0</coordinates></LineString>
</Placemark>
<Placemark><name>highway</name><styleUrl>#highway</styleUrl><description>highway: residential</description>
<LineString><tessellate>1</tessellate><coordinates>82.2480018,16.9912487,0 82.2478759,16.9908046,0</coordinates></LineString>
</Placemark>
<Placemark><name>highway</name><styleUrl>#highway</styleUrl><description>highway: residential</description>
<LineString><tessellate>1</tessellate><coordinates>82.2518272,16.9827882,0 82.251754,16.9823272,0 82.2516816,16.9818712,0</coordinates></LineString>
</Placemark>
<Placemark><name>highway</name><styleUrl>#highway</styleUrl><description>highway: residential</description>
<LineString><tessellate>1</tessellate><coordinates>82.251754,16.9823272,0 82.2525493,16.9821492,0</coordinates></LineString>
</Placemark>
<Placemark><name>highway</name><styleUrl>#highway</styleUrl><description>highway: service</description>
<LineString><tessellate>1</tessellate><coordinates>82.2438746,16.9837252,0 82.2435727,16.9830143,0 82.243092,16.9818827,0</coordinates></LineString>
</Placemark>
<Placemark><name>highway</name><styleUrl>#highway</styleUrl><description>highway: residential</description>
<LineString><tessellate>1</tessellate><coordinates>82.2461083,16.9821699,0 82.2470566,16.9817535,0 82.2472491,16.9822514,0</coordinates></LineString>
</Placemark>
<Placemark><name>Eswar Nagar 1st Cross</name><styleUrl>#highway</styleUrl><description>highway: living_street
name: Eswar Nagar 1st Cross</description>
<LineString><tessellate>1</tessellate><coordinates>82.2476993,17.0056192,0 82.2472807,17.0044855,0</coordinates></LineString>
</Placemark>
<Placemark><name>Eswar Nagar 2nd Cross</name><styleUrl>#highway</styleUrl><description>highway: living_street
name: Eswar Nagar 2nd Cross</description>
<LineString><tessellate>1</tessellate><coordinates>82.2481881,17.0054601,0 82.2477687,17.0043663,0</coordinates></LineString>
</Placemark>
<Placemark><name>Eswar Nagar 3rd Cross</name><styleUrl>#highway</styleUrl><description>highway: living_street
name: Eswar Nagar 3rd Cross</description>
<LineString><tessellate>1</tessellate><coordinates>82.248709,17.0052905,0 82.2482838,17.00419,0</coordinates></LineString>
</Placemark>
<Placemark><name>Eswar Nagar 4th Cross</name><styleUrl>#highway</styleUrl><description>highway: living_street
name: Eswar Nagar 4th Cross</description>
<LineString><tessellate>1</tessellate><coordinates>82.2491994,17.005131,0 82.2487989,17.0040396,0</coordinates></LineString>
</Placemark>
<Placemark><name>Eswar Nagar Main Road</name><styleUrl>#highway</styleUrl><description>highway: residential
name: Eswar Nagar Main Road</description>
<LineString><tessellate>1</tessellate><coordinates>82.2470277,17.0058378,0 82.2470921,17.0058168,0 82.2476993,17.0056192,0 82.2481881,17.0054601,0 82.248709,17.0052905,0 82.2491994,17.005131,0 82.2496846,17.0049731,0 82.2500423,17.0048537,0 82.2500734,17.0048049,0 82.250073,17.0047448,0 82.249942,17.0045019,0</coordinates></LineString>
</Placemark>
<Placemark><name>highway</name><styleUrl>#highway</styleUrl><description>highway: residential</description>
<LineString><tessellate>1</tessellate><coordinates>82.2496846,17.0049731,0 82.2492814,17.0039256,0</coordinates></LineString>
</Placemark>
<Placemark><name>highway</name><styleUrl>#highway</styleUrl><description>highway: residential</description>
<LineString><tessellate>1</tessellate><coordinates>82.2505521,16.9858852,0 82.2509264,16.9858128,0 82.2514597,16.9857096,0 82.2519743,16.9856101,0 82.2523089,16.9855454,0 82.2525794,16.9854931,0 82.252761,16.985458,0 82.2531041,16.9853916,0 82.2535799,16.9852996,0 82.2544251,16.9851957,0 82.2553185,16.9850801,0 82.2558471,16.985046,0 82.2562659,16.9850189,0 82.2562586,16.9848224,0 82.2577203,16.9847719,0 82.2592662,16.9847185,0</coordinates></LineString>
</Placemark>
<Placemark><name>highway</name><styleUrl>#highway</styleUrl><description>highway: residential</description>
<LineString><tessellate>1</tessellate><coordinates>82.2527738,16.9875895,0 82.252405,16.9859681,0 82.2523089,16.9855454,0</coordinates></LineString>
</Placemark>
<Placemark><name>highway</name><styleUrl>#highway</styleUrl><description>highway: residential</description>
<LineString><tessellate>1</tessellate><coordinates>82.2513923,16.9878015,0 82.2509801,16.9862278,0 82.2509264,16.9858128,0 82.2507209,16.9849077,0 82.2505981,16.9843833,0</coordinates></LineString>
</Placemark>
<Placemark><name>highway</name><styleUrl>#highway</styleUrl><description>highway: residential</description>
<LineString><tessellate>1</tessellate><coordinates>82.2533445,16.983869,0 82.2534271,16.9843709,0 82.2535011,16.9849097,0 82.2535799,16.9852996,0 82.2536712,16.9857607,0 82.253749,16.986153,0 82.2539286,16.9870601,0 82.2540037,16.9874395,0</coordinates></LineString>
</Placemark>
<Placemark><name>highway</name><styleUrl>#highway</styleUrl><description>highway: residential</description>
<LineString><tessellate>1</tessellate><coordinates>82.2509801,16.9862278,0 82.2515361,16.9861138,0 82.251942,16.9860458,0 82.252405,16.9859681,0</coordinates></LineString>
</Placemark>
<Placemark><name>highway</name><styleUrl>#highway</styleUrl><description>highway: residential</description>
<LineString><tessellate>1</tessellate><coordinates>82.2518844,16.9876981,0 82.2515361,16.9861138,0</coordinates></LineString>
</Placemark>
<Placemark><name>highway</name><styleUrl>#highway</styleUrl><description>highway: residential</description>
<LineString><tessellate>1</tessellate><coordinates>82.2523156,16.9876455,0 82.251942,16.9860458,0</coordinates></LineString>
</Placemark>
<Placemark><name>highway</name><styleUrl>#highway</styleUrl><description>highway: residential</description>
<LineString><tessellate>1</tessellate><coordinates>82.253749,16.986153,0 82.2541636,16.9860925,0 82.2547245,16.9860106,0 82.2553812,16.9859147,0 82.2559149,16.9858828,0 82.2567899,16.9858305,0 82.2571758,16.9858074,0 82.2578255,16.9857686,0 82.2591548,16.9856892,0</coordinates></LineString>
</Placemark>
<Placemark><name>highway</name><styleUrl>#highway</styleUrl><description>highway: residential</description>
<LineString><tessellate>1</tessellate><coordinates>82.2536712,16.9857607,0 82.2545328,16.9856074,0 82.2553498,16.9854966,0</coordinates></LineString>
</Placemark>
<Placemark><name>highway</name><styleUrl>#highway</styleUrl><description>highway: residential</description>
<LineString><tessellate>1</tessellate><coordinates>82.2507209,16.9849077,0 82.2512879,16.9847928,0 82.2517874,16.9846915,0 82.2520369,16.9846409,0 82.2524277,16.9845617,0 82.2529174,16.9844625,0 82.2531041,16.9853916,0</coordinates></LineString>
</Placemark>
<Placemark><name>highway</name><styleUrl>#highway</styleUrl><description>highway: residential</description>
<LineString><tessellate>1</tessellate><coordinates>82.2514597,16.9857096,0 82.2512879,16.9847928,0</coordinates></LineString>
</Placemark>
<Placemark><name>highway</name><styleUrl>#highway</styleUrl><description>highway: residential</description>
<LineString><tessellate>1</tessellate><coordinates>82.2519743,16.9856101,0 82.251894,16.9852154,0 82.2517874,16.9846915,0</coordinates></LineString>
</Placemark>
<Placemark><name>highway</name><styleUrl>#highway</styleUrl><description>highway: residential</description>
<LineString><tessellate>1</tessellate><coordinates>82.2525794,16.9854931,0 82.2524277,16.9845617,0</coordinates></LineString>
</Placemark>
<Placemark><name>highway</name><styleUrl>#highway</styleUrl><description>highway: residential</description>
<LineString><tessellate>1</tessellate><coordinates>82.2515538,16.9841866,0 82.2514334,16.9835678,0 82.2513485,16.983132,0 82.2512983,16.9828739,0</coordinates></LineString>
</Placemark>
<Placemark><name>highway</name><styleUrl>#highway</styleUrl><description>highway: residential</description>
<LineString><tessellate>1</tessellate><coordinates>82.2500548,16.9834166,0 82.250536,16.9832566,0 82.2513485,16.983132,0</coordinates></LineString>
</Placemark>
<Placemark><name>highway</name><styleUrl>#highway</styleUrl><description>highway: residential</description>
<LineString><tessellate>1</tessellate><coordinates>82.2519589,16.9841148,0 82.2517885,16.9832382,0 82.2517048,16.982808,0</coordinates></LineString>
</Placemark>
<Placemark><name>highway</name><styleUrl>#highway</styleUrl><description>highway: residential</description>
<LineString><tessellate>1</tessellate><coordinates>82.2517885,16.9832382,0 82.2522353,16.9831578,0 82.2527328,16.9830656,0</coordinates></LineString>
</Placemark>
<Placemark><name>highway</name><styleUrl>#highway</styleUrl><description>highway: residential</description>
<LineString><tessellate>1</tessellate><coordinates>82.252392,16.984038,0 82.2522353,16.9831578,0 82.2521489,16.9827361,0</coordinates></LineString>
</Placemark>
<Placemark><name>highway</name><styleUrl>#highway</styleUrl><description>highway: residential</description>
<LineString><tessellate>1</tessellate><coordinates>82.2507566,16.984328,0 82.250628,16.9837032,0 82.250536,16.9832566,0 82.250466,16.9828478,0 82.2503871,16.9823868,0 82.2498912,16.9825264,0</coordinates></LineString>
</Placemark>
<Placemark><name>highway</name><styleUrl>#highway</styleUrl><description>highway: residential</description>
<LineString><tessellate>1</tessellate><coordinates>82.2503871,16.9823868,0 82.2511063,16.9822512,0</coordinates></LineString>
</Placemark>
<Placemark><name>highway</name><styleUrl>#highway</styleUrl><description>highway: residential</description>
<LineString><tessellate>1</tessellate><coordinates>82.250466,16.9828478,0 82.2511986,16.9827148,0</coordinates></LineString>
</Placemark>
<Placemark><name>highway</name><styleUrl>#highway</styleUrl><description>highway: residential</description>
<LineString><tessellate>1</tessellate><coordinates>82.250628,16.9837032,0 82.2514334,16.9835678,0</coordinates></LineString>
</Placemark>
<Placemark><name>highway</name><styleUrl>#highway</styleUrl><description>highway: residential</description>
<LineString><tessellate>1</tessellate><coordinates>82.2530755,16.982504,0 82.2535215,16.9824189,0 82.2543426,16.9822624,0</coordinates></LineString>
</Placemark>
<Placemark><name>highway</name><styleUrl>#highway</styleUrl><description>highway: residential</description>
<LineString><tessellate>1</tessellate><coordinates>82.2537976,16.9837897,0 82.2536969,16.9832391,0 82.2536014,16.9827922,0 82.2535215,16.9824189,0</coordinates></LineString>
</Placemark>
<Placemark><name>highway</name><styleUrl>#highway</styleUrl><description>highway: residential</description>
<LineString><tessellate>1</tessellate><coordinates>82.2527973,16.9834149,0 82.2532379,16.9833278,0 82.2536969,16.9832391,0</coordinates></LineString>
</Placemark>
<Placemark><name>highway</name><styleUrl>#highway</styleUrl><description>highway: residential</description>
<LineString><tessellate>1</tessellate><coordinates>82.2550576,16.9822401,0 82.2560123,16.9820588,0</coordinates></LineString>
</Placemark>
<Placemark><name>highway</name><styleUrl>#highway</styleUrl><description>highway: residential</description>
<LineString><tessellate>1</tessellate><coordinates>82.2551137,16.9826689,0 82.2556813,16.9825883,0 82.2561513,16.9825216,0 82.2562681,16.9833886,0 82.2557769,16.9834523,0 82.2552019,16.9835268,0</coordinates></LineString>
</Placemark>
<Placemark><name>highway</name><styleUrl>#highway</styleUrl><description>highway: residential</description>
<LineString><tessellate>1</tessellate><coordinates>82.2557769,16.9834523,0 82.2556813,16.9825883,0</coordinates></LineString>
</Placemark>
<Placemark><name>highway</name><styleUrl>#highway</styleUrl><description>highway: residential</description>
<LineString><tessellate>1</tessellate><coordinates>82.2544251,16.9851957,0 82.2543337,16.9847764,0 82.2541863,16.9837197,0 82.2540153,16.9827267,0 82.2536014,16.9827922,0</coordinates></LineString>
</Placemark>
<Placemark><name>highway</name><styleUrl>#highway</styleUrl><description>highway: residential</description>
<LineString><tessellate>1</tessellate><coordinates>82.2517144,16.9901989,0 82.2525503,16.9900319,0 82.2529946,16.9899432,0 82.2531346,16.9899152,0 82.2534196,16.9898783,0 82.2539156,16.9898645,0 82.2544017,16.9897755,0 82.2544059,16.9895432,0 82.254313,16.9890476,0 82.2542275,16.9886474,0</coordinates></LineString>
</Placemark>
<Placemark><name>highway</name><styleUrl>#highway</styleUrl><description>highway: residential</description>
<LineString><tessellate>1</tessellate><coordinates>82.2525503,16.9900319,0 82.2524295,16.9894451,0 82.2523046,16.9888388,0</coordinates></LineString>
</Placemark>
<Placemark><name>highway</name><styleUrl>#highway</styleUrl><description>highway: residential</description>
<LineString><tessellate>1</tessellate><coordinates>82.2529946,16.9899432,0 82.2528363,16.9892051,0 82.2527483,16.9887948,0</coordinates></LineString>
</Placemark>
<Placemark><name>highway</name><styleUrl>#highway</styleUrl><description>highway: residential</description>
<LineString><tessellate>1</tessellate><coordinates>82.2528363,16.9892051,0 82.2532905,16.9891567,0 82.253858,16.9891091,0 82.254313,16.9890476,0</coordinates></LineString>
</Placemark>
<Placemark><name>highway</name><styleUrl>#highway</styleUrl><description>highway: residential</description>
<LineString><tessellate>1</tessellate><coordinates>82.2532905,16.9891567,0 82.2534196,16.9898783,0 82.2535807,16.9905093,0 82.2536179,16.9906549,0</coordinates></LineString>
</Placemark>
<Placemark><name>highway</name><styleUrl>#highway</styleUrl><description>highway: residential</description>
<LineString><tessellate>1</tessellate><coordinates>82.2541988,16.9914373,0 82.2541844,16.99128,0 82.2542134,16.9912114,0 82.2543401,16.9909125,0 82.2544577,16.9906854,0 82.2544846,16.9905715,0 82.2544788,16.9905255,0 82.2544283,16.9901222,0 82.2544017,16.9897755,0</coordinates></LineString>
</Placemark>
<Placemark><name>highway</name><styleUrl>#highway</styleUrl><description>highway: residential</description>
<LineString><tessellate>1</tessellate><coordinates>82.2542134,16.9912114,0 82.2540294,16.9905577,0 82.2539156,16.9898645,0 82.253858,16.9891091,0</coordinates></LineString>
</Placemark>
<Placemark><name>highway</name><styleUrl>#highway</styleUrl><description>highway: residential</description>
<LineString><tessellate>1</tessellate><coordinates>82.2519138,16.990937,0 82.2535807,16.9905093,0</coordinates></LineString>
</Placemark>
<Placemark><name>highway</name><styleUrl>#highway</styleUrl><description>highway: residential</description>
<LineString><tessellate>1</tessellate><coordinates>82.2543401,16.9909125,0 82.2555762,16.9907202,0 82.2555152,16.9903799,0 82.2554497,16.9900148,0 82.255367,16.9900235,0 82.2548069,16.9900824,0 82.2544283,16.9901222,0</coordinates></LineString>
</Placemark>
<Placemark><name>highway</name><styleUrl>#highway</styleUrl><description>highway: residential</description>
<LineString><tessellate>1</tessellate><coordinates>82.2544788,16.9905255,0 82.2546077,16.9905074,0 82.2555152,16.9903799,0</coordinates></LineString>
</Placemark>
<Placemark><name>highway</name><styleUrl>#highway</styleUrl><description>highway: residential</description>
<LineString><tessellate>1</tessellate><coordinates>82.2495945,16.990389,0 82.2514994,16.9899414,0 82.251635,16.9899019,0</coordinates></LineString>
</Placemark>
<Placemark><name>highway</name><styleUrl>#highway</styleUrl><description>highway: residential</description>
<LineString><tessellate>1</tessellate><coordinates>82.2488605,16.988925,0 82.2486999,16.9884661,0</coordinates></LineString>
</Placemark>
<Placemark><name>highway</name><styleUrl>#highway</styleUrl><description>highway: residential</description>
<LineString><tessellate>1</tessellate><coordinates>82.2478759,16.9908046,0 82.2476969,16.990185,0</coordinates></LineString>
</Placemark>
<Placemark><name>highway</name><styleUrl>#highway</styleUrl><description>highway: residential</description>
<LineString><tessellate>1</tessellate><coordinates>82.2556651,16.988306,0 82.2562808,16.9881958,0 82.2574771,16.9880788,0 82.2574679,16.9882486,0 82.2575014,16.9884516,0 82.2575533,16.9888406,0 82.2576075,16.989247,0 82.2576317,16.9895063,0 82.257625,16.9895362,0 82.257605,16.9895499,0 82.2575487,16.9895583,0 82.2575328,16.9895689,0 82.2575264,16.989583,0</coordinates></LineString>
</Placemark>
<Placemark><name>highway</name><styleUrl>#highway</styleUrl><description>highway: residential</description>
<LineString><tessellate>1</tessellate><coordinates>82.2576075,16.989247,0 82.2578735,16.9892268,0 82.2589481,16.9891452,0</coordinates></LineString>
</Placemark>
<Placemark><name>highway</name><styleUrl>#highway</styleUrl><description>highway: residential</description>
<LineString><tessellate>1</tessellate><coordinates>82.2560841,16.9892942,0 82.2569795,16.9891966,0 82.2571293,16.9891803,0 82.2571514,16.9892926,0 82.2576075,16.989247,0</coordinates></LineString>
</Placemark>
<Placemark><name>highway</name><styleUrl>#highway</styleUrl><description>highway: residential</description>
<LineString><tessellate>1</tessellate><coordinates>82.2569795,16.9891966,0 82.2569486,16.9889061,0 82.2569268,16.9887013,0 82.2567671,16.9887013,0 82.256748,16.9885455,0 82.2575014,16.9884516,0</coordinates></LineString>
</Placemark>
<Placemark><name>highway</name><styleUrl>#highway</styleUrl><description>highway: residential</description>
<LineString><tessellate>1</tessellate><coordinates>82.2569486,16.9889061,0 82.2575533,16.9888406,0</coordinates></LineString>
</Placemark>
<Placemark><name>highway</name><styleUrl>#highway</styleUrl><description>highway: residential</description>
<LineString><tessellate>1</tessellate><coordinates>82.2571979,16.9903713,0 82.2571884,16.9901711,0 82.2571733,16.9898505,0 82.2571632,16.9896362,0</coordinates></LineString>
</Placemark>
<Placemark><name>highway</name><styleUrl>#highway</styleUrl><description>highway: residential</description>
<LineString><tessellate>1</tessellate><coordinates>82.2571884,16.9901711,0 82.2580701,16.9901434,0 82.2584634,16.9901311,0</coordinates></LineString>
</Placemark>
<Placemark><name>highway</name><styleUrl>#highway</styleUrl><description>highway: residential</description>
<LineString><tessellate>1</tessellate><coordinates>82.2571733,16.9898505,0 82.2575461,16.9898534,0 82.2579881,16.9898563,0 82.2583484,16.9898592,0 82.2582877,16.9894987,0</coordinates></LineString>
</Placemark>
<Placemark><name>highway</name><styleUrl>#highway</styleUrl><description>highway: residential</description>
<LineString><tessellate>1</tessellate><coordinates>82.2575461,16.9898534,0 82.2575264,16.989583,0</coordinates></LineString>
</Placemark>
<Placemark><name>highway</name><styleUrl>#highway</styleUrl><description>highway: residential</description>
<LineString><tessellate>1</tessellate><coordinates>82.2579881,16.9898563,0 82.2579171,16.9895201,0</coordinates></LineString>
</Placemark>
<Placemark><name>highway</name><styleUrl>#highway</styleUrl><description>highway: residential</description>
<LineString><tessellate>1</tessellate><coordinates>82.2574466,16.9905656,0 82.2579532,16.9902977,0 82.2580362,16.9902548,0 82.2580641,16.9902078,0 82.2580701,16.9901434,0 82.2579881,16.9898563,0</coordinates></LineString>
</Placemark>
<Placemark><name>highway</name><styleUrl>#highway</styleUrl><description>highway: residential</description>
<LineString><tessellate>1</tessellate><coordinates>82.2580206,16.991119,0 82.2583547,16.9908551,0 82.2579532,16.9902977,0</coordinates></LineString>
</Placemark>
<Placemark><name>highway</name><styleUrl>#highway</styleUrl><description>highway: residential</description>
<LineString><tessellate>1</tessellate><coordinates>82.2591356,16.9903358,0 82.2586768,16.9903935,0 82.2585528,16.9904091,0 82.2584634,16.9901311,0 82.2590871,16.9900278,0</coordinates></LineString>
</Placemark>
<Placemark><name>highway</name><styleUrl>#highway</styleUrl><description>highway: residential</description>
<LineString><tessellate>1</tessellate><coordinates>82.2581022,16.9912368,0 82.2587834,16.9911539,0 82.2592554,16.9910964,0</coordinates></LineString>
</Placemark>
<Placemark><name>highway</name><styleUrl>#highway</styleUrl><description>highway: residential</description>
<LineString><tessellate>1</tessellate><coordinates>82.2587834,16.9911539,0 82.258692,16.9905017,0 82.2586768,16.9903935,0</coordinates></LineString>
</Placemark>
<Placemark><name>highway</name><styleUrl>#highway</styleUrl><description>highway: residential</description>
<LineString><tessellate>1</tessellate><coordinates>82.2591419,16.9903757,0 82.2599267,16.9902628,0 82.2604442,16.9902048,0 82.2615048,16.9900551,0</coordinates></LineString>
</Placemark>
<Placemark><name>highway</name><styleUrl>#highway</styleUrl><description>highway: residential</description>
<LineString><tessellate>1</tessellate><coordinates>82.2599267,16.9902628,0 82.2600859,16.9913449,0 82.2602395,16.9923896,0 82.259886,16.9926675,0 82.2602055,16.9930759,0</coordinates></LineString>
</Placemark>
<Placemark><name>highway</name><styleUrl>#highway</styleUrl><description>highway: residential</description>
<LineString><tessellate>1</tessellate><coordinates>82.2614704,16.9921092,0 82.2614126,16.9919246,0 82.2613701,16.9918722,0 82.2613064,16.9918468,0 82.2611773,16.9918383,0 82.2611118,16.9918298,0 82.2610693,16.991796,0 82.2610431,16.9917481,0 82.2608966,16.9912633,0 82.2608074,16.9905986,0</coordinates></LineString>
</Placemark>
<Placemark><name>highway</name><styleUrl>#highway</styleUrl><description>highway: residential</description>
<LineString><tessellate>1</tessellate><coordinates>82.2600859,16.9913449,0 82.2605036,16.9912932,0 82.2608966,16.9912633,0</coordinates></LineString>
</Placemark>
<Placemark><name>highway</name><styleUrl>#highway</styleUrl><description>highway: residential</description>
<LineString><tessellate>1</tessellate><coordinates>82.2603944,16.9903846,0 82.2605036,16.9912932,0 82.2606093,16.9921383,0</coordinates></LineString>
</Placemark>
<Placemark><name>highway</name><styleUrl>#highway</styleUrl><description>highway: residential</description>
<LineString><tessellate>1</tessellate><coordinates>82.2496935,16.9897,0 82.2498313,16.9902102,0</coordinates></LineString>
</Placemark>
<Placemark><name>highway</name><styleUrl>#highway</styleUrl><description>highway: residential</description>
<LineString><tessellate>1</tessellate><coordinates>82.2505294,16.9894729,0 82.2506981,16.9900603,0</coordinates></LineString>
</Placemark>
<Placemark><name>highway</name><styleUrl>#highway</styleUrl><description>highway: residential</description>
<LineString><tessellate>1</tessellate><coordinates>82.2502286,16.990136,0 82.2500941,16.9895897,0</coordinates></LineString>
</Placemark>
<Placemark><name>highway</name><styleUrl>#highway</styleUrl><description>highway: residential</description>
<LineString><tessellate>1</tessellate><coordinates>82.2472772,16.9902804,0 82.2474588,16.9908994,0</coordinates></LineString>
</Placemark>
<Placemark><name>highway</name><styleUrl>#highway</styleUrl><description>highway: residential</description>
<LineString><tessellate>1</tessellate><coordinates>82.2502333,16.9916806,0 82.2503774,16.9922166,0 82.2504768,16.9925865,0 82.2508251,16.9938794,0</coordinates></LineString>
</Placemark>
<Placemark><name>highway</name><styleUrl>#highway</styleUrl><description>highway: residential</description>
<LineString><tessellate>1</tessellate><coordinates>82.2498215,16.9923482,0 82.2503774,16.9922166,0</coordinates></LineString>
</Placemark>
<Placemark><name>highway</name><styleUrl>#highway</styleUrl><description>highway: residential</description>
<LineString><tessellate>1</tessellate><coordinates>82.2507287,16.9921778,0 82.2511565,16.9920672,0</coordinates></LineString>
</Placemark>
<Placemark><name>highway</name><styleUrl>#highway</styleUrl><description>highway: residential</description>
<LineString><tessellate>1</tessellate><coordinates>82.2506506,16.9918885,0 82.2510788,16.9917894,0</coordinates></LineString>
</Placemark>
<Placemark><name>highway</name><styleUrl>#highway</styleUrl><description>highway: residential</description>
<LineString><tessellate>1</tessellate><coordinates>82.2484698,16.9955659,0 82.2482874,16.9950307,0 82.248456,16.9949702,0 82.2482751,16.994454,0 82.2482416,16.9943839,0</coordinates></LineString>
</Placemark>
<Placemark><name>highway</name><styleUrl>#highway</styleUrl><description>highway: residential</description>
<LineString><tessellate>1</tessellate><coordinates>82.2477569,16.9958655,0 82.247882,16.9961551,0 82.247991,16.9964075,0 82.2480358,16.9965101,0 82.2481078,16.996678,0 82.2479615,16.9967312,0</coordinates></LineString>
</Placemark>
<Placemark><name>highway</name><styleUrl>#highway</styleUrl><description>highway: residential</description>
<LineString><tessellate>1</tessellate><coordinates>82.2480358,16.9965101,0 82.2484204,16.9963799,0</coordinates></LineString>
</Placemark>
<Placemark><name>highway</name><styleUrl>#highway</styleUrl><description>highway: residential</description>
<LineString><tessellate>1</tessellate><coordinates>82.2488485,16.9973515,0 82.2501813,16.9969285,0 82.2502001,16.9969225,0 82.251498,16.99651,0</coordinates></LineString>
</Placemark>
<Placemark><name>highway</name><styleUrl>#highway</styleUrl><description>highway: residential</description>
<LineString><tessellate>1</tessellate><coordinates>82.2502405,16.9970997,0 82.2501813,16.9969285,0 82.2501495,16.9968476,0</coordinates></LineString>
</Placemark>
<Placemark><name>highway</name><styleUrl>#highway</styleUrl><description>highway: residential</description>
<LineString><tessellate>1</tessellate><coordinates>82.2459128,17.0002496,0 82.2458183,16.9999952,0 82.2456645,16.9995976,0</coordinates></LineString>
</Placemark>
<Placemark><name>highway</name><styleUrl>#highway</styleUrl><description>highway: residential</description>
<LineString><tessellate>1</tessellate><coordinates>82.2453149,16.9997199,0 82.2456645,16.9995976,0 82.2461755,16.9994189,0 82.2460883,16.9991682,0</coordinates></LineString>
</Placemark>
<Placemark><name>highway</name><styleUrl>#highway</styleUrl><description>highway: residential</description>
<LineString><tessellate>1</tessellate><coordinates>82.2454726,17.0001194,0 82.2458183,16.9999952,0 82.2463374,16.9998175,0 82.2465697,16.9997379,0</coordinates></LineString>
</Placemark>
<Placemark><name>highway</name><styleUrl>#highway</styleUrl><description>highway: residential</description>
<LineString><tessellate>1</tessellate><coordinates>82.2463374,16.9998175,0 82.2461755,16.9994189,0</coordinates></LineString>
</Placemark>
<Placemark><name>highway</name><styleUrl>#highway</styleUrl><description>highway: residential</description>
<LineString><tessellate>1</tessellate><coordinates>82.2459444,17.0013143,0 82.2462179,17.0012152,0 82.246562,17.0010906,0 82.2466969,17.0010417,0 82.2467748,17.001014,0 82.2470434,17.0009163,0</coordinates></LineString>
</Placemark>
<Placemark><name>highway</name><styleUrl>#highway</styleUrl><description>highway: residential</description>
<LineString><tessellate>1</tessellate><coordinates>82.2456591,17.0005917,0 82.245929,17.0004973,0 82.2460333,17.0007565,0 82.2462179,17.0012152,0 82.2463091,17.001462,0</coordinates></LineString>
</Placemark>
<Placemark><name>highway</name><styleUrl>#highway</styleUrl><description>highway: residential</description>
<LineString><tessellate>1</tessellate><coordinates>82.2472371,17.001141,0 82.2472879,17.0012814,0 82.2474902,17.0018399,0 82.24782,17.0027077,0</coordinates></LineString>
</Placemark>
<Placemark><name>highway</name><styleUrl>#highway</styleUrl><description>highway: service</description>
<LineString><tessellate>1</tessellate><coordinates>82.2485313,17.0025945,0 82.2481297,17.0016056,0 82.2479029,17.0010633,0 82.2478471,17.00093,0</coordinates></LineString>
</Placemark>
<Placemark><name>highway</name><styleUrl>#highway</styleUrl><description>highway: residential</description>
<LineString><tessellate>1</tessellate><coordinates>82.2415331,17.0004525,0 82.241976,17.0010915,0 82.2424498,17.0018921,0 82.24252,17.0020107,0 82.2426283,17.0021938,0 82.2426829,17.0022861,0 82.2427166,17.002345,0 82.2427762,17.0024493,0 82.2429728,17.002793,0 82.2431001,17.0029844,0 82.243455,17.0034478,0 82.2435174,17.0035293,0 82.2440144,17.0041938,0 82.2448181,17.0037678,0 82.2453072,17.0035917,0 82.2456117,17.0034821,0 82.2460477,17.0033251,0</coordinates></LineString>
</Placemark>
<Placemark><name>highway</name><styleUrl>#highway</styleUrl><description>highway: residential</description>
<LineString><tessellate>1</tessellate><coordinates>82.2413929,17.0059515,0 82.2414666,17.0059004,0 82.2440144,17.0041938,0</coordinates></LineString>
</Placemark>
<Placemark><name>highway</name><styleUrl>#highway</styleUrl><description>highway: residential</description>
<LineString><tessellate>1</tessellate><coordinates>82.2440144,17.0041938,0 82.2440631,17.0044446,0 82.2441189,17.0046052,0 82.2447034,17.0053162,0 82.2448521,17.0054971,0 82.2449773,17.0056494,0 82.245185,17.005902,0 82.2456114,17.0064818,0 82.2458159,17.0062806,0 82.2460571,17.0060432,0 82.2460687,17.0060318,0 82.2462258,17.0058807,0 82.2468122,17.0053001,0</coordinates></LineString>
</Placemark>
<Placemark><name>highway</name><styleUrl>#highway</styleUrl><description>highway: residential</description>
<LineString><tessellate>1</tessellate><coordinates>82.24164,17.0061966,0 82.2421712,17.0059157,0 82.2433686,17.0050869,0 82.2441189,17.0046052,0</coordinates></LineString>
</Placemark>
<Placemark><name>highway</name><styleUrl>#highway</styleUrl><description>highway: residential</description>
<LineString><tessellate>1</tessellate><coordinates>82.2421712,17.0059157,0 82.2422969,17.0060654,0 82.2427783,17.0066204,0 82.243056,17.0069846,0 82.2433218,17.0073332,0 82.2436969,17.0078169,0 82.243899,17.0082528,0 82.2441268,17.008744,0</coordinates></LineString>
</Placemark>
<Placemark><name>highway</name><styleUrl>#highway</styleUrl><description>highway: residential</description>
<LineString><tessellate>1</tessellate><coordinates>82.2427783,17.0066204,0 82.2431655,17.0063779,0 82.2434987,17.0061438,0 82.2439487,17.0058275,0 82.2447034,17.0053162,0</coordinates></LineString>
</Placemark>
<Placemark><name>highway</name><styleUrl>#highway</styleUrl><description>highway: residential</description>
<LineString><tessellate>1</tessellate><coordinates>82.243056,17.0069846,0 82.2435076,17.0066707,0 82.2438581,17.0064272,0 82.2442063,17.0061852,0 82.2442562,17.0061505,0 82.2446054,17.0059078,0 82.2449773,17.0056494,0</coordinates></LineString>
</Placemark>
<Placemark><name>highway</name><styleUrl>#highway</styleUrl><description>highway: residential</description>
<LineString><tessellate>1</tessellate><coordinates>82.2436969,17.0078169,0 82.2441451,17.0075201,0 82.2445062,17.0072808,0 82.2446832,17.0071992,0 82.2452312,17.0068294,0 82.2452847,17.0067805,0 82.2453877,17.0067139,0 82.2456114,17.0064818,0</coordinates></LineString>
</Placemark>
<Placemark><name>highway</name><styleUrl>#highway</styleUrl><description>highway: residential</description>
<LineString><tessellate>1</tessellate><coordinates>82.2446054,17.0059078,0 82.2450071,17.0064239,0 82.2452847,17.0067805,0</coordinates></LineString>
</Placemark>
<Placemark><name>highway</name><styleUrl>#highway</styleUrl><description>highway: residential</description>
<LineString><tessellate>1</tessellate><coordinates>82.2435076,17.0066707,0 82.2441451,17.0075201,0</coordinates></LineString>
</Placemark>
<Placemark><name>highway</name><styleUrl>#highway</styleUrl><description>highway: residential</description>
<LineString><tessellate>1</tessellate><coordinates>82.2438581,17.0064272,0 82.2442544,17.0069492,0 82.2445062,17.0072808,0</coordinates></LineString>
</Placemark>
<Placemark><name>highway</name><styleUrl>#highway</styleUrl><description>highway: residential</description>
<LineString><tessellate>1</tessellate><coordinates>82.2442544,17.0069492,0 82.2446417,17.0066789,0 82.2450071,17.0064239,0</coordinates></LineString>
</Placemark>
<Placemark><name>highway</name><styleUrl>#highway</styleUrl><description>highway: residential</description>
<LineString><tessellate>1</tessellate><coordinates>82.2442562,17.0061505,0 82.2446417,17.0066789,0</coordinates></LineString>
</Placemark>
<Placemark><name>highway</name><styleUrl>#highway</styleUrl><description>highway: residential</description>
<LineString><tessellate>1</tessellate><coordinates>82.2433686,17.0050869,0 82.2439487,17.0058275,0 82.2442063,17.0061852,0</coordinates></LineString>
</Placemark>
<Placemark><name>highway</name><styleUrl>#highway</styleUrl><description>highway: residential</description>
<LineString><tessellate>1</tessellate><coordinates>82.2422969,17.0060654,0 82.2427131,17.0058199,0 82.2431655,17.0063779,0</coordinates></LineString>
</Placemark>
<Placemark><name>highway</name><styleUrl>#highway</styleUrl><description>highway: residential</description>
<LineString><tessellate>1</tessellate><coordinates>82.2448521,17.0054971,0 82.2455701,17.0049549,0 82.2456163,17.0049322,0 82.245823,17.00483,0</coordinates></LineString>
</Placemark>
<Placemark><name>highway</name><styleUrl>#highway</styleUrl><description>highway: residential</description>
<LineString><tessellate>1</tessellate><coordinates>82.2462258,17.0058807,0 82.2456163,17.0049322,0</coordinates></LineString>
</Placemark>
<Placemark><name>highway</name><styleUrl>#highway</styleUrl><description>highway: residential</description>
<LineString><tessellate>1</tessellate><coordinates>82.2458159,17.0062806,0 82.2453834,17.0056958,0 82.2456677,17.0055156,0 82.2460571,17.0060432,0</coordinates></LineString>
</Placemark>
<Placemark><name>highway</name><styleUrl>#highway</styleUrl><description>highway: residential</description>
<LineString><tessellate>1</tessellate><coordinates>82.2437983,17.0031231,0 82.244772,17.0026636,0 82.2456593,17.0023378,0</coordinates></LineString>
</Placemark>
<Placemark><name>highway</name><styleUrl>#highway</styleUrl><description>highway: residential</description>
<LineString><tessellate>1</tessellate><coordinates>82.2448183,17.0032118,0 82.2451324,17.0030986,0 82.2453991,17.0030024,0 82.245856,17.0028377,0</coordinates></LineString>
</Placemark>
<Placemark><name>highway</name><styleUrl>#highway</styleUrl><description>highway: secondary
ref: MDR0158</description>
<LineString><tessellate>1</tessellate><coordinates>82.2517484,17.0123732,0 82.2520283,17.0129126,0 82.2521257,17.0130985,0 82.2521831,17.0132294,0 82.2523222,17.0135471,0 82.2523629,17.0136562,0 82.2525464,17.0141484,0 82.2525773,17.0142313,0 82.2526048,17.0143154,0 82.2527008,17.0146094,0 82.2527317,17.0147038,0 82.2527386,17.0147247,0 82.2527708,17.0147976,0 82.2529861,17.0152259,0 82.2530149,17.015279,0 82.2531993,17.0155261,0 82.2534233,17.0158534,0 82.2537075,17.0162685,0 82.2539684,17.0166162,0 82.2542894,17.0170145,0 82.2543544,17.0170869,0 82.2544561,17.0172,0 82.254814,17.0175906,0 82.255019,17.0178421,0 82.2550829,17.0179142,0 82.2553018,17.0182473,0 82.2554209,17.0183767,0 82.2555306,17.0184648,0 82.2556726,17.0187036,0 82.2560639,17.0192085,0 82.2563164,17.0194723,0 82.25637,17.019636,0 82.2563977,17.0198615,0 82.2564192,17.0199749,0 82.2564963,17.0203549,0 82.2566277,17.0205964,0</coordinates></LineString>
</Placemark>
<Placemark><name>highway</name><styleUrl>#highway</styleUrl><description>highway: residential</description>
<LineString><tessellate>1</tessellate><coordinates>82.2501902,17.0220921,0 82.2501451,17.0215334,0 82.2500788,17.0204216,0 82.2501441,17.02029,0 82.2500669,17.0198826,0 82.2505396,17.019615,0 82.2515595,17.0190302,0 82.2519084,17.0188403,0 82.2522113,17.0186583,0 82.2525628,17.0184699,0 82.2527353,17.018246,0 82.2535052,17.0176761,0 82.2535684,17.0176322,0 82.2543544,17.0170869,0</coordinates></LineString>
</Placemark>
<Placemark><name>highway</name><styleUrl>#highway</styleUrl><description>highway: residential</description>
<LineString><tessellate>1</tessellate><coordinates>82.2533451,17.0211867,0 82.2528142,17.0203197,0 82.2525763,17.0199312,0 82.252342,17.0195485,0 82.2519084,17.0188403,0</coordinates></LineString>
</Placemark>
<Placemark><name>highway</name><styleUrl>#highway</styleUrl><description>highway: residential</description>
<LineString><tessellate>1</tessellate><coordinates>82.2517879,17.0215393,0 82.2514684,17.0210559,0 82.2512387,17.0206995,0 82.2509951,17.0203216,0 82.2507613,17.019959,0 82.2505396,17.019615,0 82.2502807,17.0191499,0 82.2513159,17.018607,0 82.25211,17.0181906,0</coordinates></LineString>
</Placemark>
<Placemark><name>highway</name><styleUrl>#highway</styleUrl><description>highway: residential</description>
<LineString><tessellate>1</tessellate><coordinates>82.2507613,17.019959,0 82.251771,17.0193696,0</coordinates></LineString>
</Placemark>
<Placemark><name>highway</name><styleUrl>#highway</styleUrl><description>highway: residential</description>
<LineString><tessellate>1</tessellate><coordinates>82.2509951,17.0203216,0 82.2519962,17.019747,0 82.252342,17.0195485,0 82.2526383,17.0193569,0 82.2530044,17.0191202,0 82.2527464,17.0187583,0 82.2525628,17.0184699,0</coordinates></LineString>
</Placemark>
<Placemark><name>highway</name><styleUrl>#highway</styleUrl><description>highway: residential</description>
<LineString><tessellate>1</tessellate><coordinates>82.2513159,17.018607,0 82.2515595,17.0190302,0 82.251771,17.0193696,0 82.2519962,17.019747,0</coordinates></LineString>
</Placemark>
<Placemark><name>highway</name><styleUrl>#highway</styleUrl><description>highway: residential</description>
<LineString><tessellate>1</tessellate><coordinates>82.2512387,17.0206995,0 82.2525763,17.0199312,0 82.2530208,17.019673,0</coordinates></LineString>
</Placemark>
<Placemark><name>highway</name><styleUrl>#highway</styleUrl><description>highway: residential</description>
<LineString><tessellate>1</tessellate><coordinates>82.2514684,17.0210559,0 82.2528142,17.0203197,0 82.2532071,17.0201269,0 82.2532606,17.0201006,0</coordinates></LineString>
</Placemark>
<Placemark><name>highway</name><styleUrl>#highway</styleUrl><description>highway: residential</description>
<LineString><tessellate>1</tessellate><coordinates>82.2537745,17.0211402,0 82.2532071,17.0201269,0</coordinates></LineString>
</Placemark>
<Placemark><name>highway</name><styleUrl>#highway</styleUrl><description>highway: residential</description>
<LineString><tessellate>1</tessellate><coordinates>82.2487798,17.02155,0 82.2492744,17.0215504,0 82.2496843,17.0215296,0 82.2501451,17.0215334,0 82.2506085,17.0215231,0</coordinates></LineString>
</Placemark>
<Placemark><name>highway</name><styleUrl>#highway</styleUrl><description>highway: residential</description>
<LineString><tessellate>1</tessellate><coordinates>82.2492785,17.0224059,0 82.2492744,17.0215504,0 82.2492159,17.0204655,0</coordinates></LineString>
</Placemark>
<Placemark><name>highway</name><styleUrl>#highway</styleUrl><description>highway: residential</description>
<LineString><tessellate>1</tessellate><coordinates>82.2496951,17.0222741,0 82.2496843,17.0215296,0 82.2496625,17.02044,0 82.2496431,17.0203319,0 82.2496137,17.0201887,0 82.2496178,17.0200558,0 82.2496474,17.0199225,0 82.2496475,17.0198617,0 82.2496591,17.0197597,0 82.2497464,17.019751,0 82.2499207,17.0197573,0</coordinates></LineString>
</Placemark>
<Placemark><name>highway</name><styleUrl>#highway</styleUrl><description>highway: residential</description>
<LineString><tessellate>1</tessellate><coordinates>82.2487438,17.0204562,0 82.2492159,17.0204655,0 82.2496625,17.02044,0 82.2500788,17.0204216,0</coordinates></LineString>
</Placemark>
<Placemark><name>highway</name><styleUrl>#highway</styleUrl><description>highway: residential</description>
<LineString><tessellate>1</tessellate><coordinates>82.2548253,17.0210265,0 82.2547092,17.0207349,0 82.2544768,17.0203716,0 82.254276,17.0200391,0 82.255002,17.0194935,0 82.2547526,17.0190722,0 82.2550533,17.0188374,0 82.2555306,17.0184648,0</coordinates></LineString>
</Placemark>
<Placemark><name>highway</name><styleUrl>#highway</styleUrl><description>highway: residential</description>
<LineString><tessellate>1</tessellate><coordinates>82.253989,17.0196881,0 82.2547526,17.0190722,0</coordinates></LineString>
</Placemark>
<Placemark><name>highway</name><styleUrl>#highway</styleUrl><description>highway: residential</description>
<LineString><tessellate>1</tessellate><coordinates>82.2544768,17.0203716,0 82.2553876,17.0198498,0 82.2557324,17.0196522,0 82.2560006,17.0200061,0 82.2563977,17.0198615,0</coordinates></LineString>
</Placemark>
<Placemark><name>highway</name><styleUrl>#highway</styleUrl><description>highway: residential</description>
<LineString><tessellate>1</tessellate><coordinates>82.2547092,17.0207349,0 82.2560006,17.0200061,0</coordinates></LineString>
</Placemark>
<Placemark><name>highway</name><styleUrl>#highway</styleUrl><description>highway: residential</description>
<LineString><tessellate>1</tessellate><coordinates>82.2553876,17.0198498,0 82.255002,17.0194935,0</coordinates></LineString>
</Placemark>
<Placemark><name>highway</name><styleUrl>#highway</styleUrl><description>highway: residential</description>
<LineString><tessellate>1</tessellate><coordinates>82.2533951,17.0185297,0 82.2539728,17.0181491,0 82.254814,17.0175906,0 82.2555142,17.0171317,0 82.2562309,17.0165752,0 82.2568553,17.0160904,0 82.2569279,17.0161857,0 82.257158,17.0164876,0 82.2576341,17.0171124,0 82.2579091,17.0174732,0 82.2579543,17.0175325,0 82.2581974,17.0178515,0 82.2583251,17.0181217,0</coordinates></LineString>
</Placemark>
<Placemark><name>highway</name><styleUrl>#highway</styleUrl><description>highway: residential</description>
<LineString><tessellate>1</tessellate><coordinates>82.2562051,17.0159106,0 82.2565745,17.0157108,0 82.2569786,17.0155218,0 82.2573106,17.015389,0 82.2582208,17.0149977,0 82.2586205,17.0148479,0 82.2590519,17.0146959,0 82.2594738,17.0145473,0 82.2600251,17.0143414,0 82.260369,17.014213,0 82.2605064,17.0141617,0 82.2609594,17.0139925,0 82.2614475,17.0138102,0 82.2619488,17.0136229,0 82.2623983,17.0134352,0 82.2628689,17.0132386,0 82.2633486,17.0130383,0 82.2638928,17.012811,0 82.2644011,17.0125987,0</coordinates></LineString>
</Placemark>
<Placemark><name>highway</name><styleUrl>#highway</styleUrl><description>highway: residential</description>
<LineString><tessellate>1</tessellate><coordinates>82.2562033,17.0144335,0 82.2562593,17.0143993,0 82.2571199,17.0140271,0 82.2575398,17.0138455,0 82.2576035,17.013818,0 82.2585083,17.0134897,0 82.2597785,17.0130288,0 82.2599816,17.0134361,0 82.2601954,17.0138648,0 82.260369,17.014213,0</coordinates></LineString>
</Placemark>
<Placemark><name>highway</name><styleUrl>#highway</styleUrl><description>highway: residential</description>
<LineString><tessellate>1</tessellate><coordinates>82.25637,17.019636,0 82.2571746,17.0193909,0 82.257683,17.019261,0 82.2578734,17.0192302,0 82.2581229,17.0192136,0 82.2583374,17.0192367,0 82.2584769,17.0192687,0 82.2586164,17.0192726,0 82.2587585,17.0192495,0 82.2589715,17.0192149,0 82.2594666,17.0190595,0</coordinates></LineString>
</Placemark>
<Placemark><name>highway</name><styleUrl>#highway</styleUrl><description>highway: residential</description>
<LineString><tessellate>1</tessellate><coordinates>82.2581229,17.0192136,0 82.2581146,17.0189766,0 82.2583974,17.018952,0 82.2584874,17.0189441,0 82.258814,17.0189324,0 82.2588595,17.0189239,0 82.2594302,17.0188175,0 82.2594666,17.0190595,0 82.2595337,17.0195048,0</coordinates></LineString>
</Placemark>
<Placemark><name>highway</name><styleUrl>#highway</styleUrl><description>highway: residential</description>
<LineString><tessellate>1</tessellate><coordinates>82.2583974,17.018952,0 82.258389,17.018586,0</coordinates></LineString>
</Placemark>
<Placemark><name>highway</name><styleUrl>#highway</styleUrl><description>highway: residential</description>
<LineString><tessellate>1</tessellate><coordinates>82.257158,17.0164876,0 82.2567756,17.0167326,0 82.2571893,17.017279,0 82.2575381,17.0177632,0 82.2578338,17.0181303,0 82.2579613,17.0186379,0</coordinates></LineString>
</Placemark>
<Placemark><name>highway</name><styleUrl>#highway</styleUrl><description>highway: residential</description>
<LineString><tessellate>1</tessellate><coordinates>82.2556726,17.0187036,0 82.2560655,17.0183345,0 82.2564495,17.0179739,0 82.2568566,17.0175916,0 82.2571893,17.017279,0</coordinates></LineString>
</Placemark>
<Placemark><name>highway</name><styleUrl>#highway</styleUrl><description>highway: residential</description>
<LineString><tessellate>1</tessellate><coordinates>82.2560655,17.0183345,0 82.2565066,17.0189323,0</coordinates></LineString>
</Placemark>
<Placemark><name>highway</name><styleUrl>#highway</styleUrl><description>highway: residential</description>
<LineString><tessellate>1</tessellate><coordinates>82.2564495,17.0179739,0 82.2569212,17.0186177,0 82.2573808,17.0183604,0</coordinates></LineString>
</Placemark>
<Placemark><name>highway</name><styleUrl>#highway</styleUrl><description>highway: residential</description>
<LineString><tessellate>1</tessellate><coordinates>82.2568566,17.0175916,0 82.2573808,17.0183604,0 82.2575542,17.0186224,0 82.2576159,17.0187583,0 82.2576454,17.0188917,0 82.257683,17.019261,0</coordinates></LineString>
</Placemark>
<Placemark><name>highway</name><styleUrl>#highway</styleUrl><description>highway: residential</description>
<LineString><tessellate>1</tessellate><coordinates>82.2567756,17.0167326,0 82.2564896,17.0169068,0 82.2563787,17.0169744,0 82.256119,17.0171326,0</coordinates></LineString>
</Placemark>
<Placemark><name>highway</name><styleUrl>#highway</styleUrl><description>highway: residential</description>
<LineString><tessellate>1</tessellate><coordinates>82.2563787,17.0169744,0 82.2568566,17.0175916,0</coordinates></LineString>
</Placemark>
<Placemark><name>highway</name><styleUrl>#highway</styleUrl><description>highway: residential</description>
<LineString><tessellate>1</tessellate><coordinates>82.2550829,17.0179142,0 82.2554905,17.0176334,0 82.2556846,17.0175126,0 82.2558996,17.0178401,0 82.2560328,17.0180429,0</coordinates></LineString>
</Placemark>
<Placemark><name>highway</name><styleUrl>#highway</styleUrl><description>highway: residential</description>
<LineString><tessellate>1</tessellate><coordinates>82.2554905,17.0176334,0 82.2558695,17.0181608,0</coordinates></LineString>
</Placemark>
<Placemark><name>highway</name><styleUrl>#highway</styleUrl><description>highway: residential</description>
<LineString><tessellate>1</tessellate><coordinates>82.2558996,17.0178401,0 82.2562022,17.0176334,0</coordinates></LineString>
</Placemark>
<Placemark><name>highway</name><styleUrl>#highway</styleUrl><description>highway: residential</description>
<LineString><tessellate>1</tessellate><coordinates>82.2565745,17.0157108,0 82.2568553,17.0160904,0</coordinates></LineString>
</Placemark>
<Placemark><name>highway</name><styleUrl>#highway</styleUrl><description>highway: residential</description>
<LineString><tessellate>1</tessellate><coordinates>82.2558935,17.0161528,0 82.2562309,17.0165752,0 82.2564896,17.0169068,0</coordinates></LineString>
</Placemark>
<Placemark><name>highway</name><styleUrl>#highway</styleUrl><description>highway: residential</description>
<LineString><tessellate>1</tessellate><coordinates>82.2569786,17.0155218,0 82.257315,17.016022,0 82.2579756,17.016849,0 82.2583487,17.0166111,0 82.2585549,17.0164797,0 82.2588277,17.0168232,0 82.2589948,17.0170337,0 82.2593649,17.0175107,0 82.2592999,17.017568,0 82.2590216,17.0178134,0 82.2588837,17.0182056,0 82.2587907,17.0184198,0 82.2587731,17.0185164,0 82.2588595,17.0189239,0</coordinates></LineString>
</Placemark>
<Placemark><name>highway</name><styleUrl>#highway</styleUrl><description>highway: residential</description>
<LineString><tessellate>1</tessellate><coordinates>82.2579091,17.0174732,0 82.2588277,17.0168232,0</coordinates></LineString>
</Placemark>
<Placemark><name>highway</name><styleUrl>#highway</styleUrl><description>highway: residential</description>
<LineString><tessellate>1</tessellate><coordinates>82.2576341,17.0171124,0 82.2579756,17.016849,0</coordinates></LineString>
</Placemark>
<Placemark><name>highway</name><styleUrl>#highway</styleUrl><description>highway: residential</description>
<LineString><tessellate>1</tessellate><coordinates>82.2569279,17.0161857,0 82.257315,17.016022,0</coordinates></LineString>
</Placemark>
<Placemark><name>highway</name><styleUrl>#highway</styleUrl><description>highway: residential</description>
<LineString><tessellate>1</tessellate><coordinates>82.257315,17.016022,0 82.2575987,17.015781,0 82.2576725,17.0157184,0 82.2579914,17.0155298,0 82.2583849,17.0152969,0 82.2583875,17.0152954,0 82.2582208,17.0149977,0</coordinates></LineString>
</Placemark>
<Placemark><name>highway</name><styleUrl>#highway</styleUrl><description>highway: residential</description>
<LineString><tessellate>1</tessellate><coordinates>82.2583849,17.0152969,0 82.2585192,17.0155075,0 82.2592327,17.0151014,0 82.2590519,17.0146959,0</coordinates></LineString>
</Placemark>
<Placemark><name>highway</name><styleUrl>#highway</styleUrl><description>highway: residential</description>
<LineString><tessellate>1</tessellate><coordinates>82.2575398,17.0138455,0 82.2577585,17.0142057,0 82.2578098,17.0142902,0 82.2579941,17.0145938,0 82.2582208,17.0149977,0</coordinates></LineString>
</Placemark>
<Placemark><name>highway</name><styleUrl>#highway</styleUrl><description>highway: residential</description>
<LineString><tessellate>1</tessellate><coordinates>82.2578098,17.0142902,0 82.2582614,17.0141126,0 82.2587091,17.0139365,0 82.2591188,17.0137754,0 82.2599816,17.0134361,0 82.2602768,17.0133219,0 82.2607246,17.0131485,0 82.2611449,17.0129858,0 82.2615393,17.0128332,0 82.2616155,17.0129801,0 82.261747,17.0132338,0 82.2619488,17.0136229,0 82.2624215,17.0147148,0</coordinates></LineString>
</Placemark>
<Placemark><name>highway</name><styleUrl>#highway</styleUrl><description>highway: residential</description>
<LineString><tessellate>1</tessellate><coordinates>82.2563874,17.0123753,0 82.2567508,17.0131948,0 82.2569518,17.013648,0 82.2571199,17.0140271,0</coordinates></LineString>
</Placemark>
<Placemark><name>highway</name><styleUrl>#highway</styleUrl><description>highway: residential</description>
<LineString><tessellate>1</tessellate><coordinates>82.2567614,17.012186,0 82.2571494,17.0130132,0 82.2573434,17.0134268,0 82.2575398,17.0138455,0</coordinates></LineString>
</Placemark>
<Placemark><name>highway</name><styleUrl>#highway</styleUrl><description>highway: residential</description>
<LineString><tessellate>1</tessellate><coordinates>82.256571,17.0117931,0 82.2576713,17.0113655,0</coordinates></LineString>
</Placemark>
<Placemark><name>highway</name><styleUrl>#highway</styleUrl><description>highway: residential</description>
<LineString><tessellate>1</tessellate><coordinates>82.2565348,17.0107143,0 82.2568695,17.0105901,0 82.257195,17.0104693,0</coordinates></LineString>
</Placemark>
<Placemark><name>highway</name><styleUrl>#highway</styleUrl><description>highway: residential</description>
<LineString><tessellate>1</tessellate><coordinates>82.2601638,17.0094933,0 82.2598698,17.0086111,0</coordinates></LineString>
</Placemark>
<Placemark><name>highway</name><styleUrl>#highway</styleUrl><description>highway: residential</description>
<LineString><tessellate>1</tessellate><coordinates>82.2617306,17.0096043,0 82.2615347,17.0090361,0</coordinates></LineString>
</Placemark>
<Placemark><name>highway</name><styleUrl>#highway</styleUrl><description>highway: residential</description>
<LineString><tessellate>1</tessellate><coordinates>82.2616834,17.0100865,0 82.2617068,17.0101466,0 82.2618825,17.0105973,0 82.2622562,17.0104323,0 82.2626702,17.0102495,0 82.2631303,17.0100464,0 82.2628339,17.0096386,0 82.2625501,17.009277,0</coordinates></LineString>
</Placemark>
<Placemark><name>highway</name><styleUrl>#highway</styleUrl><description>highway: residential</description>
<LineString><tessellate>1</tessellate><coordinates>82.2617068,17.0101466,0 82.2628339,17.0096386,0</coordinates></LineString>
</Placemark>
<Placemark><name>highway</name><styleUrl>#highway</styleUrl><description>highway: residential</description>
<LineString><tessellate>1</tessellate><coordinates>82.2552617,17.0102092,0 82.255774,17.0110322,0</coordinates></LineString>
</Placemark>
<Placemark><name>highway</name><styleUrl>#highway</styleUrl><description>highway: residential</description>
<LineString><tessellate>1</tessellate><coordinates>82.2561618,17.0108661,0 82.2557646,17.0100224,0 82.2554061,17.0092611,0</coordinates></LineString>
</Placemark>
<Placemark><name>highway</name><styleUrl>#highway</styleUrl><description>highway: residential</description>
<LineString><tessellate>1</tessellate><coordinates>82.2552617,17.0102092,0 82.2557646,17.0100224,0 82.2561701,17.0099361,0 82.2562013,17.0099295,0</coordinates></LineString>
</Placemark>
<Placemark><name>highway</name><styleUrl>#highway</styleUrl><description>highway: residential</description>
<LineString><tessellate>1</tessellate><coordinates>82.2593649,17.0175107,0 82.2597596,17.01738,0 82.2598254,17.0173741,0 82.2607374,17.0168889,0 82.2612391,17.0166219,0 82.2616044,17.0164276,0 82.2619627,17.0162369,0 82.2620148,17.0162092,0 82.2623552,17.0160281,0 82.2623903,17.0160094,0 82.2629599,17.0157064,0</coordinates></LineString>
</Placemark>
<Placemark><name>highway</name><styleUrl>#highway</styleUrl><description>highway: residential</description>
<LineString><tessellate>1</tessellate><coordinates>82.2600251,17.0143414,0 82.2603952,17.0150366,0 82.2608104,17.0158166,0 82.2612391,17.0166219,0</coordinates></LineString>
</Placemark>
<Placemark><name>highway</name><styleUrl>#highway</styleUrl><description>highway: residential</description>
<LineString><tessellate>1</tessellate><coordinates>82.2591188,17.0137754,0 82.2594738,17.0145473,0 82.2598309,17.0152847,0 82.2601203,17.0158822,0 82.26041,17.0163182,0 82.2607374,17.0168889,0</coordinates></LineString>
</Placemark>
<Placemark><name>highway</name><styleUrl>#highway</styleUrl><description>highway: residential</description>
<LineString><tessellate>1</tessellate><coordinates>82.2592327,17.0151014,0 82.2594266,17.015509,0 82.2598309,17.0152847,0 82.2603952,17.0150366,0</coordinates></LineString>
</Placemark>
<Placemark><name>highway</name><styleUrl>#highway</styleUrl><description>highway: residential</description>
<LineString><tessellate>1</tessellate><coordinates>82.2585192,17.0155075,0 82.2587864,17.0158269,0 82.2594266,17.015509,0</coordinates></LineString>
</Placemark>
<Placemark><name>highway</name><styleUrl>#highway</styleUrl><description>highway: residential</description>
<LineString><tessellate>1</tessellate><coordinates>82.2634289,17.0155632,0 82.2630259,17.0147311,0 82.2623983,17.0134352,0 82.2620673,17.0127704,0</coordinates></LineString>
</Placemark>
<Placemark><name>highway</name><styleUrl>#highway</styleUrl><description>highway: residential</description>
<LineString><tessellate>1</tessellate><coordinates>82.2620673,17.0127704,0 82.2625569,17.0125342,0 82.2630223,17.0123096,0 82.2635216,17.0120687,0 82.2642522,17.0117162,0</coordinates></LineString>
</Placemark>
<Placemark><name>highway</name><styleUrl>#highway</styleUrl><description>highway: residential</description>
<LineString><tessellate>1</tessellate><coordinates>82.2625569,17.0125342,0 82.2628689,17.0132386,0 82.2634924,17.0145463,0 82.263925,17.0153991,0</coordinates></LineString>
</Placemark>
<Placemark><name>highway</name><styleUrl>#highway</styleUrl><description>highway: residential</description>
<LineString><tessellate>1</tessellate><coordinates>82.2630259,17.0147311,0 82.2634924,17.0145463,0 82.2639736,17.0143122,0 82.2644822,17.0140648,0 82.2649389,17.0138533,0</coordinates></LineString>
</Placemark>
<Placemark><name>highway</name><styleUrl>#highway</styleUrl><description>highway: residential</description>
<LineString><tessellate>1</tessellate><coordinates>82.2644299,17.0152178,0 82.2639736,17.0143122,0 82.2633486,17.0130383,0 82.2630223,17.0123096,0 82.2628,17.0118732,0</coordinates></LineString>
</Placemark>
<Placemark><name>highway</name><styleUrl>#highway</styleUrl><description>highway: residential</description>
<LineString><tessellate>1</tessellate><coordinates>82.2635216,17.0120687,0 82.2638928,17.012811,0 82.2644822,17.0140648,0 82.2649275,17.0150391,0</coordinates></LineString>
</Placemark>
<Placemark><name>highway</name><styleUrl>#highway</styleUrl><description>highway: residential</description>
<LineString><tessellate>1</tessellate><coordinates>82.2605064,17.0141617,0 82.2611843,17.0156278,0 82.2616044,17.0164276,0</coordinates></LineString>
</Placemark>
<Placemark><name>highway</name><styleUrl>#highway</styleUrl><description>highway: residential</description>
<LineString><tessellate>1</tessellate><coordinates>82.2623903,17.0160094,0 82.2620042,17.0153222,0 82.2616257,17.0146854,0</coordinates></LineString>
</Placemark>
<Placemark><name>highway</name><styleUrl>#highway</styleUrl><description>highway: residential</description>
<LineString><tessellate>1</tessellate><coordinates>82.2620148,17.0162092,0 82.2616466,17.0155334,0 82.2612862,17.014872,0 82.2612771,17.0148201,0 82.2612771,17.0147137,0 82.2612731,17.0146457,0 82.2612396,17.0145649,0 82.2609594,17.0139925,0</coordinates></LineString>
</Placemark>
<Placemark><name>highway</name><styleUrl>#highway</styleUrl><description>highway: residential</description>
<LineString><tessellate>1</tessellate><coordinates>82.2548025,17.0132197,0 82.2549527,17.0136557,0 82.2550203,17.0138521,0</coordinates></LineString>
</Placemark>
<Placemark><name>highway</name><styleUrl>#highway</styleUrl><description>highway: residential</description>
<LineString><tessellate>1</tessellate><coordinates>82.2552456,17.0144344,0 82.2556769,17.0142339,0 82.2560914,17.0140434,0 82.2569518,17.013648,0</coordinates></LineString>
</Placemark>
<Placemark><name>highway</name><styleUrl>#highway</styleUrl><description>highway: residential</description>
<LineString><tessellate>1</tessellate><coordinates>82.2562593,17.0143993,0 82.2560914,17.0140434,0 82.255914,17.0135661,0 82.2557753,17.0131929,0</coordinates></LineString>
</Placemark>
<Placemark><name>highway</name><styleUrl>#highway</styleUrl><description>highway: residential</description>
<LineString><tessellate>1</tessellate><coordinates>82.2556769,17.0142339,0 82.2553683,17.0133418,0 82.2557753,17.0131929,0</coordinates></LineString>
</Placemark>
<Placemark><name>highway</name><styleUrl>#highway</styleUrl><description>highway: residential</description>
<LineString><tessellate>1</tessellate><coordinates>82.255914,17.0135661,0 82.2567508,17.0131948,0 82.2571494,17.0130132,0 82.2581878,17.0126465,0 82.2593818,17.012225,0 82.2595845,17.0126357,0 82.2597785,17.0130288,0</coordinates></LineString>
</Placemark>
<Placemark><name>highway</name><styleUrl>#highway</styleUrl><description>highway: residential</description>
<LineString><tessellate>1</tessellate><coordinates>82.2529861,17.0152259,0 82.2538976,17.0145616,0 82.2542904,17.0142232,0 82.2544179,17.0141251,0 82.2548249,17.0137156,0 82.2549527,17.0136557,0</coordinates></LineString>
</Placemark>
<Placemark><name>highway</name><styleUrl>#highway</styleUrl><description>highway: residential</description>
<LineString><tessellate>1</tessellate><coordinates>82.2554883,17.0159292,0 82.2557516,17.0157868,0</coordinates></LineString>
</Placemark>
<Placemark><name>highway</name><styleUrl>#highway</styleUrl><description>highway: residential</description>
<LineString><tessellate>1</tessellate><coordinates>82.2569324,17.0150641,0 82.2579941,17.0145938,0</coordinates></LineString>
</Placemark>
<Placemark><name>highway</name><styleUrl>#highway</styleUrl><description>highway: residential</description>
<LineString><tessellate>1</tessellate><coordinates>82.2567425,17.0146941,0 82.2577585,17.0142057,0</coordinates></LineString>
</Placemark>
<Placemark><name>highway</name><styleUrl>#highway</styleUrl><description>highway: residential</description>
<LineString><tessellate>1</tessellate><coordinates>82.2586205,17.0148479,0 82.2582614,17.0141126,0</coordinates></LineString>
</Placemark>
<Placemark><name>highway</name><styleUrl>#highway</styleUrl><description>highway: residential</description>
<LineString><tessellate>1</tessellate><coordinates>82.2590519,17.0146959,0 82.2587091,17.0139365,0 82.2585083,17.0134897,0 82.2583471,17.0130656,0 82.2581878,17.0126465,0</coordinates></LineString>
</Placemark>
<Placemark><name>highway</name><styleUrl>#highway</styleUrl><description>highway: residential</description>
<LineString><tessellate>1</tessellate><coordinates>82.2573434,17.0134268,0 82.2583471,17.0130656,0 82.2595845,17.0126357,0 82.2599818,17.012522,0 82.2604377,17.0123914,0 82.2608286,17.0122794,0 82.2608992,17.0122592,0 82.2612379,17.0122023,0 82.2615393,17.0128332,0</coordinates></LineString>
</Placemark>
<Placemark><name>highway</name><styleUrl>#highway</styleUrl><description>highway: residential</description>
<LineString><tessellate>1</tessellate><coordinates>82.2616155,17.0129801,0 82.2620673,17.0127704,0</coordinates></LineString>
</Placemark>
<Placemark><name>highway</name><styleUrl>#highway</styleUrl><description>highway: residential</description>
<LineString><tessellate>1</tessellate><coordinates>82.2602768,17.0133219,0 82.2599818,17.012522,0</coordinates></LineString>
</Placemark>
<Placemark><name>highway</name><styleUrl>#highway</styleUrl><description>highway: residential</description>
<LineString><tessellate>1</tessellate><coordinates>82.2607246,17.0131485,0 82.2604377,17.0123914,0</coordinates></LineString>
</Placemark>
<Placemark><name>highway</name><styleUrl>#highway</styleUrl><description>highway: residential</description>
<LineString><tessellate>1</tessellate><coordinates>82.2611449,17.0129858,0 82.2608992,17.0122592,0</coordinates></LineString>
</Placemark>
<Placemark><name>highway</name><styleUrl>#highway</styleUrl><description>highway: residential</description>
<LineString><tessellate>1</tessellate><coordinates>82.2549468,17.0125362,0 82.2557743,17.0121436,0</coordinates></LineString>
</Placemark>
<Placemark><name>highway</name><styleUrl>#highway</styleUrl><description>highway: residential</description>
<LineString><tessellate>1</tessellate><coordinates>82.2525626,17.012905,0 82.2521398,17.0121816,0</coordinates></LineString>
</Placemark>
<Placemark><name>highway</name><styleUrl>#highway</styleUrl><description>highway: residential</description>
<LineString><tessellate>1</tessellate><coordinates>82.2651671,17.0162881,0 82.2663453,17.0160036,0 82.2664257,17.0160497,0 82.2679114,17.0157264,0 82.2683372,17.0156337,0</coordinates></LineString>
</Placemark>
<Placemark><name>highway</name><styleUrl>#highway</styleUrl><description>highway: residential</description>
<LineString><tessellate>1</tessellate><coordinates>82.2665384,17.0166722,0 82.2663453,17.0160036,0 82.2662521,17.0156156,0 82.2661545,17.015209,0 82.2660444,17.0147457,0</coordinates></LineString>
</Placemark>
<Placemark><name>highway</name><styleUrl>#highway</styleUrl><description>highway: residential</description>
<LineString><tessellate>1</tessellate><coordinates>82.265073,17.0158524,0 82.2662521,17.0156156,0 82.2677756,17.0152349,0</coordinates></LineString>
</Placemark>
<Placemark><name>highway</name><styleUrl>#highway</styleUrl><description>highway: residential</description>
<LineString><tessellate>1</tessellate><coordinates>82.2665377,17.0146254,0 82.2662044,17.0132759,0 82.2661904,17.0132192,0 82.2660996,17.0128518,0 82.2659958,17.0124316,0 82.2659252,17.0121456,0</coordinates></LineString>
</Placemark>
<Placemark><name>highway</name><styleUrl>#highway</styleUrl><description>highway: residential</description>
<LineString><tessellate>1</tessellate><coordinates>82.2675346,17.0143822,0 82.2672233,17.0130433,0</coordinates></LineString>
</Placemark>
<Placemark><name>highway</name><styleUrl>#highway</styleUrl><description>highway: residential</description>
<LineString><tessellate>1</tessellate><coordinates>82.2660996,17.0128518,0 82.2675895,17.0125095,0</coordinates></LineString>
</Placemark>
<Placemark><name>highway</name><styleUrl>#highway</styleUrl><description>highway: residential</description>
<LineString><tessellate>1</tessellate><coordinates>82.2659958,17.0124316,0 82.2675036,17.0120941,0</coordinates></LineString>
</Placemark>
<Placemark><name>highway</name><styleUrl>#highway</styleUrl><description>highway: residential</description>
<LineString><tessellate>1</tessellate><coordinates>82.264083,17.0110028,0 82.2642948,17.011106,0 82.2645739,17.0113952,0 82.2648639,17.0118602,0 82.2652325,17.0123202,0</coordinates></LineString>
</Placemark>
<Placemark><name>highway</name><styleUrl>#highway</styleUrl><description>highway: residential</description>
<LineString><tessellate>1</tessellate><coordinates>82.2648639,17.0118602,0 82.265451,17.0117189,0 82.2659375,17.0116018,0</coordinates></LineString>
</Placemark>
<Placemark><name>highway</name><styleUrl>#highway</styleUrl><description>highway: residential</description>
<LineString><tessellate>1</tessellate><coordinates>82.265451,17.0117189,0 82.2653311,17.0112112,0 82.2651487,17.0104386,0</coordinates></LineString>
</Placemark>
<Placemark><name>highway</name><styleUrl>#highway</styleUrl><description>highway: residential</description>
<LineString><tessellate>1</tessellate><coordinates>82.2645739,17.0113952,0 82.2653311,17.0112112,0</coordinates></LineString>
</Placemark>
<Placemark><name>highway</name><styleUrl>#highway</styleUrl><description>highway: residential</description>
<LineString><tessellate>1</tessellate><coordinates>82.2663972,17.0115066,0 82.2660745,17.0102226,0</coordinates></LineString>
</Placemark>
<Placemark><name>highway</name><styleUrl>#highway</styleUrl><description>highway: residential</description>
<LineString><tessellate>1</tessellate><coordinates>82.2660745,17.0102226,0 82.2659638,17.0098038,0 82.2657682,17.0090638,0 82.265656,17.0086393,0</coordinates></LineString>
</Placemark>
<Placemark><name>highway</name><styleUrl>#highway</styleUrl><description>highway: residential</description>
<LineString><tessellate>1</tessellate><coordinates>82.2631303,17.0100464,0 82.2633752,17.0099345,0 82.2638388,17.0097227,0</coordinates></LineString>
</Placemark>
<Placemark><name>highway</name><styleUrl>#highway</styleUrl><description>highway: residential</description>
<LineString><tessellate>1</tessellate><coordinates>82.2622552,17.0066246,0 82.2629057,17.0065261,0</coordinates></LineString>
</Placemark>
<Placemark><name>highway</name><styleUrl>#highway</styleUrl><description>highway: residential</description>
<LineString><tessellate>1</tessellate><coordinates>82.2609862,17.0070698,0 82.2607017,17.0064908,0 82.2603524,17.0058868,0 82.2602825,17.005766,0 82.2601447,17.0055365,0 82.2600812,17.0054307,0 82.2598616,17.0050651,0 82.2598199,17.0049957,0 82.2596184,17.0046602,0 82.259579,17.0045946,0</coordinates></LineString>
</Placemark>
<Placemark><name>highway</name><styleUrl>#highway</styleUrl><description>highway: residential</description>
<LineString><tessellate>1</tessellate><coordinates>82.2615331,17.0074014,0 82.2612708,17.0069785,0 82.2612626,17.0069366,0 82.2606569,17.0059824,0 82.2604594,17.005627,0 82.2603243,17.005261,0 82.2602054,17.0049639,0</coordinates></LineString>
</Placemark>
<Placemark><name>highway</name><styleUrl>#highway</styleUrl><description>highway: residential</description>
<LineString><tessellate>1</tessellate><coordinates>82.2603243,17.005261,0 82.2608993,17.0051427,0</coordinates></LineString>
</Placemark>
<Placemark><name>highway</name><styleUrl>#highway</styleUrl><description>highway: residential</description>
<LineString><tessellate>1</tessellate><coordinates>82.2673162,17.0112907,0 82.2674466,17.0117893,0</coordinates></LineString>
</Placemark>
<Placemark><name>highway</name><styleUrl>#highway</styleUrl><description>highway: residential</description>
<LineString><tessellate>1</tessellate><coordinates>82.264879,17.013467,0 82.2654504,17.013359,0 82.2661904,17.0132192,0</coordinates></LineString>
</Placemark>
<Placemark><name>highway</name><styleUrl>#highway</styleUrl><description>highway: residential</description>
<LineString><tessellate>1</tessellate><coordinates>82.2651184,17.0123545,0 82.2654504,17.013359,0</coordinates></LineString>
</Placemark>
<Placemark><name>highway</name><styleUrl>#highway</styleUrl><description>highway: residential</description>
<LineString><tessellate>1</tessellate><coordinates>82.2659638,17.0098038,0 82.266838,17.0095994,0 82.2683575,17.0092569,0 82.2691409,17.0090803,0</coordinates></LineString>
</Placemark>
<Placemark><name>highway</name><styleUrl>#highway</styleUrl><description>highway: residential</description>
<LineString><tessellate>1</tessellate><coordinates>82.2683575,17.0092569,0 82.2684649,17.0096688,0 82.2685843,17.0101436,0</coordinates></LineString>
</Placemark>
<Placemark><name>highway</name><styleUrl>#highway</styleUrl><description>highway: residential</description>
<LineString><tessellate>1</tessellate><coordinates>82.2625366,17.0087311,0 82.2628269,17.0091227,0 82.2633752,17.0099345,0</coordinates></LineString>
</Placemark>
<Placemark><name>highway</name><styleUrl>#highway</styleUrl><description>highway: residential</description>
<LineString><tessellate>1</tessellate><coordinates>82.2581192,17.0077518,0 82.2579549,17.0072718,0</coordinates></LineString>
</Placemark>
<Placemark><name>highway</name><styleUrl>#highway</styleUrl><description>highway: residential</description>
<LineString><tessellate>1</tessellate><coordinates>82.2584594,17.0076374,0 82.2582999,17.0071539,0</coordinates></LineString>
</Placemark>
<Placemark><name>highway</name><styleUrl>#highway</styleUrl><description>highway: residential</description>
<LineString><tessellate>1</tessellate><coordinates>82.2577643,17.007871,0 82.2575882,17.0073425,0</coordinates></LineString>
</Placemark>
<Placemark><name>highway</name><styleUrl>#highway</styleUrl><description>highway: residential</description>
<LineString><tessellate>1</tessellate><coordinates>82.2599953,17.0066829,0 82.2607017,17.0064908,0</coordinates></LineString>
</Placemark>
<Placemark><name>highway</name><styleUrl>#highway</styleUrl><description>highway: residential</description>
<LineString><tessellate>1</tessellate><coordinates>82.2683432,17.0067642,0 82.2686493,17.006678,0 82.2689102,17.0066045,0 82.269152,17.0065365,0 82.2694305,17.006458,0 82.2696654,17.0063919,0 82.2698728,17.0063335,0</coordinates></LineString>
</Placemark>
<Placemark><name>highway</name><styleUrl>#highway</styleUrl><description>highway: residential</description>
<LineString><tessellate>1</tessellate><coordinates>82.269344,17.0071366,0 82.269152,17.0065365,0 82.2690114,17.0060197,0</coordinates></LineString>
</Placemark>
<Placemark><name>highway</name><styleUrl>#highway</styleUrl><description>highway: residential</description>
<LineString><tessellate>1</tessellate><coordinates>82.2696201,17.0070757,0 82.2694305,17.006458,0 82.269298,17.0060502,0</coordinates></LineString>
</Placemark>
<Placemark><name>highway</name><styleUrl>#highway</styleUrl><description>highway: residential</description>
<LineString><tessellate>1</tessellate><coordinates>82.2698678,17.0070215,0 82.2696654,17.0063919,0 82.2695599,17.0060197,0</coordinates></LineString>
</Placemark>
<Placemark><name>highway</name><styleUrl>#highway</styleUrl><description>highway: residential</description>
<LineString><tessellate>1</tessellate><coordinates>82.268815,17.0072114,0 82.2686493,17.006678,0 82.2684946,17.0061596,0</coordinates></LineString>
</Placemark>
<Placemark><name>highway</name><styleUrl>#highway</styleUrl><description>highway: residential</description>
<LineString><tessellate>1</tessellate><coordinates>82.26908,17.0071436,0 82.2689102,17.0066045,0 82.2687657,17.0060889,0</coordinates></LineString>
</Placemark>
<Placemark><name>highway</name><styleUrl>#highway</styleUrl><description>highway: residential</description>
<LineString><tessellate>1</tessellate><coordinates>82.264819,17.0045949,0 82.2662835,17.0043533,0</coordinates></LineString>
</Placemark>
<Placemark><name>highway</name><styleUrl>#highway</styleUrl><description>highway: residential</description>
<LineString><tessellate>1</tessellate><coordinates>82.2552569,17.0050782,0 82.2561897,17.0047544,0</coordinates></LineString>
</Placemark>
<Placemark><name>highway</name><styleUrl>#highway</styleUrl><description>highway: residential</description>
<LineString><tessellate>1</tessellate><coordinates>82.2551445,17.0048033,0 82.2554144,17.0047086,0 82.2555691,17.0046543,0 82.2555282,17.0045428,0 82.2552979,17.0039145,0</coordinates></LineString>
</Placemark>
<Placemark><name>highway</name><styleUrl>#highway</styleUrl><description>highway: residential</description>
<LineString><tessellate>1</tessellate><coordinates>82.2561895,17.0070125,0 82.2561411,17.0068251,0 82.2560789,17.006614,0</coordinates></LineString>
</Placemark>
<Placemark><name>highway</name><styleUrl>#highway</styleUrl><description>highway: residential</description>
<LineString><tessellate>1</tessellate><coordinates>82.255251,17.0069077,0 82.2559655,17.0068315,0 82.2560408,17.0070608,0</coordinates></LineString>
</Placemark>
<Placemark><name>highway</name><styleUrl>#highway</styleUrl><description>highway: residential</description>
<LineString><tessellate>1</tessellate><coordinates>82.2568695,17.0105901,0 82.2565749,17.0098034,0</coordinates></LineString>
</Placemark>
<Placemark><name>highway</name><styleUrl>#highway</styleUrl><description>highway: residential</description>
<LineString><tessellate>1</tessellate><coordinates>82.2577124,17.0103112,0 82.2573611,17.0094891,0</coordinates></LineString>
</Placemark>
<Placemark><name>highway</name><styleUrl>#highway</styleUrl><description>highway: residential</description>
<LineString><tessellate>1</tessellate><coordinates>82.2534741,17.0105953,0 82.2533103,17.0103538,0</coordinates></LineString>
</Placemark>
<Placemark><name>highway</name><styleUrl>#highway</styleUrl><description>highway: residential</description>
<LineString><tessellate>1</tessellate><coordinates>82.2519118,17.011326,0 82.2525694,17.0108057,0</coordinates></LineString>
</Placemark>
<Placemark><name>highway</name><styleUrl>#highway</styleUrl><description>highway: residential</description>
<LineString><tessellate>1</tessellate><coordinates>82.2528538,17.0117885,0 82.2530962,17.0122977,0</coordinates></LineString>
</Placemark>
<Placemark><name>highway</name><styleUrl>#highway</styleUrl><description>highway: residential</description>
<LineString><tessellate>1</tessellate><coordinates>82.2524437,17.0119597,0 82.2527069,17.0125076,0</coordinates></LineString>
</Placemark>
<Placemark><name>highway</name><styleUrl>#highway</styleUrl><description>highway: residential</description>
<LineString><tessellate>1</tessellate><coordinates>82.2517327,17.0147186,0 82.2526048,17.0143154,0</coordinates></LineString>
</Placemark>
<Placemark><name>highway</name><styleUrl>#highway</styleUrl><description>highway: residential</description>
<LineString><tessellate>1</tessellate><coordinates>82.2531373,17.013884,0 82.2534326,17.0142823,0</coordinates></LineString>
</Placemark>
<Placemark><name>highway</name><styleUrl>#highway</styleUrl><description>highway: residential</description>
<LineString><tessellate>1</tessellate><coordinates>82.2527008,17.0146094,0 82.2530859,17.0143524,0</coordinates></LineString>
</Placemark>
<Placemark><name>highway</name><styleUrl>#highway</styleUrl><description>highway: residential</description>
<LineString><tessellate>1</tessellate><coordinates>82.2527573,17.0133536,0 82.2528878,17.0136414,0 82.2530552,17.0139425,0</coordinates></LineString>
</Placemark>
<Placemark><name>highway</name><styleUrl>#highway</styleUrl><description>highway: residential</description>
<LineString><tessellate>1</tessellate><coordinates>82.2597148,17.0111928,0 82.2607563,17.0108651,0 82.2609389,17.0108076,0 82.2618825,17.0105973,0</coordinates></LineString>
</Placemark>
<Placemark><name>highway</name><styleUrl>#highway</styleUrl><description>highway: residential</description>
<LineString><tessellate>1</tessellate><coordinates>82.2612379,17.0122023,0 82.2609807,17.0114095,0</coordinates></LineString>
</Placemark>
<Placemark><name>highway</name><styleUrl>#highway</styleUrl><description>highway: residential</description>
<LineString><tessellate>1</tessellate><coordinates>82.2564894,17.0053326,0 82.2560916,17.0054715,0 82.2559819,17.0051834,0 82.2563527,17.0050731,0</coordinates></LineString>
</Placemark>
<Placemark><name>highway</name><styleUrl>#highway</styleUrl><description>highway: residential</description>
<LineString><tessellate>1</tessellate><coordinates>82.2579476,17.0020401,0 82.2580254,17.0020604,0 82.2586767,17.003086,0 82.2589139,17.0034557,0</coordinates></LineString>
</Placemark>
<Placemark><name>highway</name><styleUrl>#highway</styleUrl><description>highway: residential</description>
<LineString><tessellate>1</tessellate><coordinates>82.2571566,16.9991855,0 82.2570651,16.9986728,0 82.2570425,16.9985461,0 82.2569906,16.9982551,0</coordinates></LineString>
</Placemark>
<Placemark><name>highway</name><styleUrl>#highway</styleUrl><description>highway: residential</description>
<LineString><tessellate>1</tessellate><coordinates>82.2560183,16.9988523,0 82.2566824,16.9987384,0 82.2570651,16.9986728,0</coordinates></LineString>
</Placemark>
<Placemark><name>highway</name><styleUrl>#highway</styleUrl><description>highway: residential</description>
<LineString><tessellate>1</tessellate><coordinates>82.2603515,16.9974438,0 82.2602158,16.9965876,0</coordinates></LineString>
</Placemark>
<Placemark><name>highway</name><styleUrl>#highway</styleUrl><description>highway: residential</description>
<LineString><tessellate>1</tessellate><coordinates>82.2591186,16.995076,0 82.2602542,16.9949211,0</coordinates></LineString>
</Placemark>
<Placemark><name>highway</name><styleUrl>#highway</styleUrl><description>highway: residential</description>
<LineString><tessellate>1</tessellate><coordinates>82.2606047,16.9961186,0 82.261343,16.9960075,0 82.2612975,16.9955821,0 82.2612495,16.9951347,0 82.2612423,16.9950672,0 82.2612118,16.9947541,0 82.2611445,16.9942386,0 82.2610664,16.9937502,0 82.2609726,16.9934375,0 82.2609228,16.9933422,0 82.2608287,16.9931623,0 82.2605815,16.9927483,0</coordinates></LineString>
</Placemark>
<Placemark><name>highway</name><styleUrl>#highway</styleUrl><description>highway: residential</description>
<LineString><tessellate>1</tessellate><coordinates>82.2602542,16.9949211,0 82.2612118,16.9947541,0</coordinates></LineString>
</Placemark>
<Placemark><name>highway</name><styleUrl>#highway</styleUrl><description>highway: residential</description>
<LineString><tessellate>1</tessellate><coordinates>82.2603495,16.9952588,0 82.2612495,16.9951347,0</coordinates></LineString>
</Placemark>
<Placemark><name>highway</name><styleUrl>#highway</styleUrl><description>highway: residential</description>
<LineString><tessellate>1</tessellate><coordinates>82.2604938,16.99569,0 82.2612975,16.9955821,0</coordinates></LineString>
</Placemark>
<Placemark><name>highway</name><styleUrl>#highway</styleUrl><description>highway: residential</description>
<LineString><tessellate>1</tessellate><coordinates>82.2600537,16.9944408,0 82.2611445,16.9942386,0</coordinates></LineString>
</Placemark>
<Placemark><name>highway</name><styleUrl>#highway</styleUrl><description>highway: residential</description>
<LineString><tessellate>1</tessellate><coordinates>82.2661242,16.9993928,0 82.2667427,16.9993637,0 82.2666136,16.9983041,0</coordinates></LineString>
</Placemark>
<Placemark><name>highway</name><styleUrl>#highway</styleUrl><description>highway: residential</description>
<LineString><tessellate>1</tessellate><coordinates>82.264396,16.9994424,0 82.2644099,17.0003984,0</coordinates></LineString>
</Placemark>
<Placemark><name>highway</name><styleUrl>#highway</styleUrl><description>highway: residential</description>
<LineString><tessellate>1</tessellate><coordinates>82.2648612,17.0004101,0 82.2648421,16.9994197,0</coordinates></LineString>
</Placemark>
<Placemark><name>highway</name><styleUrl>#highway</styleUrl><description>highway: residential</description>
<LineString><tessellate>1</tessellate><coordinates>82.2657109,17.0003323,0 82.2656857,16.999404,0</coordinates></LineString>
</Placemark>
<Placemark><name>highway</name><styleUrl>#highway</styleUrl><description>highway: residential</description>
<LineString><tessellate>1</tessellate><coordinates>82.2652921,17.0003673,0 82.2652637,16.9994119,0</coordinates></LineString>
</Placemark>
<Placemark><name>highway</name><styleUrl>#highway</styleUrl><description>highway: residential</description>
<LineString><tessellate>1</tessellate><coordinates>82.2661459,17.0003129,0 82.2661242,16.9993928,0</coordinates></LineString>
</Placemark>
<Placemark><name>highway</name><styleUrl>#highway</styleUrl><description>highway: residential</description>
<LineString><tessellate>1</tessellate><coordinates>82.2611191,16.9999159,0 82.2617974,16.9997593,0 82.262232,16.9997376,0</coordinates></LineString>
</Placemark>
<Placemark><name>highway</name><styleUrl>#highway</styleUrl><description>highway: residential</description>
<LineString><tessellate>1</tessellate><coordinates>82.2614878,17.0006161,0 82.2624747,17.0004361,0</coordinates></LineString>
</Placemark>
<Placemark><name>highway</name><styleUrl>#highway</styleUrl><description>highway: residential</description>
<LineString><tessellate>1</tessellate><coordinates>82.2630468,17.0009133,0 82.2630816,17.0002185,0</coordinates></LineString>
</Placemark>
<Placemark><name>highway</name><styleUrl>#highway</styleUrl><description>highway: residential</description>
<LineString><tessellate>1</tessellate><coordinates>82.2635632,17.0010625,0 82.2641902,17.0010764,0</coordinates></LineString>
</Placemark>
<Placemark><name>highway</name><styleUrl>#highway</styleUrl><description>highway: residential</description>
<LineString><tessellate>1</tessellate><coordinates>82.261916,17.001377,0 82.263418,17.0010958,0</coordinates></LineString>
</Placemark>
<Placemark><name>highway</name><styleUrl>#highway</styleUrl><description>highway: residential</description>
<LineString><tessellate>1</tessellate><coordinates>82.2598982,17.0011888,0 82.2597792,17.0005905,0</coordinates></LineString>
</Placemark>
<Placemark><name>highway</name><styleUrl>#highway</styleUrl><description>highway: residential</description>
<LineString><tessellate>1</tessellate><coordinates>82.2598935,17.0045854,0 82.2607396,17.0043893,0</coordinates></LineString>
</Placemark>
<Placemark><name>Sivayya Street</name><styleUrl>#highway</styleUrl><description>highway: residential
name: Sivayya Street</description>
<LineString><tessellate>1</tessellate><coordinates>82.2460369,17.0227702,0 82.2459758,17.0216175,0 82.2459291,17.0211722,0 82.2457736,17.0200935,0 82.2456968,17.0195895,0 82.2456428,17.0192083,0 82.2460456,17.0191195,0 82.2465259,17.0190203,0 82.2464469,17.0185901,0 82.2467744,17.0185203,0 82.2470507,17.0184502,0 82.2473458,17.0183667,0 82.2485911,17.0181031,0</coordinates></LineString>
</Placemark>
<Placemark><name>highway</name><styleUrl>#highway</styleUrl><description>highway: residential</description>
<LineString><tessellate>1</tessellate><coordinates>82.2456428,17.0192083,0 82.2440053,17.0194091,0 82.2439024,17.0190297,0 82.2437293,17.0183911,0 82.2436638,17.0181495,0</coordinates></LineString>
</Placemark>
<Placemark><name>highway</name><styleUrl>#highway</styleUrl><description>highway: residential</description>
<LineString><tessellate>1</tessellate><coordinates>82.2473414,17.022714,0 82.2472872,17.0215607,0 82.2472675,17.0211478,0 82.2472871,17.0208877,0 82.2473109,17.0208499,0 82.2473404,17.0208255,0 82.2473806,17.0208101,0 82.2486627,17.0204639,0</coordinates></LineString>
</Placemark>
<Placemark><name>highway</name><styleUrl>#highway</styleUrl><description>highway: residential</description>
<LineString><tessellate>1</tessellate><coordinates>82.2459758,17.0216175,0 82.2463653,17.0216009,0 82.2468486,17.0215731,0 82.2472872,17.0215607,0</coordinates></LineString>
</Placemark>
<Placemark><name>highway</name><styleUrl>#highway</styleUrl><description>highway: residential</description>
<LineString><tessellate>1</tessellate><coordinates>82.246431,17.0227408,0 82.2463653,17.0216009,0 82.246353,17.0211709,0 82.2463347,17.0207821,0 82.2462871,17.0205695,0 82.2461405,17.0201322,0</coordinates></LineString>
</Placemark>
<Placemark><name>highway</name><styleUrl>#highway</styleUrl><description>highway: residential</description>
<LineString><tessellate>1</tessellate><coordinates>82.2459291,17.0211722,0 82.246353,17.0211709,0 82.246777,17.021151,0 82.2472675,17.0211478,0</coordinates></LineString>
</Placemark>
<Placemark><name>highway</name><styleUrl>#highway</styleUrl><description>highway: residential</description>
<LineString><tessellate>1</tessellate><coordinates>82.246777,17.021151,0 82.2466991,17.0202579,0 82.2466506,17.0199115,0 82.2465853,17.0194446,0 82.2465259,17.0190203,0</coordinates></LineString>
</Placemark>
<Placemark><name>highway</name><styleUrl>#highway</styleUrl><description>highway: residential</description>
<LineString><tessellate>1</tessellate><coordinates>82.2456968,17.0195895,0 82.2465853,17.0194446,0</coordinates></LineString>
</Placemark>
<Placemark><name>highway</name><styleUrl>#highway</styleUrl><description>highway: residential</description>
<LineString><tessellate>1</tessellate><coordinates>82.2485363,17.0174549,0 82.2484951,17.0173118,0 82.2483852,17.0171234,0 82.2482064,17.0167191,0 82.2480373,17.0163244,0 82.247909,17.0156668,0 82.2478811,17.0155178,0 82.2477708,17.0148163,0 82.2476966,17.0145775,0 82.2475919,17.014241,0 82.2469287,17.0144496,0 82.2459958,17.0147371,0 82.2458692,17.0143889,0 82.2455584,17.0137475,0 82.2453835,17.0133864,0 82.2453582,17.0133342,0 82.245189,17.0129797,0 82.2448564,17.0122829,0 82.2446804,17.0119141,0 82.2443244,17.0120668,0 82.2438846,17.0123264,0 82.2436182,17.012446,0 82.2432193,17.0115939,0 82.2428377,17.0108269,0 82.2425748,17.0102983,0 82.2423843,17.009956,0 82.2421864,17.0096004,0 82.2420018,17.0092687,0 82.2423654,17.0090913,0 82.2427262,17.0089154,0 82.2434313,17.0085715,0</coordinates></LineString>
</Placemark>
<Placemark><name>highway</name><styleUrl>#highway</styleUrl><description>highway: residential</description>
<LineString><tessellate>1</tessellate><coordinates>82.241246,17.0063441,0 82.2413032,17.0064144,0 82.2413363,17.0064663,0 82.2413778,17.0065766,0 82.241402,17.0066497,0 82.2414328,17.0066921,0 82.2414851,17.0067216,0 82.2415897,17.0067729,0 82.2416485,17.0067989,0 82.2417949,17.0068639,0 82.2420399,17.0070194,0 82.2423592,17.0070816,0 82.2425343,17.0072097,0 82.2425974,17.0072558,0 82.2429243,17.0075952,0 82.2432138,17.0080418,0 82.2432574,17.0081479,0 82.2434313,17.0085715,0</coordinates></LineString>
</Placemark>
<Placemark><name>highway</name><styleUrl>#highway</styleUrl><description>highway: residential</description>
<LineString><tessellate>1</tessellate><coordinates>82.2434313,17.0085715,0 82.2435442,17.0089203,0 82.2436738,17.0093202,0 82.2437907,17.0096813,0 82.2440864,17.0099641,0 82.2444901,17.0100702,0 82.2446965,17.0100172,0 82.2450477,17.0102175,0 82.245325,17.010412,0 82.2454272,17.0105109,0 82.2455378,17.0106178,0 82.2459924,17.011302,0 82.2462757,17.0116193,0 82.2464722,17.0118904,0 82.2465835,17.0120328,0 82.2468149,17.0123288,0 82.2470714,17.0127442,0 82.2472277,17.0126926,0</coordinates></LineString>
</Placemark>
<Placemark><name>highway</name><styleUrl>#highway</styleUrl><description>highway: residential</description>
<LineString><tessellate>1</tessellate><coordinates>82.2484233,17.0131424,0 82.2480485,17.0131748,0 82.2480042,17.0131632,0 82.2479846,17.0131314,0 82.2479243,17.0124683,0 82.2477614,17.0117362,0 82.2476769,17.0114744,0</coordinates></LineString>
</Placemark>
<Placemark><name>highway</name><styleUrl>#highway</styleUrl><description>highway: residential</description>
<LineString><tessellate>1</tessellate><coordinates>82.2470237,17.0118957,0 82.2475848,17.0115225,0 82.2476769,17.0114744,0 82.2478978,17.0113592,0 82.2483958,17.0111845,0</coordinates></LineString>
</Placemark>
<Placemark><name>highway</name><styleUrl>#highway</styleUrl><description>highway: residential</description>
<LineString><tessellate>1</tessellate><coordinates>82.2437907,17.0096813,0 82.2436023,17.0097769,0 82.2434384,17.0098601,0 82.2432382,17.0099617,0 82.242903,17.0101317,0 82.2425748,17.0102983,0 82.2421883,17.010484,0 82.2418239,17.010659,0 82.2414488,17.0108392,0 82.241049,17.0110313,0 82.2401776,17.0114499,0 82.2391,17.0119676,0 82.2390001,17.0118872,0 82.238933,17.0118577,0 82.2388659,17.0118577,0 82.2387707,17.0118795,0 82.2387117,17.0118667,0 82.2386701,17.0118436,0 82.2386265,17.0117944,0 82.2381039,17.0109833,0 82.2374492,17.0098347,0 82.2366936,17.0085093,0 82.2370519,17.008334,0 82.2374763,17.0081264,0 82.2372513,17.0077407,0 82.2370973,17.0074767,0 82.236886,17.0071145,0 82.2366359,17.0066859,0 82.2362489,17.0060225,0</coordinates></LineString>
</Placemark>
<Placemark><name>highway</name><styleUrl>#highway</styleUrl><description>highway: residential</description>
<LineString><tessellate>1</tessellate><coordinates>82.2453582,17.0133342,0 82.2449665,17.0135153,0 82.2445667,17.013698,0 82.2443741,17.013329,0 82.2429925,17.0139417,0 82.2420349,17.0144485,0 82.2417486,17.0140102,0 82.2410331,17.0130786,0 82.2418613,17.0126521,0 82.2416821,17.0122946,0 82.2414925,17.0119163,0 82.2412215,17.0113754,0 82.241049,17.0110313,0</coordinates></LineString>
</Placemark>
<Placemark><name>highway</name><styleUrl>#highway</styleUrl><description>highway: residential</description>
<LineString><tessellate>1</tessellate><coordinates>82.2454272,17.0105109,0 82.245057,17.0106925,0 82.2446621,17.0108862,0 82.2442691,17.0110789,0 82.2438945,17.0112627,0 82.2435596,17.011427,0 82.2432193,17.0115939,0 82.242858,17.0117539,0 82.2424601,17.01193,0 82.2420997,17.0112099,0 82.2419911,17.0109931,0 82.2418239,17.010659,0 82.241468,17.0099601,0 82.2412884,17.0096075,0 82.2411108,17.0092588,0 82.2406062,17.0082679,0 82.2410818,17.0080069,0 82.2414527,17.0078033,0 82.2416588,17.0076902,0 82.2420004,17.0075027,0 82.2423178,17.0073285,0 82.2425343,17.0072097,0</coordinates></LineString>
</Placemark>
<Placemark><name>highway</name><styleUrl>#highway</styleUrl><description>highway: residential</description>
<LineString><tessellate>1</tessellate><coordinates>82.2446804,17.0119141,0 82.2450795,17.0117092,0 82.2454684,17.0115205,0 82.2459924,17.011302,0</coordinates></LineString>
</Placemark>
<Placemark><name>highway</name><styleUrl>#highway</styleUrl><description>highway: residential</description>
<LineString><tessellate>1</tessellate><coordinates>82.2453835,17.0133864,0 82.2462411,17.0130296,0 82.2470714,17.0127442,0</coordinates></LineString>
</Placemark>
<Placemark><name>highway</name><styleUrl>#highway</styleUrl><description>highway: residential</description>
<LineString><tessellate>1</tessellate><coordinates>82.2456676,17.0103446,0 82.2463729,17.0102144,0 82.2467235,17.0101497,0 82.2475877,17.0099903,0 82.2477942,17.0099522,0 82.2483744,17.0098482,0</coordinates></LineString>
</Placemark>
<Placemark><name>highway</name><styleUrl>#highway</styleUrl><description>highway: residential</description>
<LineString><tessellate>1</tessellate><coordinates>82.2440882,17.0095506,0 82.2442682,17.0094859,0 82.2444548,17.0093925,0 82.2452719,17.0089836,0 82.2456737,17.0087824,0 82.2462977,17.0084701,0 82.2467018,17.0082679,0 82.2471073,17.008065,0 82.2477747,17.007731,0</coordinates></LineString>
</Placemark>
<Placemark><name>highway</name><styleUrl>#highway</styleUrl><description>highway: residential</description>
<LineString><tessellate>1</tessellate><coordinates>82.243899,17.0082528,0 82.2443369,17.0080358,0 82.2447435,17.0078343,0 82.2452719,17.0089836,0 82.2454781,17.0094483,0 82.2456775,17.0098975,0 82.2461504,17.0097927,0 82.2466215,17.0096882,0 82.2476716,17.0094554,0 82.2477942,17.0099522,0</coordinates></LineString>
</Placemark>
<Placemark><name>highway</name><styleUrl>#highway</styleUrl><description>highway: residential</description>
<LineString><tessellate>1</tessellate><coordinates>82.2476716,17.0094554,0 82.2475747,17.0090849,0 82.2475362,17.0089374,0 82.2471073,17.008065,0</coordinates></LineString>
</Placemark>
<Placemark><name>highway</name><styleUrl>#highway</styleUrl><description>highway: residential</description>
<LineString><tessellate>1</tessellate><coordinates>82.2456737,17.0087824,0 82.2454458,17.0083405,0 82.2452476,17.0079463,0 82.2451326,17.0078033,0 82.2450862,17.0077837,0 82.2449836,17.0077763,0 82.2447435,17.0078343,0</coordinates></LineString>
</Placemark>
<Placemark><name>highway</name><styleUrl>#highway</styleUrl><description>highway: residential</description>
<LineString><tessellate>1</tessellate><coordinates>82.2454458,17.0083405,0 82.2459849,17.0081634,0 82.2467555,17.0077347,0 82.2476119,17.0073116,0</coordinates></LineString>
</Placemark>
<Placemark><name>highway</name><styleUrl>#highway</styleUrl><description>highway: residential</description>
<LineString><tessellate>1</tessellate><coordinates>82.2452476,17.0079463,0 82.2456077,17.0078065,0 82.2457934,17.0076856,0 82.2473671,17.0066815,0</coordinates></LineString>
</Placemark>
<Placemark><name>highway</name><styleUrl>#highway</styleUrl><description>highway: residential</description>
<LineString><tessellate>1</tessellate><coordinates>82.2451326,17.0078033,0 82.2454771,17.0075712,0 82.2456106,17.0074941,0 82.2459161,17.0072982,0 82.2461067,17.0071759,0 82.2472507,17.0063909,0</coordinates></LineString>
</Placemark>
<Placemark><name>highway</name><styleUrl>#highway</styleUrl><description>highway: residential</description>
<LineString><tessellate>1</tessellate><coordinates>82.2449836,17.0077763,0 82.2448014,17.0075057,0 82.2453315,17.0071686,0 82.2456448,17.0069701,0 82.2463589,17.0065046,0 82.246429,17.0064622,0 82.2468403,17.0062135,0 82.2471338,17.0061009,0</coordinates></LineString>
</Placemark>
<Placemark><name>highway</name><styleUrl>#highway</styleUrl><description>highway: residential</description>
<LineString><tessellate>1</tessellate><coordinates>82.2438846,17.0123264,0 82.2440534,17.0126525,0 82.2443741,17.013329,0</coordinates></LineString>
</Placemark>
<Placemark><name>highway</name><styleUrl>#highway</styleUrl><description>highway: residential</description>
<LineString><tessellate>1</tessellate><coordinates>82.2462411,17.0130296,0 82.246414,17.0133868,0 82.2467509,17.0140826,0 82.2469287,17.0144496,0</coordinates></LineString>
</Placemark>
<Placemark><name>highway</name><styleUrl>#highway</styleUrl><description>highway: residential</description>
<LineString><tessellate>1</tessellate><coordinates>82.2459958,17.0147371,0 82.2461014,17.015148,0 82.2464413,17.0160696,0 82.247909,17.0156668,0</coordinates></LineString>
</Placemark>
<Placemark><name>highway</name><styleUrl>#highway</styleUrl><description>highway: residential</description>
<LineString><tessellate>1</tessellate><coordinates>82.244189,17.0169322,0 82.2444936,17.016792,0 82.2448806,17.0166523,0 82.2452609,17.0165151,0 82.2456384,17.0163788,0 82.2464413,17.0160696,0</coordinates></LineString>
</Placemark>
<Placemark><name>highway</name><styleUrl>#highway</styleUrl><description>highway: residential</description>
<LineString><tessellate>1</tessellate><coordinates>82.2443244,17.0120668,0 82.2438945,17.0112627,0 82.243692,17.0108613,0 82.2435276,17.0105354,0 82.2432382,17.0099617,0</coordinates></LineString>
</Placemark>
<Placemark><name>highway</name><styleUrl>#highway</styleUrl><description>highway: residential</description>
<LineString><tessellate>1</tessellate><coordinates>82.2435596,17.011427,0 82.2431843,17.0106867,0 82.242903,17.0101317,0</coordinates></LineString>
</Placemark>
<Placemark><name>highway</name><styleUrl>#highway</styleUrl><description>highway: residential</description>
<LineString><tessellate>1</tessellate><coordinates>82.2420997,17.0112099,0 82.2424624,17.0110036,0 82.2428377,17.0108269,0 82.2431843,17.0106867,0 82.2435276,17.0105354,0 82.2439042,17.0103534,0 82.2444901,17.0100702,0</coordinates></LineString>
</Placemark>
<Placemark><name>highway</name><styleUrl>#highway</styleUrl><description>highway: residential</description>
<LineString><tessellate>1</tessellate><coordinates>82.2436023,17.0097769,0 82.2439042,17.0103534,0</coordinates></LineString>
</Placemark>
<Placemark><name>highway</name><styleUrl>#highway</styleUrl><description>highway: residential</description>
<LineString><tessellate>1</tessellate><coordinates>82.2446621,17.0108862,0 82.2450795,17.0117092,0</coordinates></LineString>
</Placemark>
<Placemark><name>highway</name><styleUrl>#highway</styleUrl><description>highway: residential</description>
<LineString><tessellate>1</tessellate><coordinates>82.245057,17.0106925,0 82.2454684,17.0115205,0 82.245635,17.0118848,0 82.2459543,17.0117525,0 82.2462757,17.0116193,0</coordinates></LineString>
</Placemark>
<Placemark><name>highway</name><styleUrl>#highway</styleUrl><description>highway: residential</description>
<LineString><tessellate>1</tessellate><coordinates>82.2442691,17.0110789,0 82.2446804,17.0119141,0</coordinates></LineString>
</Placemark>
<Placemark><name>highway</name><styleUrl>#highway</styleUrl><description>highway: residential</description>
<LineString><tessellate>1</tessellate><coordinates>82.2432854,17.012998,0 82.2440534,17.0126525,0 82.2444633,17.0124639,0 82.2448564,17.0122829,0</coordinates></LineString>
</Placemark>
<Placemark><name>highway</name><styleUrl>#highway</styleUrl><description>highway: residential</description>
<LineString><tessellate>1</tessellate><coordinates>82.2449665,17.0135153,0 82.2444633,17.0124639,0</coordinates></LineString>
</Placemark>
<Placemark><name>highway</name><styleUrl>#highway</styleUrl><description>highway: residential</description>
<LineString><tessellate>1</tessellate><coordinates>82.245189,17.0129797,0 82.2456382,17.0127999,0 82.2460238,17.0126455,0 82.2468149,17.0123288,0</coordinates></LineString>
</Placemark>
<Placemark><name>highway</name><styleUrl>#highway</styleUrl><description>highway: residential</description>
<LineString><tessellate>1</tessellate><coordinates>82.2456382,17.0127999,0 82.2450795,17.0117092,0</coordinates></LineString>
</Placemark>
<Placemark><name>highway</name><styleUrl>#highway</styleUrl><description>highway: residential</description>
<LineString><tessellate>1</tessellate><coordinates>82.245635,17.0118848,0 82.2460238,17.0126455,0 82.2462411,17.0130296,0</coordinates></LineString>
</Placemark>
<Placemark><name>highway</name><styleUrl>#highway</styleUrl><description>highway: residential</description>
<LineString><tessellate>1</tessellate><coordinates>82.2455584,17.0137475,0 82.2460006,17.0135611,0 82.246414,17.0133868,0</coordinates></LineString>
</Placemark>
<Placemark><name>highway</name><styleUrl>#highway</styleUrl><description>highway: residential</description>
<LineString><tessellate>1</tessellate><coordinates>82.2458692,17.0143889,0 82.2463158,17.0142337,0 82.2467509,17.0140826,0 82.2476836,17.0138272,0 82.2484466,17.0137461,0</coordinates></LineString>
</Placemark>
<Placemark><name>highway</name><styleUrl>#highway</styleUrl><description>highway: residential</description>
<LineString><tessellate>1</tessellate><coordinates>82.2460006,17.0135611,0 82.2463158,17.0142337,0</coordinates></LineString>
</Placemark>
<Placemark><name>highway</name><styleUrl>#highway</styleUrl><description>highway: residential</description>
<LineString><tessellate>1</tessellate><coordinates>82.2461014,17.015148,0 82.2476966,17.0145775,0</coordinates></LineString>
</Placemark>
<Placemark><name>highway</name><styleUrl>#highway</styleUrl><description>highway: residential</description>
<LineString><tessellate>1</tessellate><coordinates>82.2477708,17.0148163,0 82.2484964,17.0146739,0</coordinates></LineString>
</Placemark>
<Placemark><name>highway</name><styleUrl>#highway</styleUrl><description>highway: residential</description>
<LineString><tessellate>1</tessellate><coordinates>82.2483852,17.0171234,0 82.2478594,17.0172772,0 82.247567,17.0173593,0 82.247508,17.0173657,0 82.2474495,17.0173371,0 82.2474183,17.0172884,0 82.2472216,17.0165377,0 82.2480373,17.0163244,0</coordinates></LineString>
</Placemark>
<Placemark><name>highway</name><styleUrl>#highway</styleUrl><description>highway: residential</description>
<LineString><tessellate>1</tessellate><coordinates>82.2470507,17.0184502,0 82.2469058,17.0179168,0 82.2468429,17.0177674,0</coordinates></LineString>
</Placemark>
<Placemark><name>highway</name><styleUrl>#highway</styleUrl><description>highway: residential</description>
<LineString><tessellate>1</tessellate><coordinates>82.2467744,17.0185203,0 82.2466255,17.0179822,0 82.2466079,17.0179179,0</coordinates></LineString>
</Placemark>
<Placemark><name>highway</name><styleUrl>#highway</styleUrl><description>highway: residential</description>
<LineString><tessellate>1</tessellate><coordinates>82.2473458,17.0183667,0 82.2472031,17.0178431,0 82.247131,17.0175786,0</coordinates></LineString>
</Placemark>
<Placemark><name>highway</name><styleUrl>#highway</styleUrl><description>highway: residential</description>
<LineString><tessellate>1</tessellate><coordinates>82.2466255,17.0179822,0 82.2469058,17.0179168,0 82.2472031,17.0178431,0</coordinates></LineString>
</Placemark>
<Placemark><name>highway</name><styleUrl>#highway</styleUrl><description>highway: residential</description>
<LineString><tessellate>1</tessellate><coordinates>82.247729,17.0107295,0 82.2476688,17.0104144,0 82.2475877,17.0099903,0</coordinates></LineString>
</Placemark>
<Placemark><name>highway</name><styleUrl>#highway</styleUrl><description>highway: residential</description>
<LineString><tessellate>1</tessellate><coordinates>82.2459871,17.0107206,0 82.2464498,17.0106363,0 82.2472254,17.0104951,0 82.2476688,17.0104144,0</coordinates></LineString>
</Placemark>
<Placemark><name>highway</name><styleUrl>#highway</styleUrl><description>highway: residential</description>
<LineString><tessellate>1</tessellate><coordinates>82.2462273,17.0111357,0 82.2463208,17.0111151,0 82.2472944,17.0108336,0 82.2472254,17.0104951,0</coordinates></LineString>
</Placemark>
<Placemark><name>highway</name><styleUrl>#highway</styleUrl><description>highway: residential</description>
<LineString><tessellate>1</tessellate><coordinates>82.2464498,17.0106363,0 82.2463729,17.0102144,0</coordinates></LineString>
</Placemark>
<Placemark><name>highway</name><styleUrl>#highway</styleUrl><description>highway: residential</description>
<LineString><tessellate>1</tessellate><coordinates>82.2467235,17.0101497,0 82.2466215,17.0096882,0 82.2465502,17.0092473,0 82.2466781,17.009227,0 82.2471618,17.0091503,0 82.2475747,17.0090849,0</coordinates></LineString>
</Placemark>
<Placemark><name>highway</name><styleUrl>#highway</styleUrl><description>highway: residential</description>
<LineString><tessellate>1</tessellate><coordinates>82.2466781,17.009227,0 82.2462977,17.0084701,0</coordinates></LineString>
</Placemark>
<Placemark><name>highway</name><styleUrl>#highway</styleUrl><description>highway: residential</description>
<LineString><tessellate>1</tessellate><coordinates>82.2471618,17.0091503,0 82.2467018,17.0082679,0</coordinates></LineString>
</Placemark>
<Placemark><name>highway</name><styleUrl>#highway</styleUrl><description>highway: residential</description>
<LineString><tessellate>1</tessellate><coordinates>82.2461504,17.0097927,0 82.2458952,17.0092518,0 82.2456737,17.0087824,0</coordinates></LineString>
</Placemark>
<Placemark><name>highway</name><styleUrl>#highway</styleUrl><description>highway: residential</description>
<LineString><tessellate>1</tessellate><coordinates>82.2458952,17.0092518,0 82.2463376,17.0090411,0</coordinates></LineString>
</Placemark>
<Placemark><name>highway</name><styleUrl>#highway</styleUrl><description>highway: residential</description>
<LineString><tessellate>1</tessellate><coordinates>82.2444548,17.0093925,0 82.2446059,17.0096718,0 82.2448092,17.0097514,0 82.2454781,17.0094483,0</coordinates></LineString>
</Placemark>
<Placemark><name>highway</name><styleUrl>#highway</styleUrl><description>highway: residential</description>
<LineString><tessellate>1</tessellate><coordinates>82.2443369,17.0080358,0 82.2445547,17.0085113,0</coordinates></LineString>
</Placemark>
<Placemark><name>highway</name><styleUrl>#highway</styleUrl><description>highway: residential</description>
<LineString><tessellate>1</tessellate><coordinates>82.2411108,17.0092588,0 82.2421797,17.0087056,0 82.2428661,17.0083504,0 82.2432574,17.0081479,0</coordinates></LineString>
</Placemark>
<Placemark><name>highway</name><styleUrl>#highway</styleUrl><description>highway: residential</description>
<LineString><tessellate>1</tessellate><coordinates>82.2425295,17.0094089,0 82.2428972,17.0092318,0 82.2430774,17.0091451,0 82.2435442,17.0089203,0</coordinates></LineString>
</Placemark>
<Placemark><name>highway</name><styleUrl>#highway</styleUrl><description>highway: residential</description>
<LineString><tessellate>1</tessellate><coordinates>82.2427325,17.0098017,0 82.2432522,17.0095358,0 82.2436738,17.0093202,0</coordinates></LineString>
</Placemark>
<Placemark><name>highway</name><styleUrl>#highway</styleUrl><description>highway: residential</description>
<LineString><tessellate>1</tessellate><coordinates>82.2434384,17.0098601,0 82.2432522,17.0095358,0 82.2430774,17.0091451,0</coordinates></LineString>
</Placemark>
<Placemark><name>highway</name><styleUrl>#highway</styleUrl><description>highway: residential</description>
<LineString><tessellate>1</tessellate><coordinates>82.2417387,17.0047715,0 82.242316,17.0044488,0 82.242188,17.0042039,0 82.2425677,17.004007,0 82.2430376,17.0037976,0 82.2435174,17.0035293,0</coordinates></LineString>
</Placemark>
<Placemark><name>highway</name><styleUrl>#highway</styleUrl><description>highway: residential</description>
<LineString><tessellate>1</tessellate><coordinates>82.2492676,17.0088644,0 82.2497054,17.0099602,0</coordinates></LineString>
</Placemark>
<Placemark><name>highway</name><styleUrl>#highway</styleUrl><description>highway: residential</description>
<LineString><tessellate>1</tessellate><coordinates>82.2420616,16.9972751,0 82.2429173,16.9972242,0 82.2436353,16.9971814,0</coordinates></LineString>
</Placemark>
<Placemark><name>highway</name><styleUrl>#highway</styleUrl><description>highway: residential</description>
<LineString><tessellate>1</tessellate><coordinates>82.2448806,17.0166523,0 82.2446184,17.0160016,0</coordinates></LineString>
</Placemark>
<Placemark><name>highway</name><styleUrl>#highway</styleUrl><description>highway: residential</description>
<LineString><tessellate>1</tessellate><coordinates>82.2446184,17.0160016,0 82.24499,17.0158516,0 82.2453784,17.0156947,0</coordinates></LineString>
</Placemark>
<Placemark><name>highway</name><styleUrl>#highway</styleUrl><description>highway: residential</description>
<LineString><tessellate>1</tessellate><coordinates>82.2452609,17.0165151,0 82.24499,17.0158516,0</coordinates></LineString>
</Placemark>
<Placemark><name>highway</name><styleUrl>#highway</styleUrl><description>highway: residential</description>
<LineString><tessellate>1</tessellate><coordinates>82.2456384,17.0163788,0 82.2453784,17.0156947,0 82.2451165,17.0150167,0 82.2459958,17.0147371,0</coordinates></LineString>
</Placemark>
<Placemark><name>highway</name><styleUrl>#highway</styleUrl><description>highway: residential</description>
<LineString><tessellate>1</tessellate><coordinates>82.2451165,17.0150167,0 82.2449225,17.0145515,0 82.2445667,17.013698,0</coordinates></LineString>
</Placemark>
<Placemark><name>highway</name><styleUrl>#highway</styleUrl><description>highway: residential</description>
<LineString><tessellate>1</tessellate><coordinates>82.2438501,17.0149572,0 82.2441605,17.0148398,0 82.2445525,17.0146915,0 82.2449225,17.0145515,0</coordinates></LineString>
</Placemark>
<Placemark><name>highway</name><styleUrl>#highway</styleUrl><description>highway: residential</description>
<LineString><tessellate>1</tessellate><coordinates>82.2441605,17.0148398,0 82.2439389,17.0142784,0</coordinates></LineString>
</Placemark>
<Placemark><name>highway</name><styleUrl>#highway</styleUrl><description>highway: residential</description>
<LineString><tessellate>1</tessellate><coordinates>82.2445525,17.0146915,0 82.2443218,17.0141846,0</coordinates></LineString>
</Placemark>
<Placemark><name>highway</name><styleUrl>#highway</styleUrl><description>highway: residential</description>
<LineString><tessellate>1</tessellate><coordinates>82.2410331,17.0130786,0 82.2407069,17.0133146,0 82.2410078,17.0137578,0 82.2392922,17.0149862,0 82.2396216,17.0154416,0 82.2401435,17.0161631,0 82.2404065,17.0165266,0 82.2409346,17.0172565,0 82.2412973,17.0170836,0 82.2420247,17.0167369,0 82.2423931,17.0165613,0 82.2428268,17.0163546,0 82.2440895,17.0157526,0</coordinates></LineString>
</Placemark>
<Placemark><name>highway</name><styleUrl>#highway</styleUrl><description>highway: residential</description>
<LineString><tessellate>1</tessellate><coordinates>82.2410329,17.0144919,0 82.2413016,17.0149006,0 82.241517,17.0152284,0 82.2417778,17.0156251,0 82.2423931,17.0165613,0 82.2427747,17.0171077,0 82.2429647,17.0173798,0 82.2434189,17.0172797,0 82.244189,17.0169322,0</coordinates></LineString>
</Placemark>
<Placemark><name>highway</name><styleUrl>#highway</styleUrl><description>highway: residential</description>
<LineString><tessellate>1</tessellate><coordinates>82.2434189,17.0172797,0 82.2431718,17.0168937,0 82.2428268,17.0163546,0 82.2424685,17.0158249,0</coordinates></LineString>
</Placemark>
<Placemark><name>highway</name><styleUrl>#highway</styleUrl><description>highway: residential</description>
<LineString><tessellate>1</tessellate><coordinates>82.2451058,16.9980272,0 82.2449921,16.9978634,0 82.2449489,16.9977643,0 82.2449318,16.9976608,0 82.2449171,16.9974327,0</coordinates></LineString>
</Placemark>
<Placemark><name>highway</name><styleUrl>#highway</styleUrl><description>highway: residential</description>
<LineString><tessellate>1</tessellate><coordinates>82.2459711,16.9976784,0 82.2461571,16.9980423,0 82.2463444,16.9984002,0</coordinates></LineString>
</Placemark>
<Placemark><name>highway</name><styleUrl>#highway</styleUrl><description>highway: residential</description>
<LineString><tessellate>1</tessellate><coordinates>82.2444234,16.9951594,0 82.2443673,16.9948176,0</coordinates></LineString>
</Placemark>
<Placemark><name>highway</name><styleUrl>#highway</styleUrl><description>highway: residential</description>
<LineString><tessellate>1</tessellate><coordinates>82.2432422,16.9940438,0 82.2435463,16.9947584,0 82.2435464,16.9948271,0</coordinates></LineString>
</Placemark>
<Placemark><name>highway</name><styleUrl>#highway</styleUrl><description>highway: residential</description>
<LineString><tessellate>1</tessellate><coordinates>82.2548628,16.9873347,0 82.2548216,16.9869396,0 82.2547245,16.9860106,0</coordinates></LineString>
</Placemark>
<Placemark><name>highway</name><styleUrl>#highway</styleUrl><description>highway: residential</description>
<LineString><tessellate>1</tessellate><coordinates>82.2539286,16.9870601,0 82.2543518,16.987003,0 82.2548216,16.9869396,0</coordinates></LineString>
</Placemark>
<Placemark><name>highway</name><styleUrl>#highway</styleUrl><description>highway: residential</description>
<LineString><tessellate>1</tessellate><coordinates>82.2543518,16.987003,0 82.2541636,16.9860925,0</coordinates></LineString>
</Placemark>
<Placemark><name>highway</name><styleUrl>#highway</styleUrl><description>highway: residential</description>
<LineString><tessellate>1</tessellate><coordinates>82.2577203,16.9847719,0 82.2578255,16.9857686,0 82.2579039,16.9869952,0 82.2580026,16.9880578,0 82.2574771,16.9880788,0</coordinates></LineString>
</Placemark>
<Placemark><name>highway</name><styleUrl>#highway</styleUrl><description>highway: residential</description>
<LineString><tessellate>1</tessellate><coordinates>82.2580026,16.9880578,0 82.2588957,16.9880244,0</coordinates></LineString>
</Placemark>
<Placemark><name>highway</name><styleUrl>#highway</styleUrl><description>highway: residential</description>
<LineString><tessellate>1</tessellate><coordinates>82.2574771,16.9880788,0 82.2574451,16.9873066,0 82.2574232,16.9870267,0</coordinates></LineString>
</Placemark>
<Placemark><name>highway</name><styleUrl>#highway</styleUrl><description>highway: residential</description>
<LineString><tessellate>1</tessellate><coordinates>82.251624,16.9889224,0 82.2515351,16.9883971,0 82.2525311,16.9882766,0 82.254171,16.9881147,0 82.2543036,16.9881016,0 82.2548403,16.98802,0 82.2555824,16.9878949,0</coordinates></LineString>
</Placemark>
<Placemark><name>highway</name><styleUrl>#highway</styleUrl><description>highway: residential</description>
<LineString><tessellate>1</tessellate><coordinates>82.2523156,16.9876455,0 82.2523837,16.9879869,0</coordinates></LineString>
</Placemark>
<Placemark><name>highway</name><styleUrl>#highway</styleUrl><description>highway: residential</description>
<LineString><tessellate>1</tessellate><coordinates>82.2527738,16.9875895,0 82.2528459,16.9879132,0</coordinates></LineString>
</Placemark>
<Placemark><name>highway</name><styleUrl>#highway</styleUrl><description>highway: residential</description>
<LineString><tessellate>1</tessellate><coordinates>82.2540037,16.9874395,0 82.2540783,16.9877747,0</coordinates></LineString>
</Placemark>
<Placemark><name>highway</name><styleUrl>#highway</styleUrl><description>highway: residential</description>
<LineString><tessellate>1</tessellate><coordinates>82.2519589,16.9841148,0 82.2520369,16.9846409,0</coordinates></LineString>
</Placemark>
<Placemark><name>highway</name><styleUrl>#highway</styleUrl><description>highway: residential</description>
<LineString><tessellate>1</tessellate><coordinates>82.2535011,16.9849097,0 82.2539128,16.9848381,0 82.2543337,16.9847764,0 82.2552852,16.9846362,0</coordinates></LineString>
</Placemark>
<Placemark><name>highway</name><styleUrl>#highway</styleUrl><description>highway: residential</description>
<LineString><tessellate>1</tessellate><coordinates>82.2537976,16.9837897,0 82.2539128,16.9848381,0</coordinates></LineString>
</Placemark>
<Placemark><name>highway</name><styleUrl>#highway</styleUrl><description>highway: residential</description>
<LineString><tessellate>1</tessellate><coordinates>82.2560371,16.9871174,0 82.2559149,16.9858828,0 82.2558471,16.985046,0</coordinates></LineString>
</Placemark>
<Placemark><name>highway</name><styleUrl>#highway</styleUrl><description>highway: residential</description>
<LineString><tessellate>1</tessellate><coordinates>82.2529174,16.9844625,0 82.2534271,16.9843709,0</coordinates></LineString>
</Placemark>
<Placemark><name>highway</name><styleUrl>#highway</styleUrl><description>highway: residential</description>
<LineString><tessellate>1</tessellate><coordinates>82.2478918,16.9820314,0 82.2477255,16.9815197,0</coordinates></LineString>
</Placemark>
<Placemark><name>highway</name><styleUrl>#highway</styleUrl><description>highway: residential</description>
<LineString><tessellate>1</tessellate><coordinates>82.2520333,16.9913739,0 82.2527252,16.9911704,0</coordinates></LineString>
</Placemark>
<Placemark><name>highway</name><styleUrl>#highway</styleUrl><description>highway: residential</description>
<LineString><tessellate>1</tessellate><coordinates>82.2553388,16.9927933,0 82.2553884,16.9931043,0 82.2559683,16.9930408,0</coordinates></LineString>
</Placemark>
<Placemark><name>highway</name><styleUrl>#highway</styleUrl><description>highway: residential</description>
<LineString><tessellate>1</tessellate><coordinates>82.2420744,16.9850567,0 82.2428688,16.9847059,0 82.2437428,16.9843724,0</coordinates></LineString>
</Placemark>
<Placemark><name>highway</name><styleUrl>#highway</styleUrl><description>highway: residential</description>
<LineString><tessellate>1</tessellate><coordinates>82.2428688,16.9847059,0 82.2431562,16.9854817,0</coordinates></LineString>
</Placemark>
<Placemark><name>highway</name><styleUrl>#highway</styleUrl><description>highway: residential</description>
<LineString><tessellate>1</tessellate><coordinates>82.2461872,16.9860901,0 82.2459668,16.9855261,0</coordinates></LineString>
</Placemark>
<Placemark><name>highway</name><styleUrl>#highway</styleUrl><description>highway: residential</description>
<LineString><tessellate>1</tessellate><coordinates>82.2483301,16.985858,0 82.2481874,16.9853846,0</coordinates></LineString>
</Placemark>
<Placemark><name>highway</name><styleUrl>#highway</styleUrl><description>highway: residential</description>
<LineString><tessellate>1</tessellate><coordinates>82.2448534,16.987239,0 82.2462856,16.9866927,0 82.2462979,16.9866755,0 82.2462979,16.9866492,0 82.2462789,16.9866025,0</coordinates></LineString>
</Placemark>
<Placemark><name>highway</name><styleUrl>#highway</styleUrl><description>highway: residential</description>
<LineString><tessellate>1</tessellate><coordinates>82.2447832,16.9870376,0 82.2462208,16.986454,0</coordinates></LineString>
</Placemark>
<Placemark><name>highway</name><styleUrl>#highway</styleUrl><description>highway: residential</description>
<LineString><tessellate>1</tessellate><coordinates>82.2490919,16.9873484,0 82.24925,16.9878192,0</coordinates></LineString>
</Placemark>
<Placemark><name>highway</name><styleUrl>#highway</styleUrl><description>highway: residential</description>
<LineString><tessellate>1</tessellate><coordinates>82.2459543,17.0117525,0 82.2462912,17.0123516,0 82.2465835,17.0120328,0</coordinates></LineString>
</Placemark>
<Placemark><name>highway</name><styleUrl>#highway</styleUrl><description>highway: residential</description>
<LineString><tessellate>1</tessellate><coordinates>82.241517,17.0152284,0 82.2422331,17.0147066,0 82.2423102,17.0146504,0 82.2431435,17.0142987,0 82.2445667,17.013698,0</coordinates></LineString>
</Placemark>
<Placemark><name>highway</name><styleUrl>#highway</styleUrl><description>highway: residential</description>
<LineString><tessellate>1</tessellate><coordinates>82.2527464,17.0187583,0 82.2530832,17.0185743,0</coordinates></LineString>
</Placemark>
<Placemark><name>highway</name><styleUrl>#highway</styleUrl><description>highway: residential</description>
<LineString><tessellate>1</tessellate><coordinates>82.2676313,17.0059675,0 82.2675497,17.0053937,0 82.2674567,17.0047124,0</coordinates></LineString>
</Placemark>
<Placemark><name>highway</name><styleUrl>#highway</styleUrl><description>highway: residential</description>
<LineString><tessellate>1</tessellate><coordinates>82.2655606,17.0061137,0 82.2654207,17.0053486,0</coordinates></LineString>
</Placemark>
<Placemark><name>highway</name><styleUrl>#highway</styleUrl><description>highway: residential</description>
<LineString><tessellate>1</tessellate><coordinates>82.264975,17.0054077,0 82.2649427,17.0051354,0 82.2648844,17.0048628,0</coordinates></LineString>
</Placemark>
<Placemark><name>highway</name><styleUrl>#highway</styleUrl><description>highway: residential</description>
<LineString><tessellate>1</tessellate><coordinates>82.2550256,17.0083248,0 82.2548821,17.0079924,0</coordinates></LineString>
</Placemark>
<Placemark><name>highway</name><styleUrl>#highway</styleUrl><description>highway: residential</description>
<LineString><tessellate>1</tessellate><coordinates>82.2521982,17.0156192,0 82.2523543,17.0159827,0</coordinates></LineString>
</Placemark>
<Placemark><name>highway</name><styleUrl>#highway</styleUrl><description>highway: residential</description>
<LineString><tessellate>1</tessellate><coordinates>82.2541085,17.0183727,0 82.255019,17.0178421,0</coordinates></LineString>
</Placemark>
<Placemark><name>highway</name><styleUrl>#highway</styleUrl><description>highway: residential</description>
<LineString><tessellate>1</tessellate><coordinates>82.2439024,17.0190297,0 82.2443378,17.018985,0 82.2450365,17.0188668,0</coordinates></LineString>
</Placemark>
<Placemark><name>highway</name><styleUrl>#highway</styleUrl><description>highway: residential</description>
<LineString><tessellate>1</tessellate><coordinates>82.2460456,17.0191195,0 82.2459415,17.0188242,0</coordinates></LineString>
</Placemark>
<Placemark><name>highway</name><styleUrl>#highway</styleUrl><description>highway: residential</description>
<LineString><tessellate>1</tessellate><coordinates>82.252896,16.9839486,0 82.2527973,16.9834149,0 82.2527328,16.9830656,0 82.2526572,16.982651,0</coordinates></LineString>
</Placemark>
<Placemark><name>highway</name><styleUrl>#highway</styleUrl><description>highway: trunk
lanes: 2
ref: NH216
ref:old: NH214</description>
<LineString><tessellate>1</tessellate><coordinates>82.2503632,17.041646,0 82.2503757,17.0414208,0 82.250567,17.0389555,0 82.2506623,17.0367738,0 82.2506784,17.0362107,0 82.2506869,17.0359109,0 82.2506708,17.0352951,0 82.2506536,17.0350611,0 82.2506297,17.0347347,0 82.2506154,17.0345851,0 82.2506095,17.034456,0 82.2505113,17.0330877,0 82.2504472,17.0327965,0 82.2502991,17.0324764,0 82.2502742,17.0324226,0 82.2497892,17.0319049,0 82.2496189,17.0317253,0 82.2495788,17.0316712,0 82.2494942,17.031557,0 82.2494478,17.031392,0 82.2493882,17.0310322,0 82.2493417,17.0306457,0 82.249322,17.0303649,0 82.2492958,17.0301894,0 82.2491502,17.029215,0 82.249138,17.0291331,0 82.2490182,17.0284099,0 82.2489473,17.0279817,0 82.248844,17.0272771,0 82.2488085,17.0270351,0 82.2488068,17.0267312,0 82.2488341,17.0262536,0 82.2488422,17.0261127,0 82.248839,17.0257496,0 82.2488479,17.0244828,0 82.2488487,17.024401,0 82.2487874,17.0235415,0</coordinates></LineString>
</Placemark>
<Placemark><name>Track,sports stadium</name><styleUrl>#highway</styleUrl><description>bicycle: yes
highway: footway
horse: no
leisure: track
name: Track,sports stadium
park: square
sport: running
surface: paved</description>
<Polygon><outerBoundaryIs><LinearRing><coordinates>82.2463291,16.9852801,0 82.2459053,16.9844182,0 82.2456317,16.9838333,0 82.245908,16.9836384,0 82.2461413,16.983446,0 82.24649,16.9832741,0 82.2472276,16.9829406,0 82.2482012,16.9825994,0 82.2485338,16.9824917,0 82.2492285,16.9841181,0 82.2482039,16.9844439,0 82.2477399,16.9846157,0 82.246887,16.9850056,0 82.2463291,16.9852801,0</coordinates></LinearRing></outerBoundaryIs></Polygon>
</Placemark>
<Placemark><name>Jntu park walking trail</name><styleUrl>#highway</styleUrl><description>bicycle: yes
highway: footway
horse: no
leisure: playground
motor_vehicle: yes
name: Jntu park walking trail
surface: paved</description>
<Polygon><outerBoundaryIs><LinearRing><coordinates>82.2450201,16.9853217,0 82.2452615,16.9853781,0 82.2455995,16.9852242,0 82.2456639,16.9849779,0 82.2452776,16.9840442,0 82.2450899,16.9839108,0 82.2446714,16.9840339,0 82.2445856,16.9843263,0 82.2450201,16.9853217,0</coordinates></LinearRing></outerBoundaryIs></Polygon>
</Placemark>
<Placemark><name>highway</name><styleUrl>#highway</styleUrl><description>highway: path</description>
<LineString><tessellate>1</tessellate><coordinates>82.2450665,16.9833513,0 82.2453259,16.9838236,0 82.2452991,16.9839262,0 82.2450899,16.9839108,0</coordinates></LineString>
</Placemark>
<Placemark><name>highway</name><styleUrl>#highway</styleUrl><description>highway: residential</description>
<LineString><tessellate>1</tessellate><coordinates>82.248345,16.9876241,0 82.2481938,16.9872071,0</coordinates></LineString>
</Placemark>
<Placemark><name>highway</name><styleUrl>#highway</styleUrl><description>highway: residential</description>
<LineString><tessellate>1</tessellate><coordinates>82.248345,16.9876241,0 82.2483551,16.9876485,0 82.2485297,16.9880691,0 82.2490381,16.9879138,0</coordinates></LineString>
</Placemark>
<Placemark><name>highway</name><styleUrl>#highway</styleUrl><description>highway: residential</description>
<LineString><tessellate>1</tessellate><coordinates>82.2490381,16.9879138,0 82.24925,16.9878192,0</coordinates></LineString>
</Placemark>
<Placemark><name>highway</name><styleUrl>#highway</styleUrl><description>highway: residential
lanes: 1
surface: asphalt</description>
<LineString><tessellate>1</tessellate><coordinates>82.2459668,16.9855261,0 82.2463541,16.9853497,0 82.2471203,16.9850008,0</coordinates></LineString>
</Placemark>
<Placemark><name>highway</name><styleUrl>#highway</styleUrl><description>highway: path</description>
<LineString><tessellate>1</tessellate><coordinates>82.2463541,16.9853497,0 82.2463291,16.9852801,0</coordinates></LineString>
</Placemark>
<Placemark><name>highway</name><styleUrl>#highway</styleUrl><description>highway: service</description>
<LineString><tessellate>1</tessellate><coordinates>82.2902968,17.0206556,0 82.2909054,17.0204571,0 82.2914357,17.0202593,0</coordinates></LineString>
</Placemark>
<Placemark><name>Beach road</name><styleUrl>#highway</styleUrl><description>highway: service
name: Beach road
oneway: yes</description>
<LineString><tessellate>1</tessellate><coordinates>82.2864964,17.0154696,0 82.2860599,17.0156381,0 82.285953,17.0156669,0 82.2857659,17.0157161,0 82.2856616,17.0157307,0</coordinates></LineString>
</Placemark>
<Placemark><name>Beach road</name><styleUrl>#highway</styleUrl><description>highway: service
name: Beach road
oneway: yes</description>
<LineString><tessellate>1</tessellate><coordinates>82.2858291,17.0159595,0 82.2859027,17.0158367,0 82.2859558,17.015786,0 82.2860484,17.0157226,0 82.2865334,17.0155361,0</coordinates></LineString>
</Placemark>
<Placemark><name>Beach road</name><styleUrl>#highway</styleUrl><description>highway: service
name: Beach road</description>
<LineString><tessellate>1</tessellate><coordinates>82.2866976,17.0153954,0 82.2868772,17.0153141,0 82.2873294,17.0151446,0 82.2879045,17.0149031,0 82.2890362,17.0144594,0 82.2893617,17.0143318,0</coordinates></LineString>
</Placemark>
<Placemark><name>highway</name><styleUrl>#highway</styleUrl><description>highway: service</description>
<LineString><tessellate>1</tessellate><coordinates>82.28918,17.0147766,0 82.2890362,17.0144594,0</coordinates></LineString>
</Placemark>
<Placemark><name>highway</name><styleUrl>#highway</styleUrl><description>highway: service</description>
<LineString><tessellate>1</tessellate><coordinates>82.2896774,17.0160648,0 82.2900907,17.0169486,0 82.2908239,17.0185726,0 82.2908418,17.0186224,0 82.2908431,17.0186673,0 82.2908244,17.0187263,0 82.2907724,17.0187838,0 82.290363,17.018984,0 82.290312,17.0190251,0 82.2902812,17.0190789,0 82.2902638,17.0191302,0 82.2902736,17.019184,0 82.2906282,17.0199377,0 82.2909054,17.0204571,0</coordinates></LineString>
</Placemark>
<Placemark><name>highway</name><styleUrl>#highway</styleUrl><description>highway: service</description>
<LineString><tessellate>1</tessellate><coordinates>82.2866587,17.01555,0 82.2868521,17.0159711,0 82.2872233,17.0166448,0</coordinates></LineString>
</Placemark>
<Placemark><name>highway</name><styleUrl>#highway</styleUrl><description>highway: service</description>
<LineString><tessellate>1</tessellate><coordinates>82.2861725,17.0128425,0 82.2861299,17.0131702,0 82.2860661,17.0134313,0 82.28605,17.0136057,0 82.2860661,17.0138211,0 82.2861144,17.0139878,0 82.2861851,17.0141089,0</coordinates></LineString>
</Placemark>
<Placemark><name>highway</name><styleUrl>#highway</styleUrl><description>highway: service</description>
<LineString><tessellate>1</tessellate><coordinates>82.2896774,17.0160648,0 82.2893079,17.0150804,0 82.28918,17.0147766,0</coordinates></LineString>
</Placemark>
<Placemark><name>highway</name><styleUrl>#highway</styleUrl><description>highway: path</description>
<LineString><tessellate>1</tessellate><coordinates>82.2865146,17.0139701,0 82.2864475,17.0139188,0 82.2863161,17.0139598,0 82.2862458,17.0140157,0</coordinates></LineString>
</Placemark>
<Placemark><name>highway</name><styleUrl>#highway</styleUrl><description>footway: sidewalk
highway: footway</description>
<LineString><tessellate>1</tessellate><coordinates>82.2865146,17.0139701,0 82.2865816,17.0139932,0 82.2866192,17.0140009,0 82.2866996,17.0139598,0 82.2867372,17.0138521,0 82.2867265,17.0137239,0 82.2865789,17.0134725,0 82.286536,17.0134366,0 82.2865172,17.0134161,0 82.2864019,17.013434,0 82.2863563,17.013511,0 82.2863241,17.0135572,0 82.286359,17.0136495,0 82.2863939,17.0137803,0 82.2864555,17.0138855,0 82.2864475,17.0139188,0</coordinates></LineString>
</Placemark>
<Placemark><name>highway</name><styleUrl>#highway</styleUrl><description>highway: path</description>
<LineString><tessellate>1</tessellate><coordinates>82.2862458,17.0140157,0 82.2862758,17.0140599,0 82.2863346,17.0140914,0</coordinates></LineString>
</Placemark>
<Placemark><name>highway</name><styleUrl>#highway</styleUrl><description>highway: path</description>
<LineString><tessellate>1</tessellate><coordinates>82.2861299,17.0131702,0 82.2864583,17.0129878,0 82.2865977,17.0129262,0 82.2866634,17.0128954,0 82.2867318,17.0128672,0 82.286959,17.0127861,0</coordinates></LineString>
</Placemark>
<Placemark><name>highway</name><styleUrl>#highway</styleUrl><description>bicycle: no
bridge: yes
highway: path
horse: no
layer: 1</description>
<LineString><tessellate>1</tessellate><coordinates>82.286959,17.0127861,0 82.2874224,17.0126875,0</coordinates></LineString>
</Placemark>
<Placemark><name>highway</name><styleUrl>#highway</styleUrl><description>highway: footway</description>
<LineString><tessellate>1</tessellate><coordinates>82.2450006,16.994127,0 82.245487,16.9950265,0</coordinates></LineString>
</Placemark>
<Placemark><name>highway</name><styleUrl>#highway</styleUrl><description>highway: residential</description>
<LineString><tessellate>1</tessellate><coordinates>82.2630259,17.0147311,0 82.2620042,17.0153222,0 82.2616466,17.0155334,0</coordinates></LineString>
</Placemark>
<Placemark><name>highway</name><styleUrl>#highway</styleUrl><description>highway: residential</description>
<LineString><tessellate>1</tessellate><coordinates>82.2612379,17.0122023,0 82.2613311,17.012204,0 82.2614114,17.0122152,0 82.2618628,17.0123008,0 82.2621971,17.0122284,0 82.2628,17.0118732,0 82.2640856,17.0112491,0</coordinates></LineString>
</Placemark>
<Placemark><name>highway</name><styleUrl>#highway</styleUrl><description>highway: residential</description>
<LineString><tessellate>1</tessellate><coordinates>82.2478956,16.9859997,0 82.2479325,16.9859877,0 82.2483301,16.985858,0 82.248437,16.9862655,0 82.2485262,16.9866182,0 82.2486386,16.9870735,0</coordinates></LineString>
</Placemark>
<Placemark><name>highway</name><styleUrl>#highway</styleUrl><description>highway: residential</description>
<LineString><tessellate>1</tessellate><coordinates>82.2479325,16.9859877,0 82.2480637,16.9863768,0</coordinates></LineString>
</Placemark>
<Placemark><name>highway</name><styleUrl>#highway</styleUrl><description>access: yes
highway: footway
leisure: park
operator:type: public
surface: grass</description>
<Polygon><outerBoundaryIs><LinearRing><coordinates>82.2406446,16.9882161,0 82.2406822,16.9885378,0 82.2409826,16.989451,0 82.241162,16.9898748,0 82.2414386,16.9905284,0 82.2417712,16.99138,0 82.2419536,16.9917237,0 82.242366,16.9922925,0 82.2429711,16.9930493,0 82.2438428,16.9938529,0 82.2444505,16.9942322,0 82.2446018,16.994254,0 82.2450067,16.994004,0 82.2440452,16.9921709,0 82.2432054,16.990984,0 82.2417064,16.9887887,0 82.2411144,16.9879905,0 82.2408923,16.9880172,0 82.2406906,16.9880929,0 82.2406446,16.9882161,0</coordinates></LinearRing></outerBoundaryIs></Polygon>
</Placemark>
<Placemark><name>highway</name><styleUrl>#highway</styleUrl><description>highway: residential
source: maxar</description>
<LineString><tessellate>1</tessellate><coordinates>82.2883232,17.0263127,0 82.2882193,17.0258824,0 82.288228,17.0258337,0 82.2882434,17.0257997,0 82.2882789,17.0257593,0 82.2883353,17.0257305,0 82.2890058,17.025583,0 82.2897421,17.0254484,0 82.2898038,17.0254477,0 82.2898413,17.0254593,0 82.2898681,17.0254791,0 82.2898896,17.0255118,0 82.289901,17.0255606,0 82.2899902,17.025901,0 82.2900975,17.0263806,0 82.2902048,17.0269166,0 82.2902343,17.0270192,0 82.2902933,17.0271474,0 82.2903764,17.0273193,0 82.290751,17.0282229,0</coordinates></LineString>
</Placemark>
<Placemark><name>highway</name><styleUrl>#highway</styleUrl><description>highway: unclassified
source: maxar</description>
<LineString><tessellate>1</tessellate><coordinates>82.2940892,17.027788,0 82.2933751,17.0278066,0 82.292608,17.027904,0 82.2913367,17.0281143,0 82.290751,17.0282229,0 82.2895664,17.0284426,0 82.2878444,17.0288837,0 82.2858864,17.0293197,0 82.2847223,17.0295813,0</coordinates></LineString>
</Placemark>
<Placemark><name>Beach road</name><styleUrl>#highway</styleUrl><description>highway: service
name: Beach road</description>
<LineString><tessellate>1</tessellate><coordinates>82.2865794,17.0153532,0 82.2865617,17.0150473,0 82.2865566,17.0149588,0 82.2865421,17.0145756,0 82.2864845,17.0144315,0 82.2863818,17.014283,0 82.2861851,17.0141089,0</coordinates></LineString>
</Placemark>
<Placemark><name>highway</name><styleUrl>#highway</styleUrl><description>highway: service
junction: roundabout
source: maxar</description>
<Polygon><outerBoundaryIs><LinearRing><coordinates>82.2867168,17.0154428,0 82.2867102,17.015418,0 82.2866976,17.0153954,0 82.2866798,17.0153763,0 82.2866577,17.0153619,0 82.2866326,17.0153529,0 82.286606,17.01535,0 82.2865794,17.0153532,0 82.2865544,17.0153624,0 82.2865325,17.0153771,0 82.2865148,17.0153963,0 82.2865025,17.0154191,0 82.2864962,17.015444,0 82.2864964,17.0154696,0 82.2865029,17.0154944,0 82.2865155,17.015517,0 82.2865334,17.0155361,0 82.2865555,17.0155505,0 82.2865806,17.0155594,0 82.2866072,17.0155624,0 82.2866338,17.0155592,0 82.2866587,17.01555,0 82.2866807,17.0155353,0 82.2866983,17.015516,0 82.2867106,17.0154933,0 82.2867169,17.0154684,0 82.2867168,17.0154428,0</coordinates></LinearRing></outerBoundaryIs></Polygon>
</Placemark>
<Placemark><name>highway</name><styleUrl>#highway</styleUrl><description>highway: service
source: maxar</description>
<LineString><tessellate>1</tessellate><coordinates>82.2860686,17.0127805,0 82.2849181,17.0132517,0</coordinates></LineString>
</Placemark>
<Placemark><name>highway</name><styleUrl>#highway</styleUrl><description>highway: service
junction: roundabout
source: maxar</description>
<Polygon><outerBoundaryIs><LinearRing><coordinates>82.286269,17.0127359,0 82.2862615,17.0127056,0 82.2862446,17.0126789,0 82.2862199,17.0126585,0 82.2861898,17.0126465,0 82.2861573,17.0126439,0 82.2861257,17.0126511,0 82.2860979,17.0126672,0 82.2860767,17.0126907,0 82.286064,17.0127193,0 82.2860613,17.0127503,0 82.2860686,17.0127805,0 82.2860854,17.0128073,0 82.28611,17.0128277,0 82.28614,17.0128399,0 82.2861725,17.0128425,0 82.2862043,17.0128355,0 82.2862322,17.0128194,0 82.2862536,17.0127958,0 82.2862662,17.012767,0 82.286269,17.0127359,0</coordinates></LinearRing></outerBoundaryIs></Polygon>
</Placemark>
<Placemark><name>highway</name><styleUrl>#highway</styleUrl><description>highway: service
source: maxar</description>
<LineString><tessellate>1</tessellate><coordinates>82.2852438,17.0103144,0 82.2854894,17.0108459,0 82.2856423,17.0111434,0 82.2858465,17.0114771,0 82.2858998,17.0115641,0 82.2860339,17.0118616,0 82.2861224,17.0121412,0 82.28616,17.0124233,0 82.2861573,17.0126439,0</coordinates></LineString>
</Placemark>
<Placemark><name>highway</name><styleUrl>#highway</styleUrl><description>highway: service
junction: roundabout
source: maxar</description>
<Polygon><outerBoundaryIs><LinearRing><coordinates>82.2853024,17.0102323,0 82.2852948,17.0102064,0 82.2852784,17.0101846,0 82.2852552,17.0101695,0 82.2852279,17.0101628,0 82.2852,17.0101655,0 82.2851747,17.0101772,0 82.2851551,17.0101964,0 82.2851435,17.0102209,0 82.2851414,17.0102476,0 82.285149,17.0102735,0 82.2851654,17.0102953,0 82.2851886,17.0103104,0 82.2852158,17.0103171,0 82.2852438,17.0103144,0 82.2852691,17.0103027,0 82.2852887,17.0102835,0 82.2853003,17.010259,0 82.2853024,17.0102323,0</coordinates></LinearRing></outerBoundaryIs></Polygon>
</Placemark>
<Placemark><name>highway</name><styleUrl>#highway</styleUrl><description>highway: service
source: maxar</description>
<LineString><tessellate>1</tessellate><coordinates>82.2849632,17.009195,0 82.2852,17.0101655,0</coordinates></LineString>
</Placemark>
<Placemark><name>highway</name><styleUrl>#highway</styleUrl><description>highway: service
source: maxar</description>
<LineString><tessellate>1</tessellate><coordinates>82.2850697,17.0090915,0 82.2853189,17.009046,0 82.285582,17.0089979,0</coordinates></LineString>
</Placemark>
<Placemark><name>highway</name><styleUrl>#highway</styleUrl><description>highway: service
junction: roundabout
source: maxar</description>
<Polygon><outerBoundaryIs><LinearRing><coordinates>82.2849617,17.0090178,0 82.2849339,17.0090267,0 82.2849103,17.0090434,0 82.2848932,17.0090662,0 82.2848844,17.009093,0 82.2848846,17.009121,0 82.2848939,17.0091476,0 82.2849113,17.0091702,0 82.2849352,17.0091865,0 82.2849632,17.009195,0 82.2849926,17.0091948,0 82.2850204,17.0091859,0 82.285044,17.0091692,0 82.2850611,17.0091464,0 82.2850699,17.0091196,0 82.2850697,17.0090915,0 82.2850604,17.0090649,0 82.2850429,17.0090423,0 82.285019,17.009026,0 82.2849911,17.0090176,0 82.2849617,17.0090178,0</coordinates></LinearRing></outerBoundaryIs></Polygon>
</Placemark>
<Placemark><name>highway</name><styleUrl>#highway</styleUrl><description>highway: service
source: maxar</description>
<LineString><tessellate>1</tessellate><coordinates>82.2832919,17.0094374,0 82.284495,17.0091976,0 82.2848846,17.009121,0</coordinates></LineString>
</Placemark>
<Placemark><name>highway</name><styleUrl>#highway</styleUrl><description>highway: service
source: maxar</description>
<LineString><tessellate>1</tessellate><coordinates>82.2853189,17.009046,0 82.2854948,17.0095532,0 82.2856262,17.0097994,0 82.2857523,17.0099815,0 82.2858784,17.0102406,0 82.2859521,17.0104477,0 82.2860527,17.0107305,0 82.2860849,17.0108356,0</coordinates></LineString>
</Placemark>
<Placemark><name>highway</name><styleUrl>#highway</styleUrl><description>highway: residential
source: maxar</description>
<LineString><tessellate>1</tessellate><coordinates>82.2840392,17.016372,0 82.2842972,17.016282,0 82.2847733,17.0161461,0 82.2856443,17.0158651,0 82.2857159,17.0158141,0</coordinates></LineString>
</Placemark>
<Placemark><name>highway</name><styleUrl>#highway</styleUrl><description>highway: service
source: maxar</description>
<LineString><tessellate>1</tessellate><coordinates>82.2855163,17.0167219,0 82.2860679,17.0164287,0</coordinates></LineString>
</Placemark>
<Placemark><name>highway</name><styleUrl>#highway</styleUrl><description>highway: residential
source: maxar</description>
<LineString><tessellate>1</tessellate><coordinates>82.2854626,17.0171374,0 82.2862857,17.0167221,0</coordinates></LineString>
</Placemark>
<Placemark><name>highway</name><styleUrl>#highway</styleUrl><description>highway: residential
source: maxar</description>
<LineString><tessellate>1</tessellate><coordinates>82.2821981,17.0168602,0 82.2822186,17.0170845,0 82.2822386,17.0173041,0 82.2822603,17.0175103,0 82.2822826,17.0177228,0 82.2822976,17.0178658,0 82.2823051,17.0179372,0 82.2823593,17.0184506,0 82.2824711,17.0193985,0</coordinates></LineString>
</Placemark>
<Placemark><name>highway</name><styleUrl>#highway</styleUrl><description>highway: residential
source: maxar</description>
<LineString><tessellate>1</tessellate><coordinates>82.2809028,17.0170478,0 82.2815198,17.0169322,0 82.2819436,17.0168835,0 82.2821981,17.0168602,0 82.2827831,17.0168065,0 82.2829772,17.0167877,0 82.2840481,17.0166835,0</coordinates></LineString>
</Placemark>
<Placemark><name>highway</name><styleUrl>#highway</styleUrl><description>highway: residential
source: maxar</description>
<LineString><tessellate>1</tessellate><coordinates>82.2840857,17.0177812,0 82.283807,17.0178453,0 82.2837708,17.0178581,0 82.2837494,17.0178722,0 82.2837225,17.0179004,0 82.2836903,17.0179357,0 82.2836535,17.0179703,0 82.2836079,17.0180165,0 82.2835683,17.0180729,0 82.2835328,17.0181486,0 82.2834966,17.0181979,0 82.2834409,17.0182659,0 82.2834027,17.0183236,0 82.2833571,17.0184147,0 82.2833115,17.0184711,0 82.2832189,17.0185442,0 82.2830822,17.0186314,0 82.2829816,17.0186827,0</coordinates></LineString>
</Placemark>
<Placemark><name>highway</name><styleUrl>#highway</styleUrl><description>highway: residential
source: maxar</description>
<LineString><tessellate>1</tessellate><coordinates>82.2833418,17.0197055,0 82.2832686,17.0192302,0 82.2832766,17.0191353,0 82.2832954,17.0190623,0 82.2833356,17.0189892,0 82.2834751,17.0188481,0 82.2838291,17.0186044,0 82.2840575,17.0184774,0</coordinates></LineString>
</Placemark>
<Placemark><name>highway</name><styleUrl>#highway</styleUrl><description>highway: service
source: maxar</description>
<LineString><tessellate>1</tessellate><coordinates>82.2811818,17.0146085,0 82.2811935,17.0157113,0</coordinates></LineString>
</Placemark>
<Placemark><name>highway</name><styleUrl>#highway</styleUrl><description>highway: residential
source: maxar</description>
<LineString><tessellate>1</tessellate><coordinates>82.2836535,17.0179703,0 82.2835234,17.0180011,0 82.2833973,17.018046,0 82.283235,17.0181152,0 82.2831197,17.0181761,0</coordinates></LineString>
</Placemark>
<Placemark><name>highway</name><styleUrl>#highway</styleUrl><description>highway: residential
source: maxar</description>
<LineString><tessellate>1</tessellate><coordinates>82.2819713,17.0171291,0 82.2814608,17.0171964,0</coordinates></LineString>
</Placemark>
<Placemark><name>highway</name><styleUrl>#highway</styleUrl><description>highway: residential
source: maxar</description>
<LineString><tessellate>1</tessellate><coordinates>82.2830969,17.019874,0 82.283117,17.0200369,0 82.283109,17.0200843,0 82.2830875,17.0201112,0 82.28305,17.0201317,0 82.2826691,17.0201895,0 82.2825385,17.0202216,0 82.2823298,17.0202728,0 82.2820026,17.0203408,0</coordinates></LineString>
</Placemark>
<Placemark><name>highway</name><styleUrl>#highway</styleUrl><description>highway: residential
source: maxar</description>
<LineString><tessellate>1</tessellate><coordinates>82.2820508,17.0201279,0 82.2824956,17.0200259,0 82.2829682,17.0199176,0 82.2830969,17.019874,0 82.2831774,17.0198291,0 82.2833142,17.0197522,0 82.283408,17.0197163,0</coordinates></LineString>
</Placemark>
<Placemark><name>highway</name><styleUrl>#highway</styleUrl><description>highway: residential
source: maxar</description>
<LineString><tessellate>1</tessellate><coordinates>82.2814929,17.0166527,0 82.2818999,17.0166204,0 82.282958,17.0165167,0 82.2835395,17.0164577,0 82.2837916,17.0164295,0 82.2838747,17.0164141,0 82.2840392,17.016372,0</coordinates></LineString>
</Placemark>
<Placemark><name>highway</name><styleUrl>#highway</styleUrl><description>highway: residential
source: maxar</description>
<LineString><tessellate>1</tessellate><coordinates>82.2840069,17.0161211,0 82.2829387,17.0162423,0 82.281855,17.01635,0</coordinates></LineString>
</Placemark>
<Placemark><name>highway</name><styleUrl>#highway</styleUrl><description>highway: residential
source: maxar</description>
<LineString><tessellate>1</tessellate><coordinates>82.2822186,17.0170845,0 82.283001,17.0170129,0 82.2840564,17.0169161,0</coordinates></LineString>
</Placemark>
<Placemark><name>highway</name><styleUrl>#highway</styleUrl><description>highway: residential
source: maxar</description>
<LineString><tessellate>1</tessellate><coordinates>82.2822603,17.0175103,0 82.2830692,17.0174192,0</coordinates></LineString>
</Placemark>
<Placemark><name>highway</name><styleUrl>#highway</styleUrl><description>highway: residential
source: maxar</description>
<LineString><tessellate>1</tessellate><coordinates>82.2822826,17.0177228,0 82.2830285,17.0176375,0 82.2830513,17.0176298,0 82.2830701,17.0176189,0 82.2830815,17.0175959,0 82.2830808,17.017549,0 82.2830692,17.0174192,0 82.2830378,17.0172036,0 82.283001,17.0170129,0 82.2829772,17.0167877,0 82.282958,17.0165167,0 82.2829387,17.0162423,0</coordinates></LineString>
</Placemark>
<Placemark><name>highway</name><styleUrl>#highway</styleUrl><description>highway: residential
source: maxar</description>
<LineString><tessellate>1</tessellate><coordinates>82.2823051,17.0179372,0 82.2831076,17.0178401,0</coordinates></LineString>
</Placemark>
<Placemark><name>highway</name><styleUrl>#highway</styleUrl><description>highway: residential
source: maxar</description>
<LineString><tessellate>1</tessellate><coordinates>82.2818071,17.0156672,0 82.281855,17.01635,0 82.2818999,17.0166204,0 82.2819436,17.0168835,0 82.2819713,17.0171291,0 82.2819945,17.0173349,0 82.2820696,17.0178889,0 82.2821689,17.0186737,0</coordinates></LineString>
</Placemark>
<Placemark><name>highway</name><styleUrl>#highway</styleUrl><description>highway: residential
source: maxar</description>
<LineString><tessellate>1</tessellate><coordinates>82.2840623,17.0170782,0 82.2830378,17.0172036,0 82.2822386,17.0173041,0 82.2819945,17.0173349,0</coordinates></LineString>
</Placemark>
<Placemark><name>highway</name><styleUrl>#highway</styleUrl><description>highway: unclassified
source: maxar</description>
<LineString><tessellate>1</tessellate><coordinates>82.2653138,17.0300891,0 82.265812,17.0299086,0 82.2659633,17.0298612,0 82.2663154,17.0297324,0 82.2665569,17.0296422,0 82.2667542,17.0295672,0 82.2668041,17.0295487,0 82.2668319,17.0295383,0 82.2668749,17.0295223,0 82.2669473,17.0294761,0 82.2669929,17.0294312,0 82.267013,17.0293774,0 82.2669947,17.029197,0 82.2669889,17.0291402,0 82.2670037,17.0289888,0 82.2670399,17.0288875,0 82.2671096,17.0288003,0 82.2676554,17.0283695,0 82.2677171,17.0283015,0 82.2677439,17.0282464,0 82.2677493,17.0281951,0 82.2677359,17.0281194,0 82.2674556,17.0272966,0 82.2673943,17.0270793,0 82.2671592,17.0259344,0 82.2670412,17.0254266,0 82.266891,17.0249495,0 82.2666389,17.024216,0 82.2665879,17.0239929,0 82.2666053,17.0238993,0 82.2666322,17.0238544,0 82.2667153,17.0237865,0 82.26684,17.0237044,0 82.2668762,17.0236467,0 82.2668843,17.0235903,0 82.2668709,17.0234543,0 82.2666925,17.0227721,0 82.2666965,17.0227311,0 82.2667193,17.0226901,0 82.2667555,17.0226683,0 82.2668052,17.0226465,0 82.2671847,17.0225503,0 82.2672249,17.0225208,0 82.2672491,17.0224862,0 82.2672598,17.02244,0 82.2672397,17.0223554,0 82.2670311,17.021749,0 82.2668984,17.0213634,0 82.2667301,17.0208742,0 82.2665395,17.0202983,0 82.2662795,17.0195124,0 82.2662555,17.0194395,0 82.2660971,17.0189584,0 82.2659898,17.0186429,0 82.2659147,17.0184223,0 82.2658637,17.0181838,0 82.2657591,17.0177401,0 82.2654889,17.0169222,0</coordinates></LineString>
</Placemark>
<Placemark><name>highway</name><styleUrl>#highway</styleUrl><description>highway: residential
source: maxar</description>
<LineString><tessellate>1</tessellate><coordinates>82.2600522,17.0192155,0 82.2605744,17.0191713,0 82.2619557,17.0187224,0 82.2631949,17.0183531,0 82.2635248,17.0182787,0 82.2639674,17.0182043,0 82.2641558,17.018169,0 82.2643912,17.0181248,0 82.264599,17.0180712,0 82.2651958,17.0179171,0 82.2657591,17.0177401,0</coordinates></LineString>
</Placemark>
<Placemark><name>highway</name><styleUrl>#highway</styleUrl><description>highway: residential
source: maxar</description>
<LineString><tessellate>1</tessellate><coordinates>82.2665017,17.0073035,0 82.2667006,17.008063,0 82.2667049,17.0081339,0 82.2666969,17.0081643,0 82.2666831,17.008182,0 82.2666419,17.0082025,0 82.2663152,17.0083076,0</coordinates></LineString>
</Placemark>
<Placemark><name>highway</name><styleUrl>#highway</styleUrl><description>highway: residential
source: maxar</description>
<LineString><tessellate>1</tessellate><coordinates>82.2675267,17.0090402,0 82.2670466,17.0091659,0 82.2668535,17.0092082,0 82.266754,17.0092272,0 82.2665437,17.0092262,0 82.2664357,17.0092185,0 82.2663593,17.0092018,0 82.2662962,17.0091659,0 82.2662406,17.009089,0 82.2662097,17.0090069,0 82.2661668,17.0089556,0 82.2661172,17.0089376,0 82.2660407,17.0089376,0 82.2659388,17.0089671,0 82.2657682,17.0090638,0</coordinates></LineString>
</Placemark>
<Placemark><name>highway</name><styleUrl>#highway</styleUrl><description>highway: residential</description>
<LineString><tessellate>1</tessellate><coordinates>82.2638295,17.0095745,0 82.264625,17.0093437,0 82.2653554,17.0091757,0 82.2655269,17.0091453,0 82.2657682,17.0090638,0</coordinates></LineString>
</Placemark>
<Placemark><name>highway</name><styleUrl>#highway</styleUrl><description>highway: residential
source: maxar</description>
<LineString><tessellate>1</tessellate><coordinates>82.2638753,17.0100253,0 82.2652897,17.0095737,0 82.2653353,17.0095429,0 82.2653581,17.0095083,0 82.2653662,17.0094262,0 82.2653554,17.0091757,0</coordinates></LineString>
</Placemark>
<Placemark><name>highway</name><styleUrl>#highway</styleUrl><description>highway: service
source: maxar</description>
<LineString><tessellate>1</tessellate><coordinates>82.2754298,17.02207,0 82.2787839,17.0221745,0 82.2788469,17.0221707,0 82.2789006,17.0221592,0 82.2789676,17.0221188,0 82.2789992,17.0220809,0 82.2790166,17.0220431,0</coordinates></LineString>
</Placemark>
<Placemark><name>highway</name><styleUrl>#highway</styleUrl><description>highway: service
source: maxar</description>
<LineString><tessellate>1</tessellate><coordinates>82.2755378,17.0189172,0 82.2772117,17.0189352,0 82.2793418,17.0189712,0</coordinates></LineString>
</Placemark>
<Placemark><name>highway</name><styleUrl>#highway</styleUrl><description>highway: service
source: maxar</description>
<LineString><tessellate>1</tessellate><coordinates>82.2723225,17.021995,0 82.2738268,17.0220313,0 82.274205,17.0220404,0 82.2754298,17.02207,0 82.2754638,17.0210777,0 82.2755378,17.0189172,0 82.2755384,17.0188994,0 82.2755748,17.017508,0 82.2755948,17.0167424,0 82.2756405,17.0156709,0</coordinates></LineString>
</Placemark>
<Placemark><name>highway</name><styleUrl>#highway</styleUrl><description>highway: service
source: maxar</description>
<LineString><tessellate>1</tessellate><coordinates>82.2847879,17.0103246,0 82.2840679,17.0105907,0</coordinates></LineString>
</Placemark>
<Placemark><name>highway</name><styleUrl>#highway</styleUrl><description>highway: service
source: maxar</description>
<LineString><tessellate>1</tessellate><coordinates>82.2833779,17.0098795,0 82.2838104,17.0098251,0 82.2841537,17.0097584,0 82.284605,17.009621,0</coordinates></LineString>
</Placemark>
<Placemark><name>highway</name><styleUrl>#highway</styleUrl><description>highway: service
source: maxar</description>
<LineString><tessellate>1</tessellate><coordinates>82.284495,17.0091976,0 82.284605,17.009621,0 82.2847879,17.0103246,0 82.2848994,17.0107536,0</coordinates></LineString>
</Placemark>
<Placemark><name>highway</name><styleUrl>#highway</styleUrl><description>highway: residential
source: maxar</description>
<LineString><tessellate>1</tessellate><coordinates>82.2682294,17.0106356,0 82.2680103,17.0097739,0</coordinates></LineString>
</Placemark>
<Placemark><name>highway</name><styleUrl>#highway</styleUrl><description>highway: service
source: maxar</description>
<LineString><tessellate>1</tessellate><coordinates>82.2642125,17.0060992,0 82.2642691,17.006778,0 82.2642544,17.006846,0 82.2642115,17.006896,0 82.2641256,17.0069242,0 82.2637325,17.0069257,0</coordinates></LineString>
</Placemark>
<Placemark><name>highway</name><styleUrl>#highway</styleUrl><description>highway: residential
source: maxar</description>
<LineString><tessellate>1</tessellate><coordinates>82.2675497,17.0053937,0 82.266899,17.005434,0 82.2667837,17.0054109,0 82.2665852,17.005375,0 82.2661618,17.0052615,0</coordinates></LineString>
</Placemark>
<Placemark><name>highway</name><styleUrl>#highway</styleUrl><description>highway: service
source: maxar</description>
<LineString><tessellate>1</tessellate><coordinates>82.2785479,17.0166116,0 82.2785318,17.0172438,0 82.2784942,17.0185703,0</coordinates></LineString>
</Placemark>
<Placemark><name>highway</name><styleUrl>#highway</styleUrl><description>highway: service
source: maxar</description>
<LineString><tessellate>1</tessellate><coordinates>82.2781643,17.0164911,0 82.2781347,17.0172331,0 82.2780865,17.0185697,0</coordinates></LineString>
</Placemark>
<Placemark><name>highway</name><styleUrl>#highway</styleUrl><description>highway: service
source: maxar</description>
<LineString><tessellate>1</tessellate><coordinates>82.2776359,17.0185691,0 82.2776926,17.0172212,0 82.2777191,17.0163654,0</coordinates></LineString>
</Placemark>
<Placemark><name>highway</name><styleUrl>#highway</styleUrl><description>highway: service
source: maxar</description>
<LineString><tessellate>1</tessellate><coordinates>82.2768164,17.0172002,0 82.2767695,17.0185534,0</coordinates></LineString>
</Placemark>
<Placemark><name>highway</name><styleUrl>#highway</styleUrl><description>highway: service
source: maxar</description>
<LineString><tessellate>1</tessellate><coordinates>82.2764188,17.0171917,0 82.2763155,17.0185378,0</coordinates></LineString>
</Placemark>
<Placemark><name>highway</name><styleUrl>#highway</styleUrl><description>highway: service
source: maxar</description>
<LineString><tessellate>1</tessellate><coordinates>82.2789163,17.0166484,0 82.2789303,17.0172155,0 82.2789288,17.0184352,0 82.27892,17.0184813,0 82.2788966,17.018514,0 82.2788449,17.0185461,0 82.2787604,17.0185634,0 82.2786009,17.0185705,0 82.2784942,17.0185703,0 82.2780865,17.0185697,0 82.2776359,17.0185691,0 82.2772121,17.0185685,0 82.2767695,17.0185534,0 82.2763155,17.0185378,0 82.2760883,17.0185301,0 82.2760212,17.0185185,0 82.2759461,17.0184801,0 82.275922,17.0184211,0 82.275973,17.0171823,0</coordinates></LineString>
</Placemark>
<Placemark><name>highway</name><styleUrl>#highway</styleUrl><description>highway: service
source: maxar</description>
<LineString><tessellate>1</tessellate><coordinates>82.2757906,17.0171784,0 82.275973,17.0171823,0 82.2764188,17.0171917,0 82.2768164,17.0172002,0 82.2772443,17.0172092,0 82.2776926,17.0172212,0 82.2781347,17.0172331,0 82.2785318,17.0172438,0 82.2789303,17.0172155,0</coordinates></LineString>
</Placemark>
<Placemark><name>highway</name><styleUrl>#highway</styleUrl><description>highway: service
source: maxar</description>
<LineString><tessellate>1</tessellate><coordinates>82.2773033,17.0159961,0 82.2772443,17.0172092,0 82.2772121,17.0185685,0 82.2772117,17.0189352,0</coordinates></LineString>
</Placemark>
<Placemark><name>highway</name><styleUrl>#highway</styleUrl><description>highway: service
source: maxar</description>
<LineString><tessellate>1</tessellate><coordinates>82.2721537,17.0211829,0 82.273476,17.0210907,0 82.274208,17.0210859,0 82.2754638,17.0210777,0</coordinates></LineString>
</Placemark>
<Placemark><name>highway</name><styleUrl>#highway</styleUrl><description>highway: service
source: maxar</description>
<LineString><tessellate>1</tessellate><coordinates>82.2718166,17.0188379,0 82.2730093,17.0188576,0 82.2731473,17.0188599,0 82.2738152,17.0188709,0 82.2755384,17.0188994,0</coordinates></LineString>
</Placemark>
<Placemark><name>highway</name><styleUrl>#highway</styleUrl><description>highway: service
source: maxar</description>
<LineString><tessellate>1</tessellate><coordinates>82.2780141,17.0204667,0 82.2779741,17.0216118,0</coordinates></LineString>
</Placemark>
<Placemark><name>highway</name><styleUrl>#highway</styleUrl><description>highway: service
source: maxar</description>
<LineString><tessellate>1</tessellate><coordinates>82.276606,17.0191251,0 82.2765711,17.0204511,0 82.276555,17.0215616,0</coordinates></LineString>
</Placemark>
<Placemark><name>highway</name><styleUrl>#highway</styleUrl><description>highway: service
source: maxar</description>
<LineString><tessellate>1</tessellate><coordinates>82.2790258,17.0216489,0 82.2779741,17.0216118,0 82.276555,17.0215616,0 82.2757081,17.0215372,0 82.2756866,17.0215302,0 82.2756618,17.0215103,0 82.2756538,17.0214699,0 82.2756706,17.0204484,0 82.2756752,17.0201664,0 82.2757141,17.0191931,0 82.2757309,17.0191424,0 82.2757584,17.0191129,0 82.2758154,17.0190911,0 82.2760186,17.0190943,0 82.276606,17.0191251,0 82.2789529,17.0191866,0 82.2790132,17.0192014,0 82.2790448,17.0192187,0 82.2790689,17.0192488,0 82.2790736,17.0193065,0 82.2789703,17.0205049,0</coordinates></LineString>
</Placemark>
<Placemark><name>highway</name><styleUrl>#highway</styleUrl><description>highway: service
source: maxar</description>
<LineString><tessellate>1</tessellate><coordinates>82.27902,17.0219674,0 82.2790258,17.0216489,0 82.2790441,17.020646,0 82.27902,17.0205511,0 82.2789703,17.0205049,0 82.2788751,17.0204741,0 82.2780141,17.0204667,0 82.2776896,17.0204639,0 82.2765711,17.0204511,0 82.2756706,17.0204484,0</coordinates></LineString>
</Placemark>
<Placemark><name>highway</name><styleUrl>#highway</styleUrl><description>covered: yes
highway: service
source: maxar</description>
<LineString><tessellate>1</tessellate><coordinates>82.2790166,17.0220431,0 82.27902,17.0219674,0</coordinates></LineString>
</Placemark>
<Placemark><name>highway</name><styleUrl>#highway</styleUrl><description>highway: service
source: maxar</description>
<LineString><tessellate>1</tessellate><coordinates>82.2726082,17.023648,0 82.2730038,17.0236351,0 82.2738957,17.0236066,0</coordinates></LineString>
</Placemark>
<Placemark><name>highway</name><styleUrl>#highway</styleUrl><description>highway: service
source: maxar</description>
<LineString><tessellate>1</tessellate><coordinates>82.2738786,17.0232154,0 82.2730789,17.0232722,0 82.2730198,17.0233005,0 82.272993,17.0233453,0 82.2729836,17.023403,0 82.2730038,17.0236351,0</coordinates></LineString>
</Placemark>
<Placemark><name>highway</name><styleUrl>#highway</styleUrl><description>highway: service
source: maxar</description>
<LineString><tessellate>1</tessellate><coordinates>82.2725118,17.0228128,0 82.2738625,17.0228468,0</coordinates></LineString>
</Placemark>
<Placemark><name>highway</name><styleUrl>#highway</styleUrl><description>highway: service
source: maxar</description>
<LineString><tessellate>1</tessellate><coordinates>82.273905,17.0238185,0 82.2738957,17.0236066,0 82.2738786,17.0232154,0 82.2738625,17.0228468,0 82.2738268,17.0220313,0</coordinates></LineString>
</Placemark>
<Placemark><name>highway</name><styleUrl>#highway</styleUrl><description>highway: service
source: maxar</description>
<LineString><tessellate>1</tessellate><coordinates>82.2734624,17.0200125,0 82.273476,17.0210907,0</coordinates></LineString>
</Placemark>
<Placemark><name>highway</name><styleUrl>#highway</styleUrl><description>highway: service
source: maxar</description>
<LineString><tessellate>1</tessellate><coordinates>82.274208,17.0210859,0 82.274205,17.0220404,0 82.274251,17.0224079,0 82.2742993,17.0226644,0 82.2743475,17.0228798,0 82.2743583,17.0229876,0 82.2743529,17.0230825,0 82.2743314,17.023185,0</coordinates></LineString>
</Placemark>
<Placemark><name>highway</name><styleUrl>#highway</styleUrl><description>highway: service
source: maxar</description>
<LineString><tessellate>1</tessellate><coordinates>82.2730093,17.0188576,0 82.272985,17.0197149,0</coordinates></LineString>
</Placemark>
<Placemark><name>highway</name><styleUrl>#highway</styleUrl><description>highway: service
source: maxar</description>
<LineString><tessellate>1</tessellate><coordinates>82.272293,17.019697,0 82.272985,17.0197149,0 82.2736824,17.0197329,0 82.2737414,17.019724,0 82.2737682,17.0197009,0 82.2737843,17.0196637,0 82.2738152,17.0188709,0</coordinates></LineString>
</Placemark>
<Placemark><name>highway</name><styleUrl>#highway</styleUrl><description>highway: service
source: maxar</description>
<LineString><tessellate>1</tessellate><coordinates>82.272521,17.0186378,0 82.2726685,17.0186429,0 82.2727449,17.0186557,0 82.2728361,17.0186698,0 82.2729957,17.018666,0 82.2730668,17.0186763,0 82.273103,17.0186942,0 82.2731271,17.018725,0 82.2731419,17.0187853,0 82.2731473,17.0188599,0</coordinates></LineString>
</Placemark>
<Placemark><name>highway</name><styleUrl>#highway</styleUrl><description>highway: service
source: maxar</description>
<LineString><tessellate>1</tessellate><coordinates>82.2711564,17.0105793,0 82.2713292,17.0119577,0</coordinates></LineString>
</Placemark>
<Placemark><name>highway</name><styleUrl>#highway</styleUrl><description>highway: service
source: maxar</description>
<LineString><tessellate>1</tessellate><coordinates>82.2722876,17.011995,0 82.2713292,17.0119577,0 82.2703661,17.0119203,0</coordinates></LineString>
</Placemark>
<Placemark><name>highway</name><styleUrl>#highway</styleUrl><description>highway: service
source: maxar</description>
<LineString><tessellate>1</tessellate><coordinates>82.2698772,17.0107353,0 82.2711564,17.0105793,0 82.2716626,17.0105176,0 82.2717431,17.0105253,0 82.2717901,17.0105535,0 82.2718209,17.0105984,0 82.2720167,17.0118282,0</coordinates></LineString>
</Placemark>
<Placemark><name>highway</name><styleUrl>#highway</styleUrl><description>highway: residential
source: maxar</description>
<LineString><tessellate>1</tessellate><coordinates>82.268271,17.0065252,0 82.2676608,17.0066857,0 82.267059,17.0068369,0</coordinates></LineString>
</Placemark>
<Placemark><name>highway</name><styleUrl>#highway</styleUrl><description>highway: service
source: maxar</description>
<LineString><tessellate>1</tessellate><coordinates>82.271373,17.0072217,0 82.2730911,17.0070663,0</coordinates></LineString>
</Placemark>
<Placemark><name>highway</name><styleUrl>#highway</styleUrl><description>highway: service
source: maxar</description>
<LineString><tessellate>1</tessellate><coordinates>82.2692728,17.0093766,0 82.2707064,17.0091813,0 82.2707883,17.0091678,0 82.2708379,17.0091428,0 82.2708701,17.0091153,0 82.2708902,17.0090704,0 82.2708848,17.0088652,0 82.2708607,17.0088139,0 82.2708251,17.0087837,0 82.2707775,17.0087658,0 82.269111,17.0090131,0</coordinates></LineString>
</Placemark>
<Placemark><name>highway</name><styleUrl>#highway</styleUrl><description>highway: service
source: maxar</description>
<LineString><tessellate>1</tessellate><coordinates>82.2712147,17.0087863,0 82.2732125,17.0085053,0</coordinates></LineString>
</Placemark>
<Placemark><name>highway</name><styleUrl>#highway</styleUrl><description>highway: service
source: maxar</description>
<LineString><tessellate>1</tessellate><coordinates>82.2695751,17.0100561,0 82.273329,17.0095762,0</coordinates></LineString>
</Placemark>
<Placemark><name>highway</name><styleUrl>#highway</styleUrl><description>highway: service
source: maxar</description>
<LineString><tessellate>1</tessellate><coordinates>82.2699755,17.0104073,0 82.273373,17.0099464,0</coordinates></LineString>
</Placemark>
<Placemark><name>highway</name><styleUrl>#highway</styleUrl><description>highway: service
source: maxar</description>
<LineString><tessellate>1</tessellate><coordinates>82.272858,17.0050225,0 82.2730357,17.0065809,0 82.2730911,17.0070663,0 82.2731839,17.0078801,0 82.2731942,17.0079707,0 82.2731848,17.008063,0 82.2731727,17.00814,0 82.2731714,17.0082374,0 82.2732125,17.0085053,0 82.273329,17.0095762,0 82.273339,17.0096686,0 82.273373,17.0099464,0 82.2734839,17.0108536,0</coordinates></LineString>
</Placemark>
<Placemark><name>highway</name><styleUrl>#highway</styleUrl><description>highway: service
source: maxar</description>
<LineString><tessellate>1</tessellate><coordinates>82.2753679,17.0110083,0 82.2753979,17.0119907,0 82.2754016,17.0121309,0 82.2753963,17.0122591,0 82.2753668,17.0123643,0 82.2753131,17.0124258,0 82.2751924,17.0124438,0 82.2724858,17.0123065,0 82.2705207,17.0122069,0</coordinates></LineString>
</Placemark>
<Placemark><name>highway</name><styleUrl>#highway</styleUrl><description>highway: service
source: maxar</description>
<LineString><tessellate>1</tessellate><coordinates>82.2753998,17.009238,0 82.2784538,17.0092015,0</coordinates></LineString>
</Placemark>
<Placemark><name>highway</name><styleUrl>#highway</styleUrl><description>highway: service
source: maxar</description>
<LineString><tessellate>1</tessellate><coordinates>82.2784084,17.0072166,0 82.2784538,17.0092015,0 82.2784942,17.0109686,0</coordinates></LineString>
</Placemark>
<Placemark><name>highway</name><styleUrl>#highway</styleUrl><description>highway: service
oneway: yes
source: maxar</description>
<LineString><tessellate>1</tessellate><coordinates>82.2745488,17.0156501,0 82.2745755,17.0165757,0 82.2745997,17.0166309,0 82.2746292,17.0166514,0 82.2746801,17.0166629,0 82.2747391,17.0166539,0 82.274766,17.0166257,0 82.2747754,17.0165821,0 82.2748037,17.0156549,0</coordinates></LineString>
</Placemark>
<Placemark><name>highway</name><styleUrl>#highway</styleUrl><description>highway: residential
source: maxar</description>
<LineString><tessellate>1</tessellate><coordinates>82.2808179,17.0157378,0 82.2809028,17.0170478,0 82.2809646,17.0180017,0</coordinates></LineString>
</Placemark>
<Placemark><name>highway</name><styleUrl>#highway</styleUrl><description>highway: service
source: maxar</description>
<LineString><tessellate>1</tessellate><coordinates>82.2825685,17.0227773,0 82.2814991,17.0229791,0</coordinates></LineString>
</Placemark>
<Placemark><name>highway</name><styleUrl>#highway</styleUrl><description>highway: residential
source: maxar</description>
<LineString><tessellate>1</tessellate><coordinates>82.2811156,17.0254478,0 82.2816083,17.0254471,0</coordinates></LineString>
</Placemark>
<Placemark><name>highway</name><styleUrl>#highway</styleUrl><description>highway: residential
source: maxar</description>
<LineString><tessellate>1</tessellate><coordinates>82.2811523,17.0257915,0 82.2820991,17.0257651,0</coordinates></LineString>
</Placemark>
<Placemark><name>highway</name><styleUrl>#highway</styleUrl><description>highway: unclassified</description>
<LineString><tessellate>1</tessellate><coordinates>82.2823938,17.0266282,0 82.2825155,17.0266974,0 82.2825739,17.0267602,0 82.2826235,17.0268205,0 82.2826597,17.026923,0 82.2826678,17.027091,0</coordinates></LineString>
</Placemark>
<Placemark><name>highway</name><styleUrl>#highway</styleUrl><description>bridge: yes
highway: unclassified
layer: 1</description>
<LineString><tessellate>1</tessellate><coordinates>82.2819854,17.0265144,0 82.2823938,17.0266282,0</coordinates></LineString>
</Placemark>
<Placemark><name>highway</name><styleUrl>#highway</styleUrl><description>highway: residential
source: maxar</description>
<LineString><tessellate>1</tessellate><coordinates>82.268326,17.0198022,0 82.2675374,17.0199766,0 82.2672263,17.0200689,0 82.2665395,17.0202983,0</coordinates></LineString>
</Placemark>
<Placemark><name>highway</name><styleUrl>#highway</styleUrl><description>highway: residential
source: maxar</description>
<LineString><tessellate>1</tessellate><coordinates>82.2660971,17.0189584,0 82.2677493,17.0185685,0 82.2678056,17.0185647,0 82.2679102,17.0185788,0 82.2679827,17.0186198,0 82.2680685,17.0187147,0 82.2681597,17.0189892,0 82.2681842,17.0190709,0 82.2681848,17.0190994,0 82.2681754,17.0191321,0 82.2681721,17.0191738,0 82.2681761,17.0192334,0 82.2682599,17.0195513,0 82.268326,17.0198022,0 82.2683716,17.0199551,0 82.268382,17.0199702,0 82.2683994,17.0199833,0 82.2684292,17.0199884,0 82.2684839,17.0199872,0 82.2690877,17.0198958,0 82.2700587,17.0197432,0</coordinates></LineString>
</Placemark>
<Placemark><name>highway</name><styleUrl>#highway</styleUrl><description>highway: residential
source: maxar</description>
<LineString><tessellate>1</tessellate><coordinates>82.2668984,17.0213634,0 82.2677211,17.0211634,0 82.2677788,17.0211666,0 82.2678311,17.0211987,0 82.2678713,17.0212416,0 82.2678982,17.0213038,0 82.2679203,17.0214006,0 82.2679116,17.0214436,0 82.2678801,17.021484,0 82.2677989,17.0215423,0 82.2676769,17.0215911,0 82.2670311,17.021749,0</coordinates></LineString>
</Placemark>
<Placemark><name>highway</name><styleUrl>#highway</styleUrl><description>highway: residential
source: maxar</description>
<LineString><tessellate>1</tessellate><coordinates>82.2672249,17.0225208,0 82.2676847,17.0224026,0 82.2680682,17.0223024,0 82.2682053,17.0222669,0 82.2685097,17.0222268,0 82.2692943,17.0221233,0 82.2702042,17.0220066,0 82.2702411,17.0220078,0 82.2702578,17.0220155,0 82.2702753,17.0220322,0 82.2702873,17.0220623,0 82.2705925,17.0233056,0</coordinates></LineString>
</Placemark>
<Placemark><name>highway</name><styleUrl>#highway</styleUrl><description>highway: residential
source: maxar</description>
<LineString><tessellate>1</tessellate><coordinates>82.2651261,17.019992,0 82.2652724,17.0206121,0 82.2658527,17.0228122,0</coordinates></LineString>
</Placemark>
<Placemark><name>highway</name><styleUrl>#highway</styleUrl><description>highway: residential
source: maxar</description>
<LineString><tessellate>1</tessellate><coordinates>82.2643707,17.0208321,0 82.2646728,17.0220437,0 82.2649408,17.023053,0</coordinates></LineString>
</Placemark>
<Placemark><name>highway</name><styleUrl>#highway</styleUrl><description>highway: residential
source: maxar</description>
<LineString><tessellate>1</tessellate><coordinates>82.2653662,17.0229145,0 82.2647795,17.0207367,0</coordinates></LineString>
</Placemark>
<Placemark><name>highway</name><styleUrl>#highway</styleUrl><description>highway: residential
source: maxar</description>
<LineString><tessellate>1</tessellate><coordinates>82.2624922,17.0238647,0 82.2639218,17.0233389,0 82.2640344,17.0233056,0 82.2641243,17.0232979,0 82.2642383,17.0232863,0 82.264355,17.0232569,0 82.2649408,17.023053,0 82.2650698,17.0230081,0 82.2653662,17.0229145,0 82.2655807,17.0228632,0 82.2658527,17.0228122,0 82.2662714,17.0227337,0 82.2667193,17.0226901,0</coordinates></LineString>
</Placemark>
<Placemark><name>highway</name><styleUrl>#highway</styleUrl><description>highway: residential
source: maxar</description>
<LineString><tessellate>1</tessellate><coordinates>82.2653729,17.0192764,0 82.2657162,17.0204998,0 82.2660354,17.0218181,0 82.2662714,17.0227337,0</coordinates></LineString>
</Placemark>
<Placemark><name>highway</name><styleUrl>#highway</styleUrl><description>highway: residential
source: maxar</description>
<LineString><tessellate>1</tessellate><coordinates>82.2665395,17.0202983,0 82.2657162,17.0204998,0 82.2652724,17.0206121,0 82.2647795,17.0207367,0 82.2647023,17.0207563,0 82.2643707,17.0208321,0 82.2637045,17.0209845,0 82.2634831,17.0210592,0 82.2631158,17.0211833,0 82.2615856,17.0217648,0</coordinates></LineString>
</Placemark>
<Placemark><name>highway</name><styleUrl>#highway</styleUrl><description>highway: service
source: maxar</description>
<LineString><tessellate>1</tessellate><coordinates>82.264599,17.0180712,0 82.264713,17.018382,0 82.2647392,17.018414,0 82.2647734,17.0184371,0 82.2648264,17.0184525,0 82.2658637,17.0181838,0</coordinates></LineString>
</Placemark>
<Placemark><name>highway</name><styleUrl>#highway</styleUrl><description>highway: service
source: maxar</description>
<LineString><tessellate>1</tessellate><coordinates>82.2641558,17.018169,0 82.2642852,17.0186365,0</coordinates></LineString>
</Placemark>
<Placemark><name>highway</name><styleUrl>#highway</styleUrl><description>highway: service
source: maxar</description>
<LineString><tessellate>1</tessellate><coordinates>82.2794196,17.0125618,0 82.2794612,17.0113307,0 82.2794759,17.0112896,0 82.279492,17.0112656,0 82.2795148,17.0112531,0 82.2795537,17.0112402,0 82.2799104,17.0112345,0 82.2799701,17.0112178,0 82.280003,17.0111941,0 82.2800298,17.0111562,0 82.2800492,17.0110889,0 82.2800613,17.0109686,0</coordinates></LineString>
</Placemark>
<Placemark><name>highway</name><styleUrl>#highway</styleUrl><description>highway: service
source: maxar</description>
<LineString><tessellate>1</tessellate><coordinates>82.2803181,17.0131671,0 82.2810477,17.0139237,0 82.2811577,17.0139878,0 82.2812784,17.0140032,0 82.2814822,17.013993,0 82.2816861,17.0138904,0 82.2829134,17.0126719,0</coordinates></LineString>
</Placemark>
<Placemark><name>highway</name><styleUrl>#highway</styleUrl><description>highway: residential
source: maxar</description>
<LineString><tessellate>1</tessellate><coordinates>82.2685097,17.0222268,0 82.268883,17.0237033,0</coordinates></LineString>
</Placemark>
<Placemark><name>highway</name><styleUrl>#highway</styleUrl><description>highway: residential
source: maxar</description>
<LineString><tessellate>1</tessellate><coordinates>82.2680682,17.0223024,0 82.2684641,17.0238012,0 82.2684889,17.0237948,0 82.2685144,17.0237896,0 82.2685493,17.0237871,0 82.268883,17.0237033,0 82.2695249,17.0235595,0 82.2705925,17.0233056,0 82.271145,17.0231825,0</coordinates></LineString>
</Placemark>
<Placemark><name>highway</name><styleUrl>#highway</styleUrl><description>highway: service
source: maxar</description>
<LineString><tessellate>1</tessellate><coordinates>82.2628811,17.0196098,0 82.2630487,17.0195714,0 82.2630816,17.0195758,0 82.2631077,17.0195919,0 82.2631352,17.0196265,0 82.2633189,17.0203473,0 82.2633263,17.0203934,0 82.2633354,17.0204972,0</coordinates></LineString>
</Placemark>
<Placemark><name>highway</name><styleUrl>#highway</styleUrl><description>highway: service
source: maxar</description>
<LineString><tessellate>1</tessellate><coordinates>82.2720039,17.0203358,0 82.2706568,17.020546,0</coordinates></LineString>
</Placemark>
<Placemark><name>highway</name><styleUrl>#highway</styleUrl><description>highway: service
source: maxar</description>
<LineString><tessellate>1</tessellate><coordinates>82.2671404,17.0191943,0 82.2662555,17.0194395,0</coordinates></LineString>
</Placemark>
<Placemark><name>highway</name><styleUrl>#highway</styleUrl><description>highway: service
source: maxar</description>
<LineString><tessellate>1</tessellate><coordinates>82.2680899,17.0169681,0 82.2682777,17.0169066,0 82.2684064,17.0168142,0 82.2684869,17.0167193,0 82.2685419,17.0166065,0 82.2685473,17.0165565,0 82.2684943,17.0162064,0</coordinates></LineString>
</Placemark>
<Placemark><name>highway</name><styleUrl>#highway</styleUrl><description>highway: residential
source: maxar</description>
<LineString><tessellate>1</tessellate><coordinates>82.2680685,17.0187147,0 82.2680926,17.0186904,0 82.2681282,17.0186551,0 82.2681637,17.0186365,0 82.2682348,17.0186109,0 82.2693714,17.0182832,0 82.2694039,17.0182871,0 82.2694247,17.0182992,0 82.2694401,17.0183169,0 82.2694522,17.0183502,0 82.2695278,17.018638,0 82.269659,17.0191373,0 82.2696839,17.0191604,0 82.2697073,17.01917,0 82.2697455,17.0191719,0 82.2701687,17.019093,0</coordinates></LineString>
</Placemark>
<Placemark><name>highway</name><styleUrl>#highway</styleUrl><description>highway: residential
source: maxar</description>
<LineString><tessellate>1</tessellate><coordinates>82.2703122,17.0192469,0 82.2694471,17.01932,0 82.2691333,17.0193713,0 82.2682599,17.0195513,0</coordinates></LineString>
</Placemark>
<Placemark><name>highway</name><styleUrl>#highway</styleUrl><description>highway: service
source: maxar</description>
<LineString><tessellate>1</tessellate><coordinates>82.2726443,17.0244857,0 82.2741383,17.0244853,0</coordinates></LineString>
</Placemark>
<Placemark><name>highway</name><styleUrl>#highway</styleUrl><description>highway: service
source: maxar</description>
<LineString><tessellate>1</tessellate><coordinates>82.2717431,17.0244648,0 82.2722353,17.0243699,0 82.272293,17.024384,0 82.2723439,17.0244199,0 82.2723868,17.0244853,0 82.2724928,17.0248476,0</coordinates></LineString>
</Placemark>
<Placemark><name>highway</name><styleUrl>#highway</styleUrl><description>highway: residential
source: maxar</description>
<LineString><tessellate>1</tessellate><coordinates>82.2835616,17.0137313,0 82.2838127,17.0149414,0</coordinates></LineString>
</Placemark>
<Placemark><name>highway</name><styleUrl>#highway</styleUrl><description>highway: residential
source: maxar</description>
<LineString><tessellate>1</tessellate><coordinates>82.282794,17.0138632,0 82.2828072,17.0141719,0 82.2828351,17.0146277,0 82.2828307,17.0146419,0 82.2828186,17.0146534,0 82.2827952,17.0146595,0 82.2825229,17.0146726,0</coordinates></LineString>
</Placemark>
<Placemark><name>highway</name><styleUrl>#highway</styleUrl><description>highway: residential
source: maxar</description>
<LineString><tessellate>1</tessellate><coordinates>82.2819382,17.0140776,0 82.282794,17.0138632,0 82.2829159,17.0138327,0 82.2835616,17.0137313,0 82.2839731,17.0136714,0</coordinates></LineString>
</Placemark>
<Placemark><name>highway</name><styleUrl>#highway</styleUrl><description>highway: service
source: maxar</description>
<LineString><tessellate>1</tessellate><coordinates>82.284083,17.0180907,0 82.2847176,17.0178599,0</coordinates></LineString>
</Placemark>
<Placemark><name>highway</name><styleUrl>#highway</styleUrl><description>highway: residential
source: maxar</description>
<LineString><tessellate>1</tessellate><coordinates>82.283337,17.0178222,0 82.2837494,17.0178722,0</coordinates></LineString>
</Placemark>
<Placemark><name>highway</name><styleUrl>#highway</styleUrl><description>highway: residential
source: maxar</description>
<LineString><tessellate>1</tessellate><coordinates>82.282594,17.0204031,0 82.2820254,17.0205357,0</coordinates></LineString>
</Placemark>
<Placemark><name>highway</name><styleUrl>#highway</styleUrl><description>highway: service
source: maxar</description>
<LineString><tessellate>1</tessellate><coordinates>82.2695278,17.018638,0 82.2701123,17.0185172,0</coordinates></LineString>
</Placemark>
<Placemark><name>highway</name><styleUrl>#highway</styleUrl><description>highway: residential
source: maxar</description>
<LineString><tessellate>1</tessellate><coordinates>82.2824711,17.0193985,0 82.2824956,17.0200259,0 82.2825385,17.0202216,0 82.282594,17.0204031,0 82.282712,17.0203826,0 82.2829427,17.0203364,0</coordinates></LineString>
</Placemark>
<Placemark><name>highway</name><styleUrl>#highway</styleUrl><description>highway: residential
source: maxar</description>
<LineString><tessellate>1</tessellate><coordinates>82.2601724,17.0238271,0 82.2621489,17.0230345,0 82.2637206,17.0224503,0 82.2637887,17.0224557,0 82.2638232,17.022473,0 82.2638477,17.0224971,0 82.2638658,17.0225333,0 82.2641243,17.0232979,0</coordinates></LineString>
</Placemark>
<Placemark><name>highway</name><styleUrl>#highway</styleUrl><description>highway: residential
source: maxar</description>
<LineString><tessellate>1</tessellate><coordinates>82.2718548,17.019282,0 82.2714508,17.0193335,0 82.2710592,17.019361,0 82.2705227,17.0193695,0</coordinates></LineString>
</Placemark>
<Placemark><name>highway</name><styleUrl>#highway</styleUrl><description>highway: service
source: maxar</description>
<LineString><tessellate>1</tessellate><coordinates>82.2677185,17.017717,0 82.2678016,17.0177978,0 82.2678499,17.0178696,0 82.2678834,17.0179389,0 82.2680202,17.018398,0 82.2680926,17.0186904,0</coordinates></LineString>
</Placemark>
<Placemark><name>highway</name><styleUrl>#highway</styleUrl><description>highway: track
source: maxar
surface: unpaved</description>
<LineString><tessellate>1</tessellate><coordinates>82.2684641,17.0238012,0 82.2682992,17.0238544,0 82.2681604,17.0238801,0 82.2681007,17.0238775,0 82.2680625,17.0238717,0 82.2680363,17.0238403,0 82.2679827,17.0236531,0 82.2678713,17.0231427,0 82.2678378,17.0229914,0 82.2676847,17.0224026,0</coordinates></LineString>
</Placemark>
<Placemark><name>highway</name><styleUrl>#highway</styleUrl><description>highway: service
source: maxar</description>
<LineString><tessellate>1</tessellate><coordinates>82.2694247,17.0182992,0 82.2701593,17.0181038,0</coordinates></LineString>
</Placemark>
<Placemark><name>Vakalapudi - Edatam Road</name><styleUrl>#highway</styleUrl><description>highway: primary
name: Vakalapudi - Edatam Road
network: IN:SH:AP
oneway: yes
ref: SH162</description>
<LineString><tessellate>1</tessellate><coordinates>82.2864376,17.0169117,0 82.2864287,17.0168201,0 82.2864,17.016745,0 82.2863585,17.0166727,0 82.2861407,17.0163793,0 82.2858291,17.0159595,0 82.2857159,17.0158141,0 82.2856616,17.0157307,0 82.2845641,17.0142494,0 82.2844622,17.0141456,0 82.2843562,17.0140763,0 82.2842355,17.0140378,0 82.2841195,17.0140164,0 82.2840303,17.0139981,0</coordinates></LineString>
</Placemark>
<Placemark><name>Vakalapudi - Edatam Road</name><styleUrl>#highway</styleUrl><description>highway: primary
name: Vakalapudi - Edatam Road
network: IN:SH:AP
ref: SH162</description>
<LineString><tessellate>1</tessellate><coordinates>82.2864376,17.0169117,0 82.2865467,17.0170411,0 82.2868079,17.0174256,0 82.2871296,17.0181239,0 82.2875065,17.0190635,0 82.2877109,17.0194129,0 82.2879195,17.0196457,0 82.2881928,17.019804,0 82.2886216,17.0198402,0</coordinates></LineString>
</Placemark>
<Placemark><name>highway</name><styleUrl>#highway</styleUrl><description>highway: service
source: maxar</description>
<LineString><tessellate>1</tessellate><coordinates>82.2708164,17.0127971,0 82.271153,17.01269,0 82.2713314,17.0126734,0 82.2716211,17.0126887,0 82.271672,17.0127144,0 82.2717096,17.012767,0 82.271727,17.012876,0 82.2717109,17.0136677,0 82.2717056,17.0139288,0 82.2717297,17.0140879,0 82.271778,17.0141802,0 82.2718638,17.0142546,0 82.2719765,17.014293,0 82.2757262,17.0144085,0</coordinates></LineString>
</Placemark>
<Placemark><name>highway</name><styleUrl>#highway</styleUrl><description>highway: service
source: maxar</description>
<LineString><tessellate>1</tessellate><coordinates>82.2781777,17.0109687,0 82.2782032,17.0118641,0 82.2781885,17.0119308,0 82.2781576,17.0119719,0 82.2781234,17.0119921,0 82.2780705,17.0120009,0 82.2768581,17.012006,0 82.2763002,17.012006,0 82.2761929,17.012006,0 82.2753979,17.0119907,0</coordinates></LineString>
</Placemark>
<Placemark><name>highway</name><styleUrl>#highway</styleUrl><description>highway: tertiary
source: maxar</description>
<LineString><tessellate>1</tessellate><coordinates>82.2826678,17.027091,0 82.2826879,17.0271577,0 82.282716,17.0272026,0 82.2827777,17.0272757,0 82.2828622,17.0273411,0 82.2829534,17.0273885,0 82.2830929,17.0274296,0 82.2835676,17.0275103,0 82.2836991,17.0275155,0 82.2838171,17.0275039,0 82.2839271,17.027459,0 82.2840343,17.027427,0 82.2841108,17.0274257,0 82.2841993,17.0274514,0 82.2843187,17.0275001,0 82.2843978,17.0275565,0 82.2844487,17.0276116,0 82.284485,17.027686,0 82.2845373,17.0278707,0 82.2845882,17.0281515,0 82.2846083,17.0282919,0 82.2846271,17.02839,0 82.2847009,17.0286426,0 82.2847572,17.0288465,0 82.2847666,17.0289722,0 82.2847559,17.0291479,0 82.2847447,17.0292153,0 82.2847223,17.0293492,0 82.284717,17.0294556,0 82.2847195,17.0295145,0 82.2847223,17.0295813,0 82.2847103,17.0297916,0 82.2846901,17.029966,0 82.284666,17.0300416,0 82.2846078,17.0301422,0 82.2845466,17.0302263,0 82.284386,17.0303909,0 82.2842006,17.0305661,0 82.2840734,17.0306883,0 82.2839056,17.0308495,0 82.2838739,17.0308791,0 82.2837188,17.0310239,0 82.283533,17.0312038,0 82.2834738,17.0312598,0 82.2833496,17.0313775,0 82.283337,17.0314034,0 82.2833055,17.0314573,0 82.2832974,17.0315041,0 82.2832961,17.0315778,0 82.2833148,17.0316772,0 82.283396,17.0320138,0 82.2835918,17.0327216,0 82.2836199,17.032837,0 82.2836387,17.0328716,0 82.2836682,17.0329011,0 82.2837017,17.0329191,0 82.2837822,17.0329486,0 82.2840545,17.0329768,0 82.2845104,17.0329755,0 82.2847411,17.0329851,0 82.2847887,17.0329928,0 82.284831,17.0330082,0 82.2848772,17.033039,0 82.2849637,17.0330992,0 82.2850858,17.0331781,0 82.2852159,17.0332384,0 82.2854184,17.0333012,0 82.2855176,17.0333448,0 82.2855578,17.0333692,0 82.2856061,17.0334179,0 82.285641,17.0334858,0 82.2856745,17.0336038,0 82.285704,17.0338064,0 82.2857657,17.0343193,0 82.2857966,17.0344693,0 82.2858328,17.034536,0 82.2859025,17.034645,0 82.2860165,17.0348066,0 82.2860809,17.0348643,0 82.2861385,17.0348951,0 82.2862056,17.0349079,0 82.2863933,17.0349258,0 82.2866186,17.0349835,0 82.2867943,17.0350643,0 82.2868989,17.0351297,0 82.2869821,17.0352054,0 82.2870827,17.0353362,0 82.2871967,17.0354734,0 82.2873053,17.0355811,0 82.287426,17.0357067,0 82.2875398,17.0358283,0 82.2875977,17.0358901,0 82.287835,17.0361478,0 82.2882508,17.0366646,0 82.2887014,17.0371941,0 82.2887564,17.037239,0 82.2888234,17.0372788,0 82.2888932,17.0373185,0 82.2890005,17.0373685,0 82.2890849,17.0374249,0 82.2891681,17.0375224,0 82.2892512,17.0376365,0 82.2893002,17.0376897,0 82.2893619,17.0377263,0 82.2894222,17.0377455,0 82.289506,17.0377583,0 82.2898018,17.0377526,0 82.289842,17.0377615,0 82.2898769,17.0377795,0 82.2899111,17.037809,0 82.2899493,17.0378583,0 82.2900029,17.0379436,0 82.2900854,17.0380776,0 82.2901645,17.0381815,0 82.2904153,17.038479,0 82.2906004,17.0387457,0 82.2906943,17.0388521,0 82.2907653,17.0389265,0 82.2908203,17.0390047,0 82.2908619,17.0391085,0 82.2909062,17.0392804,0 82.2909115,17.0398907,0</coordinates></LineString>
</Placemark>
<Placemark><name>highway</name><styleUrl>#highway</styleUrl><description>highway: service
source: maxar</description>
<LineString><tessellate>1</tessellate><coordinates>82.2849087,17.0145175,0 82.2852708,17.0143879,0</coordinates></LineString>
</Placemark>
<Placemark><name>highway</name><styleUrl>#highway</styleUrl><description>highway: service
source: maxar</description>
<LineString><tessellate>1</tessellate><coordinates>82.2847706,17.0143136,0 82.2851622,17.0141699,0</coordinates></LineString>
</Placemark>
<Placemark><name>highway</name><styleUrl>#highway</styleUrl><description>highway: service
source: maxar</description>
<LineString><tessellate>1</tessellate><coordinates>82.2856638,17.0139981,0 82.2857691,17.014229,0</coordinates></LineString>
</Placemark>
<Placemark><name>highway</name><styleUrl>#highway</styleUrl><description>highway: service
source: maxar</description>
<LineString><tessellate>1</tessellate><coordinates>82.2851622,17.0141699,0 82.2852708,17.0143879,0</coordinates></LineString>
</Placemark>
<Placemark><name>highway</name><styleUrl>#highway</styleUrl><description>highway: service
oneway: yes
source: maxar</description>
<LineString><tessellate>1</tessellate><coordinates>82.2852708,17.0143879,0 82.2857691,17.014229,0 82.2861851,17.0141089,0</coordinates></LineString>
</Placemark>
<Placemark><name>highway</name><styleUrl>#highway</styleUrl><description>highway: service
oneway: yes
source: maxar</description>
<LineString><tessellate>1</tessellate><coordinates>82.2860661,17.0138211,0 82.2856638,17.0139981,0 82.2851622,17.0141699,0</coordinates></LineString>
</Placemark>
<Placemark><name>highway</name><styleUrl>#highway</styleUrl><description>highway: service
source: maxar</description>
<LineString><tessellate>1</tessellate><coordinates>82.2861426,17.0114268,0 82.286278,17.0113717,0 82.286337,17.0113178,0 82.286388,17.0112358,0 82.2864054,17.0111671,0 82.2864094,17.0110973,0 82.2863531,17.0109049,0 82.2861814,17.0104304,0 82.2861684,17.0104105,0 82.2861587,17.0104038,0 82.2861469,17.0103999,0 82.2861224,17.0103983,0 82.2859521,17.0104477,0</coordinates></LineString>
</Placemark>
<Placemark><name>highway</name><styleUrl>#highway</styleUrl><description>highway: service
source: maxar</description>
<LineString><tessellate>1</tessellate><coordinates>82.2865617,17.0150473,0 82.2867608,17.0150792,0 82.2868305,17.0150766,0 82.2869016,17.0150586,0 82.2869633,17.0150227,0 82.2870317,17.0149484,0 82.2870746,17.0148599,0 82.287084,17.0147573,0 82.2870545,17.0144726,0 82.2870599,17.0143174,0 82.2871122,17.0140558,0 82.2871296,17.013884,0 82.2871377,17.0137608,0 82.2870827,17.0135339,0 82.2869754,17.0133005,0 82.2867769,17.0129619,0 82.2867318,17.0128672,0 82.2866669,17.0127439,0 82.2865811,17.0124848,0 82.2865409,17.012295,0 82.2865248,17.0121155,0 82.2864872,17.0118911,0 82.2864497,17.0117885,0 82.2864108,17.0117128,0 82.2863571,17.0116307,0 82.2862646,17.0115166,0 82.2861908,17.0114615,0 82.2861426,17.0114268,0 82.2860956,17.0114204,0 82.2859964,17.0114409,0 82.2858465,17.0114771,0</coordinates></LineString>
</Placemark>
<Placemark><name>highway</name><styleUrl>#highway</styleUrl><description>highway: service
source: maxar</description>
<LineString><tessellate>1</tessellate><coordinates>82.2900344,17.0227362,0 82.2909859,17.0223367,0</coordinates></LineString>
</Placemark>
<Placemark><name>highway</name><styleUrl>#highway</styleUrl><description>highway: service
source: maxar</description>
<LineString><tessellate>1</tessellate><coordinates>82.2931498,17.0246264,0 82.2933724,17.0250367,0 82.293402,17.025165,0 82.2933999,17.0252579,0 82.293359,17.0253317,0 82.2932732,17.0254086,0 82.2930881,17.0255138,0 82.292774,17.0256868,0</coordinates></LineString>
</Placemark>
<Placemark><name>highway</name><styleUrl>#highway</styleUrl><description>highway: service
source: maxar</description>
<LineString><tessellate>1</tessellate><coordinates>82.2435727,16.9830143,0 82.2436631,16.9830331,0 82.2437502,16.9830331,0 82.2438575,16.9830151,0 82.2439514,16.9829817,0 82.2447717,16.982637,0</coordinates></LineString>
</Placemark>
<Placemark><name>highway</name><styleUrl>#highway</styleUrl><description>highway: service
source: maxar</description>
<LineString><tessellate>1</tessellate><coordinates>82.2673534,17.0035087,0 82.2678716,17.0033697,0 82.2683244,17.0032745,0 82.2686663,17.0032027,0 82.2691336,17.0031044,0 82.2694413,17.0030397,0 82.2700095,17.0029075,0 82.2702728,17.0028462,0</coordinates></LineString>
</Placemark>
<Placemark><name>highway</name><styleUrl>#highway</styleUrl><description>highway: service
source: maxar</description>
<LineString><tessellate>1</tessellate><coordinates>82.2695144,17.0002055,0 82.269611,17.0004464,0 82.2697538,17.0009074,0 82.2698201,17.0011213,0 82.2698765,17.0013162,0 82.2699328,17.0015061,0 82.2702728,17.0028462,0 82.270869,17.0046363,0 82.2710535,17.0052304,0</coordinates></LineString>
</Placemark>
<Placemark><name>highway</name><styleUrl>#highway</styleUrl><description>highway: service
source: maxar</description>
<LineString><tessellate>1</tessellate><coordinates>82.2698765,17.0013162,0 82.2682891,17.0012414,0 82.267819,17.0012141,0 82.2674594,17.0011873,0 82.2671657,17.0011763,0</coordinates></LineString>
</Placemark>
<Placemark><name>highway</name><styleUrl>#highway</styleUrl><description>highway: service
source: maxar</description>
<LineString><tessellate>1</tessellate><coordinates>82.269611,17.0004464,0 82.2685,17.0003965,0 82.2681243,17.0003797,0 82.268066,17.0003771,0 82.2670734,17.0003424,0</coordinates></LineString>
</Placemark>
<Placemark><name>highway</name><styleUrl>#highway</styleUrl><description>highway: service
source: maxar</description>
<LineString><tessellate>1</tessellate><coordinates>82.275694,16.9926806,0 82.2756484,16.994507,0 82.2756296,16.9946213,0 82.2755867,16.9947085,0 82.2754901,16.9948265,0 82.2748786,16.9954575,0 82.2747519,16.9955869,0 82.274664,16.9957068,0 82.2746325,16.9957947,0 82.274605,16.9959557,0 82.2745802,16.9969721,0 82.2745715,16.9970721,0 82.2745635,16.9972196,0 82.2745726,16.9972812,0</coordinates></LineString>
</Placemark>
<Placemark><name>highway</name><styleUrl>#highway</styleUrl><description>highway: service
source: maxar</description>
<LineString><tessellate>1</tessellate><coordinates>82.2733899,16.9995136,0 82.2733927,16.9986506,0 82.2734034,16.9971666,0 82.2734108,16.9967318,0 82.2734041,16.9966931,0 82.2733887,16.9966593,0 82.2733431,16.9966407,0 82.2703303,16.9966213,0 82.270278,16.9966373,0 82.2702525,16.9966713,0 82.2701979,16.9993976,0 82.2701964,16.9994335,0 82.2701894,16.9998747,0 82.2701804,16.9999042,0 82.2701677,16.9999215,0 82.2701445,16.9999308,0 82.2699755,16.9999545,0 82.269541,16.9999853,0 82.2695065,17.0000033,0 82.2694783,17.0000395,0 82.2694703,17.0000979,0 82.2694807,17.0001437,0</coordinates></LineString>
</Placemark>
<Placemark><name>highway</name><styleUrl>#highway</styleUrl><description>highway: service
source: maxar</description>
<LineString><tessellate>1</tessellate><coordinates>82.2745778,16.9986744,0 82.2733927,16.9986506,0</coordinates></LineString>
</Placemark>
<Placemark><name>highway</name><styleUrl>#highway</styleUrl><description>highway: service
source: maxar</description>
<LineString><tessellate>1</tessellate><coordinates>82.2745635,16.9972196,0 82.2734034,16.9971666,0</coordinates></LineString>
</Placemark>
<Placemark><name>highway</name><styleUrl>#highway</styleUrl><description>highway: service
source: maxar</description>
<LineString><tessellate>1</tessellate><coordinates>82.2784721,16.9963276,0 82.2765067,16.9967335,0 82.2757852,16.9969105,0 82.2753721,16.9969849,0 82.2751227,16.997008,0 82.2745802,16.9969721,0</coordinates></LineString>
</Placemark>
<Placemark><name>highway</name><styleUrl>#highway</styleUrl><description>highway: service
source: maxar</description>
<LineString><tessellate>1</tessellate><coordinates>82.2738067,16.9911862,0 82.2720767,16.9910818,0</coordinates></LineString>
</Placemark>
<Placemark><name>highway</name><styleUrl>#highway</styleUrl><description>highway: service
source: maxar</description>
<LineString><tessellate>1</tessellate><coordinates>82.2741209,16.9872265,0 82.2741303,16.9866135,0 82.2741088,16.9864986,0 82.2740887,16.9864268,0 82.2740284,16.9863653,0 82.2739318,16.9863448,0 82.2737333,16.9863448,0</coordinates></LineString>
</Placemark>
<Placemark><name>highway</name><styleUrl>#highway</styleUrl><description>highway: service
source: maxar</description>
<LineString><tessellate>1</tessellate><coordinates>82.2722554,16.9875878,0 82.2722476,16.9876919,0 82.2721883,16.9884826,0 82.2721595,16.9889651,0 82.272135,16.9899424,0 82.2720843,16.9909337,0 82.2720767,16.9910818,0 82.2720567,16.991472,0 82.2720009,16.9925632,0</coordinates></LineString>
</Placemark>
<Placemark><name>highway</name><styleUrl>#highway</styleUrl><description>highway: service
source: maxar</description>
<LineString><tessellate>1</tessellate><coordinates>82.2740475,16.9899563,0 82.273957,16.9900234,0 82.273567,16.9902746,0 82.2734798,16.9903117,0 82.2733162,16.990324,0 82.2732063,16.990306,0 82.2731278,16.9902592,0 82.2730567,16.9901592,0 82.2725625,16.989153,0 82.2724552,16.988984,0 82.2722829,16.9886273,0 82.2721883,16.9884826,0</coordinates></LineString>
</Placemark>
<Placemark><name>highway</name><styleUrl>#highway</styleUrl><description>highway: service
source: maxar</description>
<LineString><tessellate>1</tessellate><coordinates>82.2724552,16.988984,0 82.2721595,16.9889651,0 82.2713809,16.9889147,0 82.2711894,16.9889153,0 82.2711261,16.9889126,0 82.2710907,16.9889111,0 82.2709705,16.9889081,0 82.2706339,16.9888866,0 82.2705334,16.9888663,0 82.2704771,16.9888368,0 82.2704463,16.9887842,0 82.2705106,16.9874927,0</coordinates></LineString>
</Placemark>
<Placemark><name>highway</name><styleUrl>#highway</styleUrl><description>highway: residential
source: maxar</description>
<LineString><tessellate>1</tessellate><coordinates>82.275743,16.9844456,0 82.2761996,16.9845183,0 82.2762962,16.9845273,0 82.2764021,16.984517,0 82.2764517,16.9845042,0 82.2768138,16.984417,0 82.2798474,16.984376,0 82.2804482,16.9843798,0 82.2810718,16.9843785,0 82.2812207,16.9843764,0 82.2817022,16.9843695,0 82.2829346,16.9843683,0 82.2849743,16.9843269,0 82.2850496,16.9843259,0 82.2850952,16.9843067,0 82.2851314,16.9842387,0 82.2851394,16.9841323,0 82.2851515,16.9826598,0</coordinates></LineString>
</Placemark>
<Placemark><name>highway</name><styleUrl>#highway</styleUrl><description>highway: residential
source: maxar</description>
<LineString><tessellate>1</tessellate><coordinates>82.2761996,16.9845183,0 82.2763431,16.9852023,0 82.2767723,16.9868646,0 82.2768635,16.9873417,0 82.2768823,16.9874012,0 82.2769171,16.987511,0 82.2774911,16.9900968,0 82.277695,16.9908869,0 82.2778827,16.9917437,0 82.2781509,16.9927595,0 82.2782328,16.9931866,0 82.278229,16.9932158,0 82.2782123,16.9932408,0 82.2777976,16.9933423,0</coordinates></LineString>
</Placemark>
<Placemark><name>highway</name><styleUrl>#highway</styleUrl><description>highway: residential
source: maxar</description>
<LineString><tessellate>1</tessellate><coordinates>82.2792788,16.9886932,0 82.2793847,16.9884367,0 82.2793928,16.9883789,0 82.2793606,16.988302,0 82.2792184,16.9881904,0 82.2790112,16.9880172,0 82.2789355,16.9879615,0 82.278798,16.9878877,0 82.2786143,16.9878018,0 82.278336,16.987671,0 82.2782421,16.9876338,0 82.2781295,16.9876043,0 82.2780839,16.9875857,0 82.278059,16.9875594,0 82.2780543,16.9875314,0 82.2780523,16.9874022,0 82.2780597,16.9871829,0 82.2780564,16.987004,0 82.2780416,16.9868706,0 82.2779994,16.9866667,0 82.2779658,16.9865852,0 82.2778599,16.9863165,0 82.2778069,16.9861613,0 82.2777566,16.9860388,0 82.2777077,16.9859548,0 82.277656,16.9858901,0 82.2774985,16.9857099,0 82.277416,16.9855335,0 82.2773821,16.9854406,0 82.2773617,16.9853847,0 82.2772812,16.9852289,0 82.277186,16.9849416,0 82.2770867,16.9847832,0 82.2769687,16.9846716,0 82.2768782,16.984594,0 82.2768413,16.9845491,0 82.2768202,16.9844923,0 82.2768138,16.984417,0 82.2768762,16.9841662,0 82.2768896,16.9840303,0 82.2768749,16.983893,0 82.2768251,16.9836339,0</coordinates></LineString>
</Placemark>
<Placemark><name>highway</name><styleUrl>#highway</styleUrl><description>highway: residential
source: maxar</description>
<LineString><tessellate>1</tessellate><coordinates>82.2800448,16.9857563,0 82.2800555,16.9854024,0 82.2799214,16.9848073,0 82.2798474,16.984376,0</coordinates></LineString>
</Placemark>
<Placemark><name>highway</name><styleUrl>#highway</styleUrl><description>highway: residential
source: maxar</description>
<LineString><tessellate>1</tessellate><coordinates>82.2773821,16.9854406,0 82.2773114,16.9856162,0 82.2772846,16.9857855,0 82.2773235,16.9859895,0 82.2774763,16.9863383,0 82.2775689,16.9864935,0 82.2776379,16.9865807,0 82.2777003,16.9866506,0 82.2777251,16.9867122,0 82.2777318,16.9867834,0 82.277711,16.9869681,0 82.2777218,16.9870758,0 82.2777231,16.9872259,0 82.2777208,16.987358,0 82.2777241,16.9873843,0 82.2777244,16.9873854,0 82.2777308,16.9874131,0 82.2777781,16.987542,0 82.2778693,16.9878608,0 82.2779283,16.9881173,0</coordinates></LineString>
</Placemark>
<Placemark><name>highway</name><styleUrl>#highway</styleUrl><description>highway: residential
source: maxar</description>
<LineString><tessellate>1</tessellate><coordinates>82.276439,16.987472,0 82.2768823,16.9874012,0 82.2770914,16.987317,0 82.2771625,16.9873028,0 82.2772316,16.9873093,0 82.2772879,16.98734,0 82.2773831,16.9874176,0 82.277422,16.9874394,0 82.2774663,16.9874459,0 82.2777244,16.9873854,0</coordinates></LineString>
</Placemark>
<Placemark><name>highway</name><styleUrl>#highway</styleUrl><description>highway: service
source: maxar</description>
<LineString><tessellate>1</tessellate><coordinates>82.2812207,16.9843764,0 82.2812717,16.9834473,0</coordinates></LineString>
</Placemark>
<Placemark><name>highway</name><styleUrl>#highway</styleUrl><description>highway: service
source: maxar</description>
<LineString><tessellate>1</tessellate><coordinates>82.275743,16.9844456,0 82.2748317,16.9844414,0 82.2747733,16.9844356,0 82.2747358,16.9844266,0 82.2746956,16.9844061,0 82.2745387,16.9842624,0 82.2744984,16.9842445,0 82.2744629,16.9842342,0 82.2742081,16.9842208,0</coordinates></LineString>
</Placemark>
<Placemark><name>Kakinada - Rajanagaram (ADB) Road</name><styleUrl>#highway</styleUrl><description>bridge: yes
highway: trunk
layer: 1
name: Kakinada - Rajanagaram (ADB) Road
network: IN:SH:AP
ref: SH15</description>
<LineString><tessellate>1</tessellate><coordinates>82.2816578,17.0050699,0 82.2815426,17.0049287,0</coordinates></LineString>
</Placemark>
<Placemark><name>Kakinada - Rajanagaram (ADB) Road</name><styleUrl>#highway</styleUrl><description>highway: trunk
name: Kakinada - Rajanagaram (ADB) Road
network: IN:SH:AP
ref: NH516F
ref:old: SH15</description>
<LineString><tessellate>1</tessellate><coordinates>82.2815426,17.0049287,0 82.2810654,17.0043509,0 82.2806176,17.0038048,0 82.2802021,17.0032668,0 82.2798862,17.0026626,0 82.2794035,17.0004762,0 82.2787884,16.9976898,0 82.2785043,16.9964566,0 82.2784721,16.9963276,0 82.2782273,16.9952007,0 82.2779361,16.9939474,0 82.2777976,16.9933423,0 82.2776358,16.9926354,0 82.2773589,16.9914644,0 82.2773131,16.9912707,0 82.2773027,16.9912268,0 82.2767238,16.9887102,0 82.276658,16.9884241,0 82.2765415,16.9879178,0 82.276439,16.987472,0 82.2763379,16.9870326,0 82.2762344,16.9865825,0 82.2759576,16.9854243,0 82.275743,16.9844456,0 82.2756982,16.9842358,0 82.2754243,16.9831012,0 82.2751593,16.9819417,0 82.2741387,16.977408,0 82.2738538,16.9762736,0 82.2735928,16.9751349,0 82.2734285,16.974465,0 82.2733143,16.9739991,0 82.2730815,16.9728881,0 82.2728381,16.9717892,0 82.2728025,16.9715759,0 82.2727681,16.9714422,0 82.272664,16.9710094,0 82.2724681,16.9701943,0 82.2721618,16.9689092,0 82.2721518,16.9688632,0 82.2720137,16.9682633,0 82.2719823,16.9681269,0 82.2715703,16.9662507,0 82.2714337,16.9657454,0 82.2713904,16.9655822,0 82.2713466,16.965418,0 82.2712034,16.965063,0 82.2708975,16.9643446,0 82.2705034,16.9633995,0 82.2700946,16.9624386,0 82.2700196,16.9622597,0 82.2694066,16.9607976,0 82.2690417,16.9599666,0 82.2686979,16.9591377,0 82.2685015,16.9586229,0 82.2684735,16.9584513,0 82.2684615,16.9582613,0 82.2684262,16.9574878,0 82.2684125,16.9572587,0 82.268411,16.9571989,0 82.2684075,16.957137,0</coordinates></LineString>
</Placemark>
<Placemark><name>highway</name><styleUrl>#highway</styleUrl><description>highway: service
source: maxar</description>
<LineString><tessellate>1</tessellate><coordinates>82.2674594,17.0011873,0 82.2674988,17.0017674,0 82.2675508,17.0023342,0</coordinates></LineString>
</Placemark>
<Placemark><name>highway</name><styleUrl>#highway</styleUrl><description>highway: service
source: maxar</description>
<LineString><tessellate>1</tessellate><coordinates>82.2676482,17.0025561,0 82.2678716,17.0033697,0</coordinates></LineString>
</Placemark>
<Placemark><name>highway</name><styleUrl>#highway</styleUrl><description>highway: residential</description>
<LineString><tessellate>1</tessellate><coordinates>82.2640251,17.0043906,0 82.2644684,17.0043007,0</coordinates></LineString>
</Placemark>
<Placemark><name>highway</name><styleUrl>#highway</styleUrl><description>bridge: yes
highway: service
layer: 1
source: maxar</description>
<LineString><tessellate>1</tessellate><coordinates>82.2694807,17.0001437,0 82.2695144,17.0002055,0</coordinates></LineString>
</Placemark>
<Placemark><name>highway</name><styleUrl>#highway</styleUrl><description>highway: service
oneway: yes
source: maxar</description>
<LineString><tessellate>1</tessellate><coordinates>82.275606,17.0047969,0 82.2755854,17.0043221,0 82.2755934,17.0042785,0 82.2756021,17.0042499,0 82.275624,17.004216,0 82.2756551,17.0042271,0 82.2756779,17.004249,0 82.2756934,17.0042752,0 82.2757044,17.0043079,0 82.2757101,17.0043541,0 82.2757317,17.0047866,0</coordinates></LineString>
</Placemark>
<Placemark><name>highway</name><styleUrl>#highway</styleUrl><description>highway: service
source: maxar</description>
<LineString><tessellate>1</tessellate><coordinates>82.2742448,17.0042576,0 82.2750194,17.0042105,0 82.2753882,17.0041964,0 82.2755358,17.0041951,0 82.2755813,17.0042015,0 82.275624,17.004216,0</coordinates></LineString>
</Placemark>
<Placemark><name>highway</name><styleUrl>#highway</styleUrl><description>highway: service
source: maxar</description>
<LineString><tessellate>1</tessellate><coordinates>82.2740986,17.0038153,0 82.2753286,17.0034455,0 82.2753929,17.0034179,0 82.2754144,17.0034038,0 82.2754251,17.003375,0 82.2754137,17.003323,0 82.2751723,17.0025728,0 82.2751334,17.0025292,0 82.2750905,17.0025176,0 82.2750355,17.0025317,0 82.2738406,17.0029261,0 82.2738232,17.0029652,0 82.2738252,17.0030005,0 82.2740986,17.0038153,0 82.2742448,17.0042576,0 82.2743234,17.0044952,0</coordinates></LineString>
</Placemark>
<Placemark><name>highway</name><styleUrl>#highway</styleUrl><description>highway: service
source: maxar</description>
<LineString><tessellate>1</tessellate><coordinates>82.2731046,17.0031864,0 82.2734047,17.0041105,0 82.2734208,17.0041951,0 82.2734115,17.0042451,0 82.2733819,17.0042938,0 82.2733417,17.0043259,0 82.2732519,17.0043516,0 82.2731513,17.0043516,0 82.2731003,17.0043221,0 82.2730762,17.004281,0 82.2730359,17.0041669,0 82.273014,17.0041045,0 82.2729283,17.0038597,0 82.2728397,17.0036068,0</coordinates></LineString>
</Placemark>
<Placemark><name>highway</name><styleUrl>#highway</styleUrl><description>highway: service
source: maxar</description>
<LineString><tessellate>1</tessellate><coordinates>82.2718222,17.0036064,0 82.2723145,17.0034464,0 82.272765,17.0032999,0</coordinates></LineString>
</Placemark>
<Placemark><name>highway</name><styleUrl>#highway</styleUrl><description>highway: service
source: maxar</description>
<LineString><tessellate>1</tessellate><coordinates>82.2723342,17.0050727,0 82.2722045,17.004576,0 82.2721978,17.0045157,0 82.2722071,17.0044644,0 82.2722085,17.0044298,0 82.2720113,17.0039655,0 82.2720046,17.0039104,0 82.2720113,17.0038835,0 82.2720341,17.0038527,0 82.2721227,17.0038257,0 82.2727905,17.0036295,0 82.2728187,17.0036231,0 82.2728397,17.0036068,0 82.2728401,17.0036064,0 82.2728455,17.0035821,0 82.2727878,17.0033679,0 82.272765,17.0032999,0 82.2729085,17.0032448,0 82.2731046,17.0031864,0 82.2734168,17.0030934,0 82.2734745,17.0030614,0 82.2734919,17.0030306,0 82.2734933,17.0029909,0 82.2730212,17.0016045,0 82.2729984,17.0015711,0 82.2729716,17.0015686,0 82.2729085,17.0015724,0 82.2718585,17.0019071,0 82.2718209,17.0019277,0 82.2718075,17.0019636,0 82.271833,17.0020341,0 82.2722943,17.0033833,0 82.2723145,17.0034464,0</coordinates></LineString>
</Placemark>
<Placemark><name>highway</name><styleUrl>#highway</styleUrl><description>highway: service
source: maxar</description>
<LineString><tessellate>1</tessellate><coordinates>82.2678561,17.003857,0 82.27,17.0033673,0 82.2700989,17.0033583,0 82.2701928,17.0034307,0 82.2702625,17.0035641,0 82.270579,17.0046145,0 82.2705978,17.0046542,0 82.2706608,17.0046812,0 82.270869,17.0046363,0</coordinates></LineString>
</Placemark>
<Placemark><name>highway</name><styleUrl>#highway</styleUrl><description>highway: service
oneway: yes
source: maxar</description>
<LineString><tessellate>1</tessellate><coordinates>82.2773131,16.9912707,0 82.2761714,16.9912237,0 82.2740903,16.9911006,0 82.2739647,16.9910983,0 82.2739631,16.9911001,0 82.2738942,16.9911185,0 82.273867,16.9911385,0 82.2738067,16.9911862,0 82.2738493,16.9912314,0 82.2738916,16.9912569,0 82.2739558,16.9912871,0 82.274019,16.9912969,0 82.274105,16.9912988,0 82.2773589,16.9914644,0</coordinates></LineString>
</Placemark>
<Placemark><name>highway</name><styleUrl>#highway</styleUrl><description>highway: service
source: maxar</description>
<LineString><tessellate>1</tessellate><coordinates>82.2711958,16.98765,0 82.2722476,16.9876919,0 82.2728428,16.9877171,0</coordinates></LineString>
</Placemark>
<Placemark><name>highway</name><styleUrl>#highway</styleUrl><description>highway: service
source: maxar</description>
<LineString><tessellate>1</tessellate><coordinates>82.2711261,16.9889126,0 82.2711958,16.98765,0 82.2712362,16.9869194,0</coordinates></LineString>
</Placemark>
<Placemark><name>highway</name><styleUrl>#highway</styleUrl><description>highway: service
source: maxar</description>
<LineString><tessellate>1</tessellate><coordinates>82.2682891,17.0012414,0 82.2684976,17.0020918,0</coordinates></LineString>
</Placemark>
<Placemark><name>highway</name><styleUrl>#highway</styleUrl><description>highway: service</description>
<LineString><tessellate>1</tessellate><coordinates>82.2716493,16.9974239,0 82.2716356,16.9994696,0</coordinates></LineString>
</Placemark>
<Placemark><name>highway</name><styleUrl>#highway</styleUrl><description>highway: service</description>
<LineString><tessellate>1</tessellate><coordinates>82.2705951,16.9974158,0 82.2716493,16.9974239,0 82.2729367,16.9974338,0</coordinates></LineString>
</Placemark>
<Placemark><name>highway</name><styleUrl>#highway</styleUrl><description>highway: service
source: maxar</description>
<LineString><tessellate>1</tessellate><coordinates>82.2722648,16.9959704,0 82.2730118,16.9959819,0 82.2730614,16.9959893,0 82.2730889,16.996007,0 82.2731027,16.9960387,0 82.273099,16.9962314,0 82.273107,16.9962737,0 82.2731298,16.9963116,0 82.2733431,16.9966407,0</coordinates></LineString>
</Placemark>
<Placemark><name>highway</name><styleUrl>#highway</styleUrl><description>highway: service
oneway: yes
source: maxar</description>
<LineString><tessellate>1</tessellate><coordinates>82.2745726,16.9972812,0 82.2746252,16.9974132,0 82.2746413,16.9975865,0 82.2746586,16.9982689,0 82.2746376,16.9984646,0 82.2746292,16.9984989,0 82.2745805,16.9985677,0</coordinates></LineString>
</Placemark>
<Placemark><name>highway</name><styleUrl>#highway</styleUrl><description>highway: service
source: maxar</description>
<LineString><tessellate>1</tessellate><coordinates>82.2745805,16.9985677,0 82.2745778,16.9986744,0 82.2745728,16.9993667,0 82.2745406,16.9994642,0 82.2744749,16.9995166,0 82.2743824,16.9995385,0 82.2733899,16.9995136,0 82.2732405,16.9995146,0 82.2716356,16.9994696,0 82.2701964,16.9994335,0</coordinates></LineString>
</Placemark>
<Placemark><name>highway</name><styleUrl>#highway</styleUrl><description>highway: service
oneway: yes
source: maxar</description>
<LineString><tessellate>1</tessellate><coordinates>82.2745805,16.9985677,0 82.2745232,16.9984957,0 82.2745045,16.9983931,0 82.2744843,16.998034,0 82.2745058,16.9975197,0 82.2745125,16.9974017,0 82.2745726,16.9972812,0</coordinates></LineString>
</Placemark>
<Placemark><name>highway</name><styleUrl>#highway</styleUrl><description>highway: residential
source: maxar</description>
<LineString><tessellate>1</tessellate><coordinates>82.2777251,16.9867122,0 82.2779658,16.9865852,0</coordinates></LineString>
</Placemark>
<Placemark><name>highway</name><styleUrl>#highway</styleUrl><description>highway: service
source: maxar</description>
<LineString><tessellate>1</tessellate><coordinates>82.2734798,16.9903117,0 82.2737675,16.990474,0 82.2738419,16.9905003,0 82.2739291,16.9905105,0 82.2740064,16.9905129,0</coordinates></LineString>
</Placemark>
<Placemark><name>highway</name><styleUrl>#highway</styleUrl><description>highway: service
oneway: yes
source: maxar</description>
<LineString><tessellate>1</tessellate><coordinates>82.2739558,16.9912871,0 82.2739631,16.9911001,0 82.2740064,16.9905129,0 82.2740475,16.9899563,0 82.274146,16.9872923,0 82.2741435,16.9872711,0 82.2741367,16.9872522,0 82.2741209,16.9872265,0 82.2740924,16.9872519,0 82.274082,16.9872743,0 82.2740793,16.987308,0 82.273957,16.9900234,0 82.2739291,16.9905105,0 82.2738942,16.9911185,0 82.2738916,16.9912569,0</coordinates></LineString>
</Placemark>
<Placemark><name>highway</name><styleUrl>#highway</styleUrl><description>highway: service
source: maxar</description>
<LineString><tessellate>1</tessellate><coordinates>82.267819,17.0012141,0 82.2677396,17.0009919,0 82.267723,17.0009408,0 82.267682,17.0006624,0 82.2676763,17.0006195,0 82.2676408,17.000605,0</coordinates></LineString>
</Placemark>
<Placemark><name>highway</name><styleUrl>#highway</styleUrl><description>highway: service
source: maxar</description>
<LineString><tessellate>1</tessellate><coordinates>82.2676408,17.000605,0 82.2673758,17.0005788,0 82.2673447,17.0005855,0 82.2673289,17.0005934,0 82.2673045,17.0006101,0 82.2672984,17.0009254,0 82.267327,17.0009525,0 82.2673761,17.0009623,0 82.2677396,17.0009919,0 82.2679454,17.0010039,0</coordinates></LineString>
</Placemark>
<Placemark><name>highway</name><styleUrl>#highway</styleUrl><description>highway: service
source: maxar</description>
<LineString><tessellate>1</tessellate><coordinates>82.2809679,17.0004624,0 82.2806755,16.9990196,0 82.2806608,16.9990004,0 82.2806326,16.9989933,0 82.2796462,16.9992165,0 82.2796302,16.9992286,0 82.2796221,16.9992472,0 82.2798836,17.0003528,0</coordinates></LineString>
</Placemark>
<Placemark><name>highway</name><styleUrl>#highway</styleUrl><description>highway: service
source: maxar</description>
<LineString><tessellate>1</tessellate><coordinates>82.2794035,17.0004762,0 82.2798836,17.0003528,0 82.2799822,17.0006933,0 82.2799902,17.0007087,0 82.2800083,17.0007157,0 82.2800446,17.0007131,0 82.2809431,17.0004932,0 82.2809612,17.0004817,0 82.2809679,17.0004624,0</coordinates></LineString>
</Placemark>
<Placemark><name>highway</name><styleUrl>#highway</styleUrl><description>highway: tertiary
oneway: yes</description>
<LineString><tessellate>1</tessellate><coordinates>82.2410502,16.9849143,0 82.2411624,16.9849134,0 82.2417663,16.9847099,0 82.2419236,16.984641,0 82.2430032,16.9842515,0 82.2436337,16.9840093,0 82.2440507,16.9838206,0 82.2450665,16.9833513,0 82.245196,16.983287,0 82.2460663,16.9828291,0 82.2467007,16.9825739,0 82.2472479,16.9823725,0 82.2484897,16.9819839,0 82.2488089,16.9818735,0 82.2497074,16.9815939,0 82.2500601,16.9815221,0 82.2505439,16.9814489,0 82.2509349,16.9813897,0 82.2515513,16.9813043,0 82.2523883,16.9811874,0 82.2528036,16.9811368,0 82.2532601,16.9810659,0 82.2536871,16.9810076,0 82.2541661,16.9809361,0 82.2548735,16.9808321,0</coordinates></LineString>
</Placemark>
<Placemark><name>highway</name><styleUrl>#highway</styleUrl><description>highway: service
source: maxar</description>
<LineString><tessellate>1</tessellate><coordinates>82.2495753,16.9830523,0 82.2497022,16.9831968,0</coordinates></LineString>
</Placemark>
<Placemark><name>highway</name><styleUrl>#highway</styleUrl><description>highway: service
source: maxar</description>
<LineString><tessellate>1</tessellate><coordinates>82.2495753,16.9830523,0 82.249487,16.9832599,0</coordinates></LineString>
</Placemark>
<Placemark><name>highway</name><styleUrl>#highway</styleUrl><description>highway: service
source: maxar</description>
<LineString><tessellate>1</tessellate><coordinates>82.2494611,16.9827226,0 82.2495753,16.9830523,0</coordinates></LineString>
</Placemark>
<Placemark><name>highway</name><styleUrl>#highway</styleUrl><description>highway: service
source: maxar</description>
<LineString><tessellate>1</tessellate><coordinates>82.2499011,16.9825803,0 82.2494611,16.9827226,0 82.2490684,16.9828496,0 82.2490503,16.982867,0 82.2490436,16.9828913,0 82.249051,16.9829215,0 82.2492045,16.983304,0 82.2492169,16.9833229,0 82.2492407,16.983329,0 82.2492622,16.9833258,0 82.249487,16.9832599,0 82.2497022,16.9831968,0 82.2499984,16.9831099,0</coordinates></LineString>
</Placemark>
<Placemark><name>highway</name><styleUrl>#highway</styleUrl><description>highway: service
source: maxar</description>
<LineString><tessellate>1</tessellate><coordinates>82.2728116,17.027711,0 82.271976,17.0280836,0 82.2718647,17.0281613,0 82.2717735,17.0282457,0 82.2716293,17.0284511,0 82.2715646,17.0285074,0 82.271494,17.0285383,0 82.2714066,17.0285725,0 82.2705752,17.0288978,0 82.2704084,17.0289631,0</coordinates></LineString>
</Placemark>
<Placemark><name>highway</name><styleUrl>#highway</styleUrl><description>highway: service
source: maxar</description>
<LineString><tessellate>1</tessellate><coordinates>82.2705752,17.0288978,0 82.2704119,17.0285733,0 82.2703371,17.0284247,0 82.2703304,17.0283842,0 82.2703371,17.0283458,0 82.2703639,17.028301,0 82.2706047,17.0281177,0 82.2706671,17.0280686,0 82.2707429,17.0280281,0 82.2710038,17.0279088,0 82.2710484,17.0279066,0 82.2710952,17.027913,0 82.2711385,17.0279465,0 82.2712495,17.0282057,0 82.2714066,17.0285725,0</coordinates></LineString>
</Placemark>
<Placemark><name>highway</name><styleUrl>#highway</styleUrl><description>highway: unclassified
source: maxar</description>
<LineString><tessellate>1</tessellate><coordinates>82.2387345,17.0238929,0 82.2388834,17.0243007,0 82.2390336,17.0245366,0 82.2393581,17.0250265,0 82.2395207,17.0252217,0 82.2395781,17.0252906,0 82.240254,17.0259908,0 82.2406184,17.0263424,0 82.2414395,17.0271346,0 82.2415508,17.0272205,0 82.2416635,17.0272744,0 82.241874,17.0273385,0 82.2423903,17.0274783,0 82.2425661,17.0275347,0 82.2428638,17.0276629,0 82.2432567,17.027854,0 82.2433881,17.0279309,0 82.24347,17.0280079,0 82.2435397,17.0281412,0 82.2436014,17.0283208,0 82.2436336,17.0285144,0 82.2436456,17.029203,0 82.2436416,17.0293684,0 82.2436564,17.0294325,0 82.24371,17.029521,0 82.2449478,17.0306803,0 82.2450189,17.0307469,0 82.2452966,17.0310046,0 82.245672,17.0313316,0 82.2458611,17.0315637,0 82.2461931,17.031958,0 82.2463245,17.0321067,0 82.2465122,17.0322843,0 82.2466531,17.0323914,0 82.2468093,17.0325023,0 82.2473913,17.033114,0 82.2476354,17.0334051,0 82.2477749,17.0335461,0 82.2480645,17.0337975,0 82.2483033,17.0339923,0 82.2485581,17.0342257,0 82.2490758,17.0347489,0 82.2496149,17.0353003,0 82.2500494,17.0357003,0 82.2504196,17.0360529,0 82.2505201,17.0361337,0 82.2506784,17.0362107,0</coordinates></LineString>
</Placemark>
<Placemark><name>highway</name><styleUrl>#highway</styleUrl><description>highway: residential
source: maxar</description>
<LineString><tessellate>1</tessellate><coordinates>82.2464767,17.0272423,0 82.2468241,17.0270931,0 82.2473364,17.0268884,0 82.2476599,17.0267571,0 82.2478154,17.0266839,0 82.2484159,17.0264011,0 82.2486533,17.0263101,0 82.2488341,17.0262536,0</coordinates></LineString>
</Placemark>
<Placemark><name>highway</name><styleUrl>#highway</styleUrl><description>highway: residential
source: maxar</description>
<LineString><tessellate>1</tessellate><coordinates>82.2480431,17.0287208,0 82.2479144,17.028299,0 82.2476739,17.0276385,0 82.2474986,17.0272449,0 82.2473364,17.0268884,0</coordinates></LineString>
</Placemark>
<Placemark><name>highway</name><styleUrl>#highway</styleUrl><description>highway: residential
source: maxar</description>
<LineString><tessellate>1</tessellate><coordinates>82.2476261,17.02886,0 82.2471756,17.0278683,0</coordinates></LineString>
</Placemark>
<Placemark><name>highway</name><styleUrl>#highway</styleUrl><description>highway: residential
source: maxar</description>
<LineString><tessellate>1</tessellate><coordinates>82.2479144,17.028299,0 82.2483301,17.0281707,0 82.2489473,17.0279817,0</coordinates></LineString>
</Placemark>
<Placemark><name>highway</name><styleUrl>#highway</styleUrl><description>highway: residential
source: maxar</description>
<LineString><tessellate>1</tessellate><coordinates>82.2488068,17.0267312,0 82.2497973,17.0267422,0 82.2506046,17.0267217,0 82.250969,17.0266891,0 82.2512349,17.0266653,0 82.2513732,17.0266572,0 82.2514428,17.026632,0 82.2516359,17.0265742,0 82.251935,17.0264627,0 82.2525018,17.0262572,0 82.2537146,17.0258074,0</coordinates></LineString>
</Placemark>
<Placemark><name>highway</name><styleUrl>#highway</styleUrl><description>highway: residential
source: maxar</description>
<LineString><tessellate>1</tessellate><coordinates>82.2476599,17.0267571,0 82.2478902,17.0270731,0 82.247968,17.0271885,0 82.2480485,17.0273449,0 82.2483301,17.0281707,0</coordinates></LineString>
</Placemark>
<Placemark><name>highway</name><styleUrl>#highway</styleUrl><description>highway: residential
source: maxar</description>
<LineString><tessellate>1</tessellate><coordinates>82.2476274,17.0262639,0 82.2474882,17.0259183,0 82.2474876,17.0259023,0 82.2474906,17.025886,0 82.2475013,17.0258686,0 82.2481799,17.0255497,0 82.2482309,17.025542,0 82.2482684,17.0255484,0 82.2482939,17.0255689,0 82.2484789,17.0259018,0</coordinates></LineString>
</Placemark>
<Placemark><name>highway</name><styleUrl>#highway</styleUrl><description>highway: residential
source: maxar</description>
<LineString><tessellate>1</tessellate><coordinates>82.2468241,17.0270931,0 82.2466537,17.0267063,0 82.2466524,17.0266666,0 82.2466645,17.0266294,0 82.246706,17.026605,0 82.2476274,17.0262639,0 82.2480619,17.026078,0 82.2484789,17.0259018,0 82.248839,17.0257496,0</coordinates></LineString>
</Placemark>
<Placemark><name>highway</name><styleUrl>#highway</styleUrl><description>highway: residential
source: maxar</description>
<LineString><tessellate>1</tessellate><coordinates>82.2462594,17.0276142,0 82.2463439,17.0276937,0 82.2464016,17.0277232,0 82.2464526,17.0277335,0 82.2465223,17.0277194,0 82.2474986,17.0272449,0</coordinates></LineString>
</Placemark>
<Placemark><name>highway</name><styleUrl>#highway</styleUrl><description>highway: residential
source: maxar</description>
<LineString><tessellate>1</tessellate><coordinates>82.2468147,17.0280348,0 82.2471756,17.0278683,0 82.2476739,17.0276385,0</coordinates></LineString>
</Placemark>
<Placemark><name>highway</name><styleUrl>#highway</styleUrl><description>highway: residential
source: maxar</description>
<LineString><tessellate>1</tessellate><coordinates>82.2454387,17.0272475,0 82.246187,17.0282605,0 82.2465603,17.028747,0</coordinates></LineString>
</Placemark>
<Placemark><name>highway</name><styleUrl>#highway</styleUrl><description>highway: residential
source: maxar</description>
<LineString><tessellate>1</tessellate><coordinates>82.2509265,17.0270949,0 82.2513677,17.0270513,0 82.2513909,17.0270455,0 82.2514049,17.0270336,0 82.251412,17.027017,0 82.251414,17.026983,0 82.2513732,17.0266572,0</coordinates></LineString>
</Placemark>
<Placemark><name>highway</name><styleUrl>#highway</styleUrl><description>highway: residential
source: maxar</description>
<LineString><tessellate>1</tessellate><coordinates>82.2520208,17.0273552,0 82.2528177,17.0269742,0</coordinates></LineString>
</Placemark>
<Placemark><name>highway</name><styleUrl>#highway</styleUrl><description>highway: residential
source: maxar</description>
<LineString><tessellate>1</tessellate><coordinates>82.2525018,17.0262572,0 82.2526626,17.0266221,0 82.2528177,17.0269742,0 82.2529381,17.0272475,0 82.2529851,17.0273065,0 82.253024,17.0273308,0 82.2530937,17.0273257,0 82.2531621,17.0272988,0 82.2533463,17.0272099,0 82.2537136,17.0270326,0 82.2541333,17.02683,0 82.2552797,17.026278,0 82.2553173,17.0262511,0 82.255336,17.0262229,0 82.2553334,17.0261819,0 82.2553146,17.0261408,0 82.2552288,17.0259908,0 82.2552167,17.0259466,0 82.2552207,17.0259183,0 82.2552288,17.0258953,0 82.2552576,17.0258683,0 82.2555757,17.0256953,0 82.2566584,17.025106,0 82.2568944,17.0249624,0 82.2569346,17.0249226,0 82.2569494,17.0248739,0 82.2569427,17.0248162,0 82.2569145,17.0247431,0 82.2567992,17.0245443,0 82.2567737,17.0244943,0 82.256763,17.0244456,0 82.2567677,17.0242859,0 82.256765,17.0242526,0 82.2567529,17.0242173,0 82.2566128,17.0239904,0 82.2557211,17.0226112,0 82.2557008,17.0225798,0 82.2555245,17.0223195,0 82.2555017,17.022297,0 82.2554769,17.0222887,0 82.2554514,17.0222912,0 82.255072,17.0224879,0 82.2546496,17.022714,0 82.2538367,17.0231491,0 82.2534462,17.0233515,0 82.2534209,17.0233646,0 82.2527916,17.0236025,0</coordinates></LineString>
</Placemark>
<Placemark><name>highway</name><styleUrl>#highway</styleUrl><description>highway: residential
source: maxar</description>
<LineString><tessellate>1</tessellate><coordinates>82.2508675,17.0255497,0 82.250969,17.0266891,0</coordinates></LineString>
</Placemark>
<Placemark><name>highway</name><styleUrl>#highway</styleUrl><description>highway: service
source: maxar</description>
<LineString><tessellate>1</tessellate><coordinates>82.246187,17.0282605,0 82.2462809,17.0282201,0 82.2463399,17.0281842,0 82.2464016,17.0281374,0 82.2465471,17.0279976,0</coordinates></LineString>
</Placemark>
<Placemark><name>highway</name><styleUrl>#highway</styleUrl><description>highway: residential
source: maxar</description>
<LineString><tessellate>1</tessellate><coordinates>82.2541333,17.02683,0 82.2545315,17.0277987,0 82.254636,17.0280528,0 82.2546709,17.0281137,0 82.2547017,17.0281335,0 82.2547366,17.0281444,0 82.2547775,17.0281444,0 82.2557437,17.0278117,0</coordinates></LineString>
</Placemark>
<Placemark><name>highway</name><styleUrl>#highway</styleUrl><description>highway: residential
source: maxar</description>
<LineString><tessellate>1</tessellate><coordinates>82.2537136,17.0270326,0 82.2540888,17.0278681,0 82.254115,17.0278982,0 82.2541418,17.0279098,0 82.2541807,17.0279117,0 82.2545315,17.0277987,0</coordinates></LineString>
</Placemark>
<Placemark><name>highway</name><styleUrl>#highway</styleUrl><description>highway: residential
source: maxar</description>
<LineString><tessellate>1</tessellate><coordinates>82.2519189,17.0268705,0 82.2526626,17.0266221,0</coordinates></LineString>
</Placemark>
<Placemark><name>highway</name><styleUrl>#highway</styleUrl><description>highway: residential
source: maxar</description>
<LineString><tessellate>1</tessellate><coordinates>82.2535336,17.0275886,0 82.2533463,17.0272099,0</coordinates></LineString>
</Placemark>
<Placemark><name>highway</name><styleUrl>#highway</styleUrl><description>highway: residential
source: maxar</description>
<LineString><tessellate>1</tessellate><coordinates>82.2529221,17.0287452,0 82.2525425,17.027654,0 82.2525425,17.0276232,0 82.2525566,17.0275988,0 82.2525841,17.027577,0 82.253024,17.0273308,0</coordinates></LineString>
</Placemark>
<Placemark><name>highway</name><styleUrl>#highway</styleUrl><description>highway: service
source: maxar</description>
<LineString><tessellate>1</tessellate><coordinates>82.2602057,17.027198,0 82.2600701,17.0269346,0</coordinates></LineString>
</Placemark>
<Placemark><name>highway</name><styleUrl>#highway</styleUrl><description>highway: service
source: maxar</description>
<LineString><tessellate>1</tessellate><coordinates>82.2598593,17.0273884,0 82.2597107,17.0271218,0</coordinates></LineString>
</Placemark>
<Placemark><name>highway</name><styleUrl>#highway</styleUrl><description>highway: service
source: maxar</description>
<LineString><tessellate>1</tessellate><coordinates>82.2595273,17.0275708,0 82.2593674,17.0273116,0</coordinates></LineString>
</Placemark>
<Placemark><name>highway</name><styleUrl>#highway</styleUrl><description>highway: service
source: maxar</description>
<LineString><tessellate>1</tessellate><coordinates>82.2591517,17.0277771,0 82.2590026,17.0274962,0</coordinates></LineString>
</Placemark>
<Placemark><name>highway</name><styleUrl>#highway</styleUrl><description>highway: service
source: maxar</description>
<LineString><tessellate>1</tessellate><coordinates>82.2593835,17.0281605,0 82.2591517,17.0277771,0</coordinates></LineString>
</Placemark>
<Placemark><name>highway</name><styleUrl>#highway</styleUrl><description>highway: service
source: maxar</description>
<LineString><tessellate>1</tessellate><coordinates>82.2597671,17.0279784,0 82.2595273,17.0275708,0</coordinates></LineString>
</Placemark>
<Placemark><name>highway</name><styleUrl>#highway</styleUrl><description>highway: service
source: maxar</description>
<LineString><tessellate>1</tessellate><coordinates>82.2602123,17.0279681,0 82.2598593,17.0273884,0</coordinates></LineString>
</Placemark>
<Placemark><name>highway</name><styleUrl>#highway</styleUrl><description>highway: service
source: maxar</description>
<LineString><tessellate>1</tessellate><coordinates>82.2605476,17.027745,0 82.2602057,17.027198,0</coordinates></LineString>
</Placemark>
<Placemark><name>highway</name><styleUrl>#highway</styleUrl><description>highway: service
source: maxar</description>
<LineString><tessellate>1</tessellate><coordinates>82.2605868,17.0269887,0 82.2609124,17.0275296,0</coordinates></LineString>
</Placemark>
<Placemark><name>highway</name><styleUrl>#highway</styleUrl><description>highway: service
source: maxar</description>
<LineString><tessellate>1</tessellate><coordinates>82.2604296,17.026732,0 82.2605868,17.0269887,0</coordinates></LineString>
</Placemark>
<Placemark><name>highway</name><styleUrl>#highway</styleUrl><description>highway: service
source: maxar</description>
<LineString><tessellate>1</tessellate><coordinates>82.2588927,17.0279194,0 82.2591517,17.0277771,0 82.2595273,17.0275708,0 82.2598593,17.0273884,0 82.2602057,17.027198,0 82.2605868,17.0269887,0 82.2620188,17.026202,0</coordinates></LineString>
</Placemark>
<Placemark><name>highway</name><styleUrl>#highway</styleUrl><description>highway: residential
source: maxar</description>
<LineString><tessellate>1</tessellate><coordinates>82.2478902,17.0270731,0 82.2488068,17.0267312,0</coordinates></LineString>
</Placemark>
<Placemark><name>highway</name><styleUrl>#highway</styleUrl><description>highway: residential
source: maxar</description>
<LineString><tessellate>1</tessellate><coordinates>82.254527,17.0215179,0 82.2547929,17.0219912,0 82.255072,17.0224879,0</coordinates></LineString>
</Placemark>
<Placemark><name>highway</name><styleUrl>#highway</styleUrl><description>highway: residential
source: maxar</description>
<LineString><tessellate>1</tessellate><coordinates>82.2532419,17.0220781,0 82.2532909,17.0221989,0 82.2534625,17.0224836,0 82.2538367,17.0231491,0</coordinates></LineString>
</Placemark>
<Placemark><name>highway</name><styleUrl>#highway</styleUrl><description>highway: residential
source: maxar</description>
<LineString><tessellate>1</tessellate><coordinates>82.2534209,17.0233646,0 82.252969,17.0224143,0 82.2529529,17.0223758,0 82.2529523,17.0223521,0 82.2529596,17.0223335,0 82.2529751,17.0223156,0 82.2532909,17.0221989,0</coordinates></LineString>
</Placemark>
<Placemark><name>highway</name><styleUrl>#highway</styleUrl><description>highway: residential
source: maxar</description>
<LineString><tessellate>1</tessellate><coordinates>82.252214,17.0224426,0 82.2526109,17.0222489,0 82.2529972,17.0221284,0 82.2532419,17.0220781,0 82.2534344,17.0220386,0 82.2536623,17.0219771,0 82.2538742,17.0218847,0 82.254527,17.0215179,0 82.2547708,17.0213756,0 82.2547983,17.0213474,0 82.2548123,17.0213167,0 82.2548211,17.0212705,0 82.2548253,17.0210265,0</coordinates></LineString>
</Placemark>
<Placemark><name>highway</name><styleUrl>#highway</styleUrl><description>highway: residential
source: maxar</description>
<LineString><tessellate>1</tessellate><coordinates>82.2525348,17.0212871,0 82.2529972,17.0221284,0</coordinates></LineString>
</Placemark>
<Placemark><name>highway</name><styleUrl>#highway</styleUrl><description>highway: residential
source: maxar</description>
<LineString><tessellate>1</tessellate><coordinates>82.2520814,17.0213864,0 82.2526109,17.0222489,0</coordinates></LineString>
</Placemark>
<Placemark><name>highway</name><styleUrl>#highway</styleUrl><description>bridge: yes
highway: residential
layer: 1
source: maxar</description>
<LineString><tessellate>1</tessellate><coordinates>82.2522743,17.0225003,0 82.2523186,17.0225528,0</coordinates></LineString>
</Placemark>
<Placemark><name>highway</name><styleUrl>#highway</styleUrl><description>highway: residential
source: maxar</description>
<LineString><tessellate>1</tessellate><coordinates>82.2517007,17.0215742,0 82.2519753,17.0220555,0 82.252214,17.0224426,0 82.2522743,17.0225003,0</coordinates></LineString>
</Placemark>
<Placemark><name>highway</name><styleUrl>#highway</styleUrl><description>highway: residential
source: maxar</description>
<LineString><tessellate>1</tessellate><coordinates>82.2523186,17.0225528,0 82.2523937,17.0226695,0 82.2524218,17.0227285,0 82.2525492,17.023053,0 82.2525897,17.0231427,0 82.2527477,17.0234928,0 82.2527916,17.0236025,0 82.2533002,17.0248752,0 82.2534022,17.0251188,0 82.2535757,17.0254782,0 82.2537146,17.0258074,0 82.2541333,17.02683,0</coordinates></LineString>
</Placemark>
<Placemark><name>highway</name><styleUrl>#highway</styleUrl><description>highway: residential
source: maxar</description>
<LineString><tessellate>1</tessellate><coordinates>82.2523212,17.0254651,0 82.2534022,17.0251188,0</coordinates></LineString>
</Placemark>
<Placemark><name>highway</name><styleUrl>#highway</styleUrl><description>highway: residential
source: maxar</description>
<LineString><tessellate>1</tessellate><coordinates>82.2519329,17.0238821,0 82.2521871,17.0246546,0 82.2522166,17.0247495,0 82.2522676,17.0249623,0 82.2523212,17.0254651,0 82.2523266,17.0256728,0 82.2523588,17.0258831,0 82.2523937,17.0260113,0 82.2525018,17.0262572,0</coordinates></LineString>
</Placemark>
<Placemark><name>highway</name><styleUrl>#highway</styleUrl><description>highway: residential
source: maxar</description>
<LineString><tessellate>1</tessellate><coordinates>82.2515099,17.0240057,0 82.2517781,17.0246918,0 82.2517969,17.0247803,0 82.2517902,17.0248444,0 82.2517768,17.0249021,0 82.2517701,17.0249675,0 82.251935,17.0264627,0</coordinates></LineString>
</Placemark>
<Placemark><name>highway</name><styleUrl>#highway</styleUrl><description>highway: residential
source: maxar</description>
<LineString><tessellate>1</tessellate><coordinates>82.2513732,17.0266572,0 82.2513878,17.0261678,0 82.2513664,17.0257728,0 82.2512913,17.0250957,0</coordinates></LineString>
</Placemark>
<Placemark><name>highway</name><styleUrl>#highway</styleUrl><description>highway: service
source: maxar</description>
<LineString><tessellate>1</tessellate><coordinates>82.2429492,17.0230006,0 82.243014,17.0232569,0 82.2432393,17.023898,0 82.2432621,17.0240173,0 82.2432661,17.0241596,0</coordinates></LineString>
</Placemark>
<Placemark><name>highway</name><styleUrl>#highway</styleUrl><description>highway: service
source: maxar</description>
<LineString><tessellate>1</tessellate><coordinates>82.2461026,17.0227642,0 82.2462051,17.0235774,0 82.2462272,17.0236233,0 82.2462576,17.0236395,0 82.246295,17.0236147,0 82.2463469,17.0236034,0 82.2463883,17.0235856,0 82.2466713,17.0233903,0 82.2467814,17.0233498,0 82.2471164,17.0232684,0 82.24716,17.0232549,0 82.2471875,17.0232524,0 82.2472103,17.0232594,0 82.2472271,17.023278,0 82.2473196,17.0235796,0</coordinates></LineString>
</Placemark>
<Placemark><name>highway</name><styleUrl>#highway</styleUrl><description>highway: service
source: maxar</description>
<LineString><tessellate>1</tessellate><coordinates>82.2452697,17.0245059,0 82.2451864,17.0238635,0</coordinates></LineString>
</Placemark>
<Placemark><name>highway</name><styleUrl>#highway</styleUrl><description>highway: service
source: maxar</description>
<LineString><tessellate>1</tessellate><coordinates>82.2445199,17.0239094,0 82.2451864,17.0238635,0 82.2457311,17.023848,0</coordinates></LineString>
</Placemark>
<Placemark><name>highway</name><styleUrl>#highway</styleUrl><description>highway: service
source: maxar</description>
<LineString><tessellate>1</tessellate><coordinates>82.2447145,17.0234749,0 82.2450967,17.0234351,0</coordinates></LineString>
</Placemark>
<Placemark><name>highway</name><styleUrl>#highway</styleUrl><description>highway: residential
source: maxar</description>
<LineString><tessellate>1</tessellate><coordinates>82.2450233,17.0228458,0 82.2450685,17.0233594,0 82.2450793,17.0234018,0 82.2450967,17.0234351,0 82.2451437,17.0234466,0 82.2457002,17.0234415,0</coordinates></LineString>
</Placemark>
<Placemark><name>highway</name><styleUrl>#highway</styleUrl><description>highway: residential
source: maxar</description>
<LineString><tessellate>1</tessellate><coordinates>82.2458464,17.0250624,0 82.2457673,17.024838,0 82.2457458,17.0247264,0 82.2457418,17.0245815,0 82.2457311,17.023848,0 82.2457002,17.0234415,0 82.2456513,17.022799,0</coordinates></LineString>
</Placemark>
<Placemark><name>highway</name><styleUrl>#highway</styleUrl><description>highway: residential
source: maxar</description>
<LineString><tessellate>1</tessellate><coordinates>82.2550886,17.0218161,0 82.2547929,17.0219912,0</coordinates></LineString>
</Placemark>
<Placemark><name>highway</name><styleUrl>#highway</styleUrl><description>highway: residential
source: maxar</description>
<LineString><tessellate>1</tessellate><coordinates>82.2528657,17.0256779,0 82.2535757,17.0254782,0</coordinates></LineString>
</Placemark>
<Placemark><name>highway</name><styleUrl>#highway</styleUrl><description>highway: residential
source: maxar</description>
<LineString><tessellate>1</tessellate><coordinates>82.2571358,17.0216731,0 82.257491,17.02138,0</coordinates></LineString>
</Placemark>
<Placemark><name>highway</name><styleUrl>#highway</styleUrl><description>highway: residential
source: maxar</description>
<LineString><tessellate>1</tessellate><coordinates>82.2535068,17.0245392,0 82.2536328,17.0248085,0 82.2536583,17.0248418,0 82.2536919,17.0248585,0 82.2537428,17.0248611,0 82.2541107,17.0246893,0</coordinates></LineString>
</Placemark>
<Placemark><name>highway</name><styleUrl>#highway</styleUrl><description>highway: residential
source: maxar</description>
<LineString><tessellate>1</tessellate><coordinates>82.254239,17.0243597,0 82.2545232,17.0241955,0</coordinates></LineString>
</Placemark>
<Placemark><name>highway</name><styleUrl>#highway</styleUrl><description>highway: residential
source: maxar</description>
<LineString><tessellate>1</tessellate><coordinates>82.2541107,17.0246893,0 82.2545703,17.0244033,0 82.2545924,17.0243815,0 82.2545978,17.0243571,0 82.2545931,17.0243263,0 82.2545232,17.0241955,0 82.2543692,17.0239068,0</coordinates></LineString>
</Placemark>
<Placemark><name>highway</name><styleUrl>#highway</styleUrl><description>highway: residential
source: maxar</description>
<LineString><tessellate>1</tessellate><coordinates>82.2537857,17.024193,0 82.2540379,17.0240878,0 82.2543692,17.0239068,0 82.2546011,17.02378,0 82.2551241,17.0234914,0</coordinates></LineString>
</Placemark>
<Placemark><name>highway</name><styleUrl>#highway</styleUrl><description>highway: residential
source: maxar</description>
<LineString><tessellate>1</tessellate><coordinates>82.2546496,17.022714,0 82.2548854,17.0230825,0 82.2551241,17.0234914,0 82.2553897,17.0239109,0</coordinates></LineString>
</Placemark>
<Placemark><name>highway</name><styleUrl>#highway</styleUrl><description>highway: residential
source: maxar</description>
<LineString><tessellate>1</tessellate><coordinates>82.2536167,17.0237467,0 82.2541532,17.0234749,0 82.2548854,17.0230825,0</coordinates></LineString>
</Placemark>
<Placemark><name>highway</name><styleUrl>#highway</styleUrl><description>highway: residential
source: maxar</description>
<LineString><tessellate>1</tessellate><coordinates>82.2545546,17.0253672,0 82.2541107,17.0246893,0 82.2537857,17.024193,0 82.2537214,17.0240763,0 82.2536556,17.0238531,0 82.2536167,17.0237467,0 82.2534462,17.0233515,0</coordinates></LineString>
</Placemark>
<Placemark><name>highway</name><styleUrl>#highway</styleUrl><description>highway: service
source: maxar</description>
<LineString><tessellate>1</tessellate><coordinates>82.258088,17.0239185,0 82.2579626,17.0237223,0 82.2579599,17.0237063,0 82.2579606,17.0236877,0 82.2579693,17.0236672,0 82.2593638,17.0227254,0</coordinates></LineString>
</Placemark>
<Placemark><name>highway</name><styleUrl>#highway</styleUrl><description>highway: service
source: maxar</description>
<LineString><tessellate>1</tessellate><coordinates>82.258493,17.0246136,0 82.259118,17.024275,0 82.2593249,17.0241516,0 82.2595552,17.0240006,0 82.2600392,17.0236418,0</coordinates></LineString>
</Placemark>
<Placemark><name>highway</name><styleUrl>#highway</styleUrl><description>highway: residential
source: maxar</description>
<LineString><tessellate>1</tessellate><coordinates>82.2566128,17.0239904,0 82.2569911,17.023758,0 82.257573,17.0234005,0 82.259121,17.0224135,0</coordinates></LineString>
</Placemark>
<Placemark><name>highway</name><styleUrl>#highway</styleUrl><description>highway: residential
source: maxar</description>
<LineString><tessellate>1</tessellate><coordinates>82.2584233,17.0211307,0 82.2592977,17.020805,0 82.2593433,17.020796,0 82.2593848,17.0207999,0 82.259417,17.0208217,0 82.2595905,17.0212372,0</coordinates></LineString>
</Placemark>
<Placemark><name>highway</name><styleUrl>#highway</styleUrl><description>highway: residential
source: maxar</description>
<LineString><tessellate>1</tessellate><coordinates>82.2585855,17.0216065,0 82.2584233,17.0211307,0 82.2580305,17.0201476,0</coordinates></LineString>
</Placemark>
<Placemark><name>highway</name><styleUrl>#highway</styleUrl><description>highway: residential
source: maxar</description>
<LineString><tessellate>1</tessellate><coordinates>82.2606897,17.0208768,0 82.2608563,17.0213772,0 82.2610876,17.0219796,0</coordinates></LineString>
</Placemark>
<Placemark><name>highway</name><styleUrl>#highway</styleUrl><description>highway: residential
source: maxar</description>
<LineString><tessellate>1</tessellate><coordinates>82.2604269,17.0209589,0 82.2606254,17.0214487,0</coordinates></LineString>
</Placemark>
<Placemark><name>highway</name><styleUrl>#highway</styleUrl><description>highway: residential
source: maxar</description>
<LineString><tessellate>1</tessellate><coordinates>82.2598073,17.0211615,0 82.2600833,17.0216348,0</coordinates></LineString>
</Placemark>
<Placemark><name>highway</name><styleUrl>#highway</styleUrl><description>highway: residential
source: maxar</description>
<LineString><tessellate>1</tessellate><coordinates>82.2585064,17.0216898,0 82.2585855,17.0216065,0 82.2587089,17.0215449,0 82.2595905,17.0212372,0 82.2598073,17.0211615,0 82.2600368,17.0210864,0 82.2601837,17.0210384,0 82.2604269,17.0209589,0 82.2606292,17.0208957,0 82.2606897,17.0208768,0 82.261188,17.0207145,0</coordinates></LineString>
</Placemark>
<Placemark><name>highway</name><styleUrl>#highway</styleUrl><description>highway: residential
source: maxar</description>
<LineString><tessellate>1</tessellate><coordinates>82.2586362,17.0217907,0 82.2591703,17.0215757,0</coordinates></LineString>
</Placemark>
<Placemark><name>highway</name><styleUrl>#highway</styleUrl><description>highway: residential
source: maxar</description>
<LineString><tessellate>1</tessellate><coordinates>82.2587853,17.0219822,0 82.2592346,17.021786,0</coordinates></LineString>
</Placemark>
<Placemark><name>highway</name><styleUrl>#highway</styleUrl><description>highway: residential
source: maxar</description>
<LineString><tessellate>1</tessellate><coordinates>82.2603771,17.021534,0 82.2604859,17.0217565,0 82.260569,17.0219771,0 82.2606281,17.0221357,0</coordinates></LineString>
</Placemark>
<Placemark><name>highway</name><styleUrl>#highway</styleUrl><description>highway: residential
source: maxar</description>
<LineString><tessellate>1</tessellate><coordinates>82.259641,17.022272,0 82.260569,17.0219771,0</coordinates></LineString>
</Placemark>
<Placemark><name>highway</name><styleUrl>#highway</styleUrl><description>highway: residential
source: maxar</description>
<LineString><tessellate>1</tessellate><coordinates>82.2595257,17.0220976,0 82.2604859,17.0217565,0</coordinates></LineString>
</Placemark>
<Placemark><name>highway</name><styleUrl>#highway</styleUrl><description>highway: residential
source: maxar</description>
<LineString><tessellate>1</tessellate><coordinates>82.2606254,17.0214487,0 82.2608549,17.0220586,0</coordinates></LineString>
</Placemark>
<Placemark><name>highway</name><styleUrl>#highway</styleUrl><description>highway: residential
source: maxar</description>
<LineString><tessellate>1</tessellate><coordinates>82.2588606,17.0220789,0 82.2593701,17.0218796,0 82.2597861,17.0217368,0 82.2600833,17.0216348,0 82.2603771,17.021534,0 82.2606254,17.0214487,0 82.2608563,17.0213772,0 82.2613806,17.0212148,0</coordinates></LineString>
</Placemark>
<Placemark><name>highway</name><styleUrl>#highway</styleUrl><description>highway: residential
source: maxar</description>
<LineString><tessellate>1</tessellate><coordinates>82.2592651,17.0225986,0 82.2597537,17.0224327,0 82.2606281,17.0221357,0 82.2608549,17.0220586,0 82.2610876,17.0219796,0 82.2615574,17.02182,0 82.2615742,17.0218065,0 82.2615836,17.0217879,0 82.2615856,17.0217648,0 82.2615695,17.0217052,0 82.2613806,17.0212148,0 82.2613563,17.0211517,0 82.261188,17.0207145,0 82.2609472,17.0200894,0 82.2607625,17.0196346,0 82.2605744,17.0191713,0</coordinates></LineString>
</Placemark>
<Placemark><name>highway</name><styleUrl>#highway</styleUrl><description>access: private
highway: service
source: maxar</description>
<LineString><tessellate>1</tessellate><coordinates>82.2542129,17.018741,0 82.2547615,17.0185063,0 82.2549913,17.0184132,0 82.2551674,17.0183704,0 82.2553154,17.018361,0 82.2554209,17.0183767,0</coordinates></LineString>
</Placemark>
<Placemark><name>highway</name><styleUrl>#highway</styleUrl><description>highway: residential
source: maxar</description>
<LineString><tessellate>1</tessellate><coordinates>82.2575381,17.0177632,0 82.2579543,17.0175325,0</coordinates></LineString>
</Placemark>
<Placemark><name>highway</name><styleUrl>#highway</styleUrl><description>highway: residential
source: maxar</description>
<LineString><tessellate>1</tessellate><coordinates>82.2453877,17.0067139,0 82.2456448,17.0069701,0</coordinates></LineString>
</Placemark>
<Placemark><name>highway</name><styleUrl>#highway</styleUrl><description>highway: service
source: maxar</description>
<LineString><tessellate>1</tessellate><coordinates>82.242904,17.0185044,0 82.2429939,17.0186019,0 82.2430167,17.0186115,0 82.2430475,17.0186134,0 82.243083,17.0186057,0 82.2437293,17.0183911,0</coordinates></LineString>
</Placemark>
<Placemark><name>highway</name><styleUrl>#highway</styleUrl><description>highway: service
source: maxar</description>
<LineString><tessellate>1</tessellate><coordinates>82.2480994,17.0197945,0 82.2481035,17.0194547,0 82.2481115,17.0194162,0 82.2481289,17.0193867,0 82.2481585,17.01937,0 82.2486252,17.0193341,0</coordinates></LineString>
</Placemark>
<Placemark><name>highway</name><styleUrl>#highway</styleUrl><description>highway: residential
source: maxar</description>
<LineString><tessellate>1</tessellate><coordinates>82.2457736,17.0200935,0 82.2466506,17.0199115,0</coordinates></LineString>
</Placemark>
<Placemark><name>highway</name><styleUrl>#highway</styleUrl><description>highway: service
source: maxar</description>
<LineString><tessellate>1</tessellate><coordinates>82.247674,17.0176368,0 82.2485363,17.0174549,0 82.2485916,17.0174439,0</coordinates></LineString>
</Placemark>
<Placemark><name>highway</name><styleUrl>#highway</styleUrl><description>highway: residential
source: maxar</description>
<LineString><tessellate>1</tessellate><coordinates>82.2477017,17.0167726,0 82.2478594,17.0172772,0</coordinates></LineString>
</Placemark>
<Placemark><name>highway</name><styleUrl>#highway</styleUrl><description>highway: residential
source: maxar</description>
<LineString><tessellate>1</tessellate><coordinates>82.2604078,17.0202751,0 82.2598683,17.020487,0 82.2598408,17.02051,0 82.2598334,17.0205363,0 82.2598408,17.0205806,0 82.2600368,17.0210864,0</coordinates></LineString>
</Placemark>
<Placemark><name>highway</name><styleUrl>#highway</styleUrl><description>highway: residential
source: maxar</description>
<LineString><tessellate>1</tessellate><coordinates>82.2608238,17.0246849,0 82.2611913,17.0244206,0 82.2612161,17.024409,0 82.2612403,17.0244071,0 82.2612718,17.0244174,0 82.2615172,17.0246854,0 82.2615601,17.0247072,0 82.2616138,17.0247149,0 82.2616741,17.0247072,0 82.2626075,17.0243468,0 82.2626357,17.0243263,0 82.2626477,17.0243064,0 82.2626511,17.0242808,0 82.2626424,17.0242449,0 82.2624922,17.0238647,0 82.2621489,17.0230345,0</coordinates></LineString>
</Placemark>
<Placemark><name>highway</name><styleUrl>#highway</styleUrl><description>highway: residential
source: maxar</description>
<LineString><tessellate>1</tessellate><coordinates>82.2613563,17.0211517,0 82.2618739,17.0209486,0 82.2619028,17.0209262,0 82.2619162,17.020905,0 82.2619249,17.0208723,0 82.2619316,17.0208076,0 82.2619423,17.0207787,0 82.2619631,17.0207601,0 82.261996,17.0207492,0 82.2632559,17.0204967,0 82.2633002,17.0204882,0 82.2633203,17.0204902,0 82.2633354,17.0204972,0 82.2633458,17.0205088,0 82.2633542,17.0205274,0 82.2634831,17.0210592,0</coordinates></LineString>
</Placemark>
<Placemark><name>highway</name><styleUrl>#highway</styleUrl><description>highway: service
source: maxar</description>
<LineString><tessellate>1</tessellate><coordinates>82.2614434,17.0199663,0 82.261658,17.0205265,0</coordinates></LineString>
</Placemark>
<Placemark><name>highway</name><styleUrl>#highway</styleUrl><description>highway: service
source: maxar</description>
<LineString><tessellate>1</tessellate><coordinates>82.2618082,17.0204664,0 82.261658,17.0205265,0 82.261188,17.0207145,0</coordinates></LineString>
</Placemark>
<Placemark><name>highway</name><styleUrl>#highway</styleUrl><description>highway: residential
source: maxar</description>
<LineString><tessellate>1</tessellate><coordinates>82.2557491,17.023621,0 82.255072,17.0224879,0</coordinates></LineString>
</Placemark>
<Placemark><name>highway</name><styleUrl>#highway</styleUrl><description>highway: residential
source: maxar</description>
<LineString><tessellate>1</tessellate><coordinates>82.2510338,17.0224524,0 82.2511784,17.0224389,0 82.2513382,17.0223533,0 82.2519753,17.0220555,0</coordinates></LineString>
</Placemark>
<Placemark><name>highway</name><styleUrl>#highway</styleUrl><description>highway: residential
source: maxar</description>
<LineString><tessellate>1</tessellate><coordinates>82.2501983,17.0233114,0 82.2501846,17.0224715,0 82.2501902,17.0220921,0</coordinates></LineString>
</Placemark>
<Placemark><name>highway</name><styleUrl>#highway</styleUrl><description>highway: residential
source: maxar</description>
<LineString><tessellate>1</tessellate><coordinates>82.2487428,17.0234221,0 82.248829,17.0234248,0 82.249313,17.0233814,0 82.2501983,17.0233114,0 82.2506607,17.0233338,0</coordinates></LineString>
</Placemark>
<Placemark><name>highway</name><styleUrl>#highway</styleUrl><description>highway: residential
source: maxar</description>
<LineString><tessellate>1</tessellate><coordinates>82.2488479,17.0244828,0 82.2493648,17.0244603,0 82.2493862,17.0244501,0 82.2494003,17.0244302,0 82.2494057,17.0243981,0 82.249313,17.0233814,0 82.2492796,17.0224968,0</coordinates></LineString>
</Placemark>
<Placemark><name>highway</name><styleUrl>#highway</styleUrl><description>highway: residential
source: maxar</description>
<LineString><tessellate>1</tessellate><coordinates>82.2626477,17.0164295,0 82.2623552,17.0160281,0</coordinates></LineString>
</Placemark>
<Placemark><name>highway</name><styleUrl>#highway</styleUrl><description>highway: residential
source: maxar</description>
<LineString><tessellate>1</tessellate><coordinates>82.2622508,17.0166475,0 82.2619627,17.0162369,0</coordinates></LineString>
</Placemark>
<Placemark><name>highway</name><styleUrl>#highway</styleUrl><description>highway: residential
source: maxar</description>
<LineString><tessellate>1</tessellate><coordinates>82.2618431,17.0168784,0 82.2616044,17.0164276,0</coordinates></LineString>
</Placemark>
<Placemark><name>highway</name><styleUrl>#highway</styleUrl><description>highway: residential
source: maxar</description>
<LineString><tessellate>1</tessellate><coordinates>82.2524642,17.0170395,0 82.2528546,17.017641,0</coordinates></LineString>
</Placemark>
<Placemark><name>highway</name><styleUrl>#highway</styleUrl><description>highway: residential
source: maxar</description>
<LineString><tessellate>1</tessellate><coordinates>82.2516598,17.0145548,0 82.2517327,17.0147186,0 82.2519396,17.0150542,0</coordinates></LineString>
</Placemark>
<Placemark><name>highway</name><styleUrl>#highway</styleUrl><description>highway: residential
source: maxar</description>
<LineString><tessellate>1</tessellate><coordinates>82.2436182,17.012446,0 82.2430864,17.0126952,0</coordinates></LineString>
</Placemark>
<Placemark><name>highway</name><styleUrl>#highway</styleUrl><description>highway: residential
source: maxar</description>
<LineString><tessellate>1</tessellate><coordinates>82.2429925,17.0139417,0 82.2431435,17.0142987,0</coordinates></LineString>
</Placemark>
<Placemark><name>highway</name><styleUrl>#highway</styleUrl><description>highway: service
source: maxar</description>
<LineString><tessellate>1</tessellate><coordinates>82.2468566,17.0220692,0 82.2468486,17.0215731,0</coordinates></LineString>
</Placemark>
<Placemark><name>highway</name><styleUrl>#highway</styleUrl><description>highway: residential
source: maxar</description>
<LineString><tessellate>1</tessellate><coordinates>82.2453314,17.014647,0 82.2458692,17.0143889,0</coordinates></LineString>
</Placemark>
<Placemark><name>highway</name><styleUrl>#highway</styleUrl><description>highway: service
source: maxar</description>
<LineString><tessellate>1</tessellate><coordinates>82.2420672,17.0223772,0 82.2442049,17.0214231,0 82.2442451,17.0213955,0 82.2442639,17.0213647,0 82.2442679,17.0213192,0 82.2442397,17.0212442,0 82.2441713,17.0211294,0 82.2441553,17.0210852,0 82.2441546,17.021057,0 82.2441687,17.0210294,0 82.2446635,17.0207383,0</coordinates></LineString>
</Placemark>
<Placemark><name>highway</name><styleUrl>#highway</styleUrl><description>highway: service
source: maxar</description>
<LineString><tessellate>1</tessellate><coordinates>82.2481686,17.0217216,0 82.2482027,17.0226247,0</coordinates></LineString>
</Placemark>
<Placemark><name>highway</name><styleUrl>#highway</styleUrl><description>highway: residential
source: maxar</description>
<LineString><tessellate>1</tessellate><coordinates>82.2539064,17.0202972,0 82.254276,17.0200391,0</coordinates></LineString>
</Placemark>
<Placemark><name>highway</name><styleUrl>#highway</styleUrl><description>highway: residential
source: maxar</description>
<LineString><tessellate>1</tessellate><coordinates>82.2522113,17.0186583,0 82.2526383,17.0193569,0</coordinates></LineString>
</Placemark>
<Placemark><name>highway</name><styleUrl>#highway</styleUrl><description>highway: residential
source: maxar</description>
<LineString><tessellate>1</tessellate><coordinates>82.2527916,17.0236025,0 82.2519329,17.0238821,0 82.2515769,17.023998,0 82.251536,17.0240064,0 82.2515099,17.0240057,0 82.2514891,17.0239929,0 82.251473,17.0239686,0 82.2513349,17.0236351,0 82.2513295,17.0236089,0 82.2513322,17.0235826,0 82.2513483,17.0235582,0 82.2525897,17.0231427,0</coordinates></LineString>
</Placemark>
<Placemark><name>pitapuram-kkd rd</name><styleUrl>#highway</styleUrl><description>foot: yes
highway: trunk
name: pitapuram-kkd rd
oneway: yes
ref: NH216
ref:old: NH214</description>
<LineString><tessellate>1</tessellate><coordinates>82.2427656,16.9949491,0 82.2429569,16.9954288,0 82.2429816,16.9954906,0 82.2431879,16.9960077,0 82.2432958,16.9962997,0 82.2433685,16.9964966,0 82.243435,16.9966684,0 82.2436353,16.9971814,0 82.2440243,16.9981922,0 82.2441361,16.9984643,0 82.2442589,16.9987833,0 82.2444093,16.9991549,0 82.244484,16.9993552,0 82.2445213,16.9994593,0 82.2446266,16.9997198,0 82.2446833,16.9998618,0 82.2448693,17.0003331,0 82.2452507,17.0012995,0 82.2453268,17.0014955,0 82.2454472,17.0018058,0 82.2455027,17.0019296,0 82.2456593,17.0023378,0 82.2456958,17.0024306,0 82.245856,17.0028377,0 82.2460477,17.0033251,0 82.2463801,17.0041698,0 82.2466022,17.0047588,0 82.2468122,17.0053001,0 82.2468455,17.005386,0 82.2470277,17.0058378,0 82.2471338,17.0061009,0 82.2472507,17.0063909,0 82.2473481,17.0066325,0 82.2473671,17.0066815,0 82.2476119,17.0073116,0 82.2477747,17.007731,0 82.2477942,17.0077811,0 82.2481678,17.0087196,0 82.2482043,17.0088193,0 82.2482228,17.0088697,0 82.2482778,17.009062,0 82.2483207,17.0092903,0 82.2483516,17.0095199,0 82.2483744,17.0098482,0 82.2483797,17.0100841,0 82.2483958,17.0111845,0 82.2484025,17.011641,0 82.248392,17.0123588,0 82.2484141,17.0127664,0 82.2484233,17.0131424,0 82.2484421,17.0136833,0 82.2484466,17.0137461,0 82.2484964,17.0146739,0 82.2485125,17.0153856,0 82.2485299,17.0160204,0 82.2485635,17.0166719,0 82.2485705,17.0167437,0 82.2485809,17.0168501,0 82.2485863,17.017063,0</coordinates></LineString>
</Placemark>
<Placemark><name>Kakinada - Rajanagaram (ADB) Road</name><styleUrl>#highway</styleUrl><description>highway: primary
name: Kakinada - Rajanagaram (ADB) Road
network: IN:SH:AP
oneway: yes
ref: SH15</description>
<LineString><tessellate>1</tessellate><coordinates>82.2493852,17.022409,0 82.2492785,17.0224059,0 82.2491559,17.0224263,0 82.2488467,17.0225343,0</coordinates></LineString>
</Placemark>
<Placemark><name>Kakinada - Rajanagaram (ADB) Road</name><styleUrl>#highway</styleUrl><description>highway: primary
name: Kakinada - Rajanagaram (ADB) Road
network: IN:SH:AP
oneway: yes
ref: SH15
source: maxar</description>
<LineString><tessellate>1</tessellate><coordinates>82.2488661,17.0226699,0 82.2492032,17.0225272,0 82.2492796,17.0224968,0 82.2493852,17.022409,0</coordinates></LineString>
</Placemark>
<Placemark><name>Kakinada - Rajanagaram (ADB) Road</name><styleUrl>#highway</styleUrl><description>highway: primary
name: Kakinada - Rajanagaram (ADB) Road
network: IN:SH:AP
oneway: yes
ref: SH216</description>
<LineString><tessellate>1</tessellate><coordinates>82.2479881,17.0226708,0 82.2482,17.0227131,0 82.2486882,17.0226869,0</coordinates></LineString>
</Placemark>
<Placemark><name>Kakinada - Rajanagaram (ADB) Road</name><styleUrl>#highway</styleUrl><description>highway: primary
name: Kakinada - Rajanagaram (ADB) Road
network: IN:SH:AP
oneway: yes
ref: SH216
source: maxar</description>
<LineString><tessellate>1</tessellate><coordinates>82.2486791,17.0225504,0 82.2482027,17.0226247,0 82.2479881,17.0226708,0</coordinates></LineString>
</Placemark>
<Placemark><name>highway</name><styleUrl>#highway</styleUrl><description>highway: trunk
oneway: yes
ref: NH216
ref:old: NH214</description>
<LineString><tessellate>1</tessellate><coordinates>82.2487308,17.0227141,0 82.2487428,17.0234221,0 82.2487874,17.0235415,0</coordinates></LineString>
</Placemark>
<Placemark><name>highway</name><styleUrl>#highway</styleUrl><description>highway: trunk
oneway: yes
ref: NH216
ref:old: NH214
source: maxar</description>
<LineString><tessellate>1</tessellate><coordinates>82.2487874,17.0235415,0 82.248829,17.0234248,0 82.24883,17.0227046,0</coordinates></LineString>
</Placemark>
<Placemark><name>highway</name><styleUrl>#highway</styleUrl><description>highway: trunk
junction: roundabout
ref: NH216
source: maxar</description>
<LineString><tessellate>1</tessellate><coordinates>82.2487178,17.0225183,0 82.2486791,17.0225504,0 82.2486594,17.0225956,0 82.2486626,17.0226445,0 82.2486882,17.0226869,0 82.2487308,17.0227141,0</coordinates></LineString>
</Placemark>
<Placemark><name>highway</name><styleUrl>#highway</styleUrl><description>bridge: yes
highway: trunk
layer: 1
oneway: yes
ref: NH216
ref:old: NH214
source: maxar</description>
<LineString><tessellate>1</tessellate><coordinates>82.2486708,17.0175362,0 82.2486694,17.0172874,0</coordinates></LineString>
</Placemark>
<Placemark><name>highway</name><styleUrl>#highway</styleUrl><description>highway: trunk
oneway: yes
ref: NH216
ref:old: NH214
source: maxar</description>
<LineString><tessellate>1</tessellate><coordinates>82.2488022,17.0225102,0 82.2487915,17.0218591,0 82.2487798,17.02155,0 82.2487512,17.0207922,0 82.2487438,17.0204562,0 82.2487298,17.0198176,0 82.2486868,17.0187481,0 82.2486708,17.0175362,0</coordinates></LineString>
</Placemark>
<Placemark><name>highway</name><styleUrl>#highway</styleUrl><description>foot: yes
highway: trunk
oneway: yes
ref: NH216
ref:old: NH214</description>
<LineString><tessellate>1</tessellate><coordinates>82.2485943,17.0172708,0 82.2485916,17.0174439,0 82.2485876,17.017558,0 82.2485911,17.0181031,0 82.2486252,17.0193341,0 82.2486359,17.0195637,0 82.2486627,17.0204639,0 82.2486976,17.0215565,0 82.2487178,17.0225183,0</coordinates></LineString>
</Placemark>
<Placemark><name>highway</name><styleUrl>#highway</styleUrl><description>bridge: yes
foot: yes
highway: trunk
layer: 1
oneway: yes
ref: NH216
ref:old: NH214</description>
<LineString><tessellate>1</tessellate><coordinates>82.2485863,17.017063,0 82.2485943,17.0172708,0</coordinates></LineString>
</Placemark>
<Placemark><name>highway</name><styleUrl>#highway</styleUrl><description>highway: trunk
oneway: yes
ref: NH216
ref:old: NH214
source: maxar</description>
<LineString><tessellate>1</tessellate><coordinates>82.2486694,17.0172874,0 82.2486415,17.0167406,0 82.2486386,17.0166847,0 82.2485974,17.0157512,0 82.2485957,17.0156498,0 82.2485849,17.0152177,0 82.2485594,17.0143969,0 82.2485447,17.0138891,0 82.2485377,17.0137129,0 82.2485246,17.0132799,0 82.2485085,17.0128862,0 82.2485073,17.0128453,0 82.248505,17.0127656,0 82.2484951,17.0124169,0 82.248487,17.0119129,0 82.2484736,17.0112717,0 82.2484717,17.0112166,0 82.2484535,17.0106753,0 82.2484515,17.0104985,0 82.2484495,17.0103164,0 82.2484481,17.0102047,0 82.2484401,17.0098046,0 82.2484186,17.0095494,0 82.2484052,17.009407,0 82.2483703,17.0091877,0 82.2483449,17.0090325,0 82.2483073,17.0089146,0 82.2482604,17.0087902,0 82.2479586,17.0080258,0 82.2477065,17.0073615,0 82.2473887,17.006551,0 82.2470921,17.0058168,0 82.2469421,17.0054288,0 82.2467463,17.0049158,0 82.2463842,17.0039617,0 82.2463662,17.0039284,0 82.2461307,17.0033243,0 82.2457676,17.002407,0 82.2455772,17.0018981,0 82.2455305,17.001778,0 82.245318,17.0012633,0 82.2450685,17.0006336,0 82.2448499,17.0000963,0 82.2447011,16.9996884,0 82.2445964,16.9994349,0 82.2444997,16.9991798,0 82.2444825,16.9991344,0 82.2442052,16.9984332,0 82.244111,16.9982058,0 82.2438589,16.9975577,0 82.2438361,16.9974992,0 82.2435181,16.9966432,0 82.2432609,16.9959859,0 82.2430358,16.9954143,0 82.2428314,16.9949032,0</coordinates></LineString>
</Placemark>
<Placemark><name>Kakinada - Rajanagaram (ADB) Road</name><styleUrl>#highway</styleUrl><description>highway: primary
name: Kakinada - Rajanagaram (ADB) Road
network: IN:SH:AP
ref: SH216</description>
<LineString><tessellate>1</tessellate><coordinates>82.2479881,17.0226708,0 82.2478611,17.0226793,0 82.2473414,17.022714,0 82.246431,17.0227408,0 82.2461026,17.0227642,0 82.2460369,17.0227702,0 82.2456513,17.022799,0 82.2450233,17.0228458,0 82.2429492,17.0230006,0 82.2428483,17.0230081,0 82.2427345,17.0230166,0 82.2419885,17.0230723,0 82.2413241,17.0231101,0</coordinates></LineString>
</Placemark>
<Placemark><name>highway</name><styleUrl>#highway</styleUrl><description>highway: residential
source: maxar</description>
<LineString><tessellate>1</tessellate><coordinates>82.2593701,17.0218796,0 82.2595257,17.0220976,0 82.259641,17.022272,0 82.2597537,17.0224327,0</coordinates></LineString>
</Placemark>
<Placemark><name>highway</name><styleUrl>#highway</styleUrl><description>highway: residential
source: maxar</description>
<LineString><tessellate>1</tessellate><coordinates>82.2606292,17.0208957,0 82.2604078,17.0202751,0 82.2602794,17.019915,0 82.260274,17.0198753,0 82.2602834,17.0198522,0 82.2603102,17.0198253,0 82.2607625,17.0196346,0</coordinates></LineString>
</Placemark>
<Placemark><name>highway</name><styleUrl>#highway</styleUrl><description>highway: residential
source: maxar</description>
<LineString><tessellate>1</tessellate><coordinates>82.2597861,17.0217368,0 82.2595905,17.0212372,0</coordinates></LineString>
</Placemark>
<Placemark><name>highway</name><styleUrl>#highway</styleUrl><description>highway: service
source: maxar</description>
<LineString><tessellate>1</tessellate><coordinates>82.2566584,17.025106,0 82.2570285,17.0257856,0 82.2571599,17.0260011,0 82.2573316,17.0262652,0</coordinates></LineString>
</Placemark>
<Placemark><name>highway</name><styleUrl>#highway</styleUrl><description>highway: service
source: maxar</description>
<LineString><tessellate>1</tessellate><coordinates>82.259118,17.024275,0 82.2591062,17.0242116,0 82.2591032,17.0241827,0 82.2591066,17.0241609,0 82.2591146,17.0241442,0 82.2591357,17.024126,0 82.2591636,17.0241106,0 82.2591897,17.0241029,0 82.2592179,17.0241022,0 82.2592474,17.0241086,0 82.2593249,17.0241516,0</coordinates></LineString>
</Placemark>
<Placemark><name>highway</name><styleUrl>#highway</styleUrl><description>highway: residential
source: maxar</description>
<LineString><tessellate>1</tessellate><coordinates>82.2563606,17.022885,0 82.2565671,17.0231709,0 82.2569911,17.023758,0</coordinates></LineString>
</Placemark>
<Placemark><name>highway</name><styleUrl>#highway</styleUrl><description>highway: path
source: maxar</description>
<LineString><tessellate>1</tessellate><coordinates>82.2557211,17.0226112,0 82.2560227,17.0224631,0 82.2560569,17.0224522,0 82.2560783,17.0224477,0 82.2560991,17.0224541,0 82.2561159,17.0224701,0 82.2563606,17.022885,0</coordinates></LineString>
</Placemark>
<Placemark><name>highway</name><styleUrl>#highway</styleUrl><description>highway: residential
source: maxar</description>
<LineString><tessellate>1</tessellate><coordinates>82.2542444,17.0219976,0 82.2546496,17.022714,0</coordinates></LineString>
</Placemark>
<Placemark><name>highway</name><styleUrl>#highway</styleUrl><description>highway: residential
source: maxar</description>
<LineString><tessellate>1</tessellate><coordinates>82.2538742,17.0093301,0 82.2542739,17.0091633,0 82.2542933,17.0091569,0 82.2543195,17.0091563,0 82.2543537,17.0091633,0 82.2544816,17.0092222,0</coordinates></LineString>
</Placemark>
<Placemark><name>highway</name><styleUrl>#highway</styleUrl><description>highway: residential
source: maxar</description>
<LineString><tessellate>1</tessellate><coordinates>82.2533888,17.0095147,0 82.2525278,17.0098258,0</coordinates></LineString>
</Placemark>
<Placemark><name>highway</name><styleUrl>#highway</styleUrl><description>highway: residential
source: maxar</description>
<LineString><tessellate>1</tessellate><coordinates>82.2513492,17.0157897,0 82.2516909,17.0156883,0 82.2517258,17.015678,0 82.251756,17.0156761,0 82.2517808,17.0156851,0 82.2518574,17.0157903,0</coordinates></LineString>
</Placemark>
<Placemark><name>highway</name><styleUrl>#highway</styleUrl><description>highway: residential</description>
<LineString><tessellate>1</tessellate><coordinates>82.2537075,17.0162685,0 82.2541678,17.0159657,0 82.2537192,17.0153292,0 82.2536136,17.0151329,0 82.2533087,17.0153712,0 82.2531993,17.0155261,0</coordinates></LineString>
</Placemark>
<Placemark><name>highway</name><styleUrl>#highway</styleUrl><description>highway: residential
source: maxar</description>
<LineString><tessellate>1</tessellate><coordinates>82.2554326,17.0193303,0 82.2550533,17.0188374,0</coordinates></LineString>
</Placemark>
<Placemark><name>highway</name><styleUrl>#highway</styleUrl><description>highway: residential</description>
<LineString><tessellate>1</tessellate><coordinates>82.2440895,17.0157526,0 82.2444936,17.016792,0</coordinates></LineString>
</Placemark>
<Placemark><name>highway</name><styleUrl>#highway</styleUrl><description>highway: service
source: maxar</description>
<LineString><tessellate>1</tessellate><coordinates>82.2599668,17.0192631,0 82.2597831,17.0188148,0</coordinates></LineString>
</Placemark>
<Placemark><name>highway</name><styleUrl>#highway</styleUrl><description>highway: residential
source: maxar</description>
<LineString><tessellate>1</tessellate><coordinates>82.2596168,17.0180479,0 82.2592999,17.017568,0</coordinates></LineString>
</Placemark>
<Placemark><name>highway</name><styleUrl>#highway</styleUrl><description>highway: service
source: maxar</description>
<LineString><tessellate>1</tessellate><coordinates>82.2577715,17.0195688,0 82.2579709,17.0201674,0</coordinates></LineString>
</Placemark>
<Placemark><name>highway</name><styleUrl>#highway</styleUrl><description>highway: residential
source: maxar</description>
<LineString><tessellate>1</tessellate><coordinates>82.2563977,17.0198615,0 82.2571988,17.0197727,0 82.2572444,17.0197573,0 82.2572632,17.01974,0 82.2572706,17.0197182,0 82.2572699,17.0196919,0 82.2571746,17.0193909,0</coordinates></LineString>
</Placemark>
<Placemark><name>highway</name><styleUrl>#highway</styleUrl><description>highway: residential
source: Bing</description>
<LineString><tessellate>1</tessellate><coordinates>82.2615331,17.0074014,0 82.2619679,17.0079476,0</coordinates></LineString>
</Placemark>
<Placemark><name>highway</name><styleUrl>#highway</styleUrl><description>highway: residential
source: Bing</description>
<LineString><tessellate>1</tessellate><coordinates>82.2623379,17.007134,0 82.2615331,17.0074014,0</coordinates></LineString>
</Placemark>
<Placemark><name>highway</name><styleUrl>#highway</styleUrl><description>highway: residential
source: Bing</description>
<LineString><tessellate>1</tessellate><coordinates>82.2576846,17.0078978,0 82.257831,17.0083644,0</coordinates></LineString>
</Placemark>
<Placemark><name>highway</name><styleUrl>#highway</styleUrl><description>highway: residential
source: Bing</description>
<LineString><tessellate>1</tessellate><coordinates>82.2567614,17.012186,0 82.2578126,17.0117992,0</coordinates></LineString>
</Placemark>
<Placemark><name>highway</name><styleUrl>#highway</styleUrl><description>highway: residential
source: Bing</description>
<LineString><tessellate>1</tessellate><coordinates>82.2566588,17.0120487,0 82.2567614,17.012186,0</coordinates></LineString>
</Placemark>
<Placemark><name>highway</name><styleUrl>#highway</styleUrl><description>highway: residential</description>
<LineString><tessellate>1</tessellate><coordinates>82.2562013,17.0099295,0 82.2565348,17.0107143,0 82.2561618,17.0108661,0</coordinates></LineString>
</Placemark>
<Placemark><name>highway</name><styleUrl>#highway</styleUrl><description>highway: service
source: maxar</description>
<LineString><tessellate>1</tessellate><coordinates>82.2488813,17.0112242,0 82.2484717,17.0112166,0</coordinates></LineString>
</Placemark>
<Placemark><name>highway</name><styleUrl>#highway</styleUrl><description>highway: residential</description>
<LineString><tessellate>1</tessellate><coordinates>82.2506837,17.011342,0 82.2512006,17.0111483,0 82.2516746,17.0109832,0</coordinates></LineString>
</Placemark>
<Placemark><name>highway</name><styleUrl>#highway</styleUrl><description>highway: residential
source: maxar</description>
<LineString><tessellate>1</tessellate><coordinates>82.2515497,17.0097019,0 82.2517687,17.0101585,0 82.251876,17.0104099,0 82.2520661,17.0108372,0</coordinates></LineString>
</Placemark>
<Placemark><name>highway</name><styleUrl>#highway</styleUrl><description>highway: residential
source: maxar</description>
<LineString><tessellate>1</tessellate><coordinates>82.2492822,17.0127283,0 82.2492233,17.0125977,0 82.2492206,17.0125451,0 82.2492327,17.0125066,0 82.2492568,17.012472,0 82.2493078,17.0124425,0 82.2499467,17.0122153,0</coordinates></LineString>
</Placemark>
<Placemark><name>highway</name><styleUrl>#highway</styleUrl><description>highway: residential
source: maxar</description>
<LineString><tessellate>1</tessellate><coordinates>82.2518921,17.0117256,0 82.2516591,17.0118447,0</coordinates></LineString>
</Placemark>
<Placemark><name>highway</name><styleUrl>#highway</styleUrl><description>highway: residential
source: maxar</description>
<LineString><tessellate>1</tessellate><coordinates>82.2510859,17.0121522,0 82.2514978,17.0119462,0</coordinates></LineString>
</Placemark>
<Placemark><name>highway</name><styleUrl>#highway</styleUrl><description>highway: residential</description>
<LineString><tessellate>1</tessellate><coordinates>82.2504475,17.0130728,0 82.2501026,17.0131786,0</coordinates></LineString>
</Placemark>
<Placemark><name>highway</name><styleUrl>#highway</styleUrl><description>highway: residential
source: maxar</description>
<LineString><tessellate>1</tessellate><coordinates>82.2500843,17.0131153,0 82.2496892,17.0132803,0</coordinates></LineString>
</Placemark>
<Placemark><name>highway</name><styleUrl>#highway</styleUrl><description>highway: residential</description>
<LineString><tessellate>1</tessellate><coordinates>82.2500973,17.0127194,0 82.2502103,17.0128952,0</coordinates></LineString>
</Placemark>
<Placemark><name>highway</name><styleUrl>#highway</styleUrl><description>highway: residential</description>
<LineString><tessellate>1</tessellate><coordinates>82.2525694,17.0108057,0 82.2529269,17.0104965,0</coordinates></LineString>
</Placemark>
<Placemark><name>highway</name><styleUrl>#highway</styleUrl><description>highway: residential</description>
<LineString><tessellate>1</tessellate><coordinates>82.2544561,17.0172,0 82.254896,17.0168703,0</coordinates></LineString>
</Placemark>
<Placemark><name>highway</name><styleUrl>#highway</styleUrl><description>highway: residential</description>
<LineString><tessellate>1</tessellate><coordinates>82.254896,17.0168703,0 82.2552915,17.0165768,0</coordinates></LineString>
</Placemark>
<Placemark><name>highway</name><styleUrl>#highway</styleUrl><description>highway: residential</description>
<LineString><tessellate>1</tessellate><coordinates>82.2554715,17.0150968,0 82.2553755,17.0148027,0 82.2553035,17.0145926,0</coordinates></LineString>
</Placemark>
<Placemark><name>highway</name><styleUrl>#highway</styleUrl><description>highway: residential</description>
<LineString><tessellate>1</tessellate><coordinates>82.2558935,17.0161528,0 82.2552915,17.0165768,0</coordinates></LineString>
</Placemark>
<Placemark><name>highway</name><styleUrl>#highway</styleUrl><description>highway: residential</description>
<LineString><tessellate>1</tessellate><coordinates>82.2558935,17.0161528,0 82.2562051,17.0159106,0</coordinates></LineString>
</Placemark>
<Placemark><name>highway</name><styleUrl>#highway</styleUrl><description>highway: residential</description>
<LineString><tessellate>1</tessellate><coordinates>82.2553035,17.0145926,0 82.2552456,17.0144344,0 82.2550203,17.0138521,0</coordinates></LineString>
</Placemark>
<Placemark><name>highway</name><styleUrl>#highway</styleUrl><description>highway: residential</description>
<LineString><tessellate>1</tessellate><coordinates>82.2543403,17.0152529,0 82.2553035,17.0145926,0</coordinates></LineString>
</Placemark>
<Placemark><name>highway</name><styleUrl>#highway</styleUrl><description>highway: residential</description>
<LineString><tessellate>1</tessellate><coordinates>82.2548025,17.0132197,0 82.2547535,17.0131178,0</coordinates></LineString>
</Placemark>
<Placemark><name>highway</name><styleUrl>#highway</styleUrl><description>highway: residential</description>
<LineString><tessellate>1</tessellate><coordinates>82.2551892,17.0129231,0 82.2547535,17.0131178,0</coordinates></LineString>
</Placemark>
<Placemark><name>highway</name><styleUrl>#highway</styleUrl><description>highway: residential</description>
<LineString><tessellate>1</tessellate><coordinates>82.2537987,17.0108599,0 82.2540616,17.011256,0 82.2543088,17.0116391,0</coordinates></LineString>
</Placemark>
<Placemark><name>highway</name><styleUrl>#highway</styleUrl><description>highway: residential
source: maxar</description>
<LineString><tessellate>1</tessellate><coordinates>82.2522166,17.0247495,0 82.2517902,17.0248444,0</coordinates></LineString>
</Placemark>
<Placemark><name>highway</name><styleUrl>#highway</styleUrl><description>highway: residential
source: maxar</description>
<LineString><tessellate>1</tessellate><coordinates>82.2508123,17.0137215,0 82.2509105,17.0139248,0</coordinates></LineString>
</Placemark>
<Placemark><name>highway</name><styleUrl>#highway</styleUrl><description>highway: residential
source: maxar</description>
<LineString><tessellate>1</tessellate><coordinates>82.2597596,17.01738,0 82.2599226,17.017694,0</coordinates></LineString>
</Placemark>
<Placemark><name>highway</name><styleUrl>#highway</styleUrl><description>highway: residential
source: maxar</description>
<LineString><tessellate>1</tessellate><coordinates>82.258155,17.0157678,0 82.2579914,17.0155298,0</coordinates></LineString>
</Placemark>
<Placemark><name>highway</name><styleUrl>#highway</styleUrl><description>highway: residential
source: maxar</description>
<LineString><tessellate>1</tessellate><coordinates>82.2611843,17.0156278,0 82.2608104,17.0158166,0</coordinates></LineString>
</Placemark>
<Placemark><name>highway</name><styleUrl>#highway</styleUrl><description>highway: residential
source: maxar</description>
<LineString><tessellate>1</tessellate><coordinates>82.2614475,17.0138102,0 82.26165,17.0142494,0 82.2619852,17.0149778,0</coordinates></LineString>
</Placemark>
<Placemark><name>highway</name><styleUrl>#highway</styleUrl><description>highway: residential
source: maxar</description>
<LineString><tessellate>1</tessellate><coordinates>82.2585549,17.0164797,0 82.258898,17.0162667,0 82.2589403,17.0162397,0 82.2589557,17.0162224,0 82.2589611,17.0162006,0 82.2589543,17.0161679,0 82.2587864,17.0158269,0</coordinates></LineString>
</Placemark>
<Placemark><name>highway</name><styleUrl>#highway</styleUrl><description>highway: residential
source: maxar</description>
<LineString><tessellate>1</tessellate><coordinates>82.2573106,17.015389,0 82.2575987,17.015781,0 82.2583487,17.0166111,0</coordinates></LineString>
</Placemark>
<Placemark><name>highway</name><styleUrl>#highway</styleUrl><description>highway: residential
source: maxar</description>
<LineString><tessellate>1</tessellate><coordinates>82.2584555,17.0176709,0 82.2581974,17.0178515,0</coordinates></LineString>
</Placemark>
<Placemark><name>highway</name><styleUrl>#highway</styleUrl><description>highway: residential</description>
<LineString><tessellate>1</tessellate><coordinates>82.257005,17.0086278,0 82.2566604,17.0080025,0</coordinates></LineString>
</Placemark>
<Placemark><name>highway</name><styleUrl>#highway</styleUrl><description>highway: residential</description>
<LineString><tessellate>1</tessellate><coordinates>82.2601447,17.0055365,0 82.2602686,17.0055468,0 82.2603625,17.0055673,0 82.2604594,17.005627,0 82.261035,17.0055919,0 82.2614326,17.0055307,0 82.2617452,17.0054802,0 82.262064,17.005435,0</coordinates></LineString>
</Placemark>
<Placemark><name>highway</name><styleUrl>#highway</styleUrl><description>highway: residential
source: maxar</description>
<LineString><tessellate>1</tessellate><coordinates>82.2618216,17.0069139,0 82.2612708,17.0069785,0</coordinates></LineString>
</Placemark>
<Placemark><name>highway</name><styleUrl>#highway</styleUrl><description>highway: residential
source: maxar</description>
<LineString><tessellate>1</tessellate><coordinates>82.2579324,17.0097892,0 82.2582449,17.0096821,0 82.2582697,17.0096814,0 82.2582878,17.0096891,0 82.2583039,17.0097071,0 82.2583502,17.0098257,0</coordinates></LineString>
</Placemark>
<Placemark><name>highway</name><styleUrl>#highway</styleUrl><description>highway: residential
source: maxar</description>
<LineString><tessellate>1</tessellate><coordinates>82.2561701,17.0099361,0 82.2560039,17.0095917,0 82.2557554,17.0091189,0</coordinates></LineString>
</Placemark>
<Placemark><name>highway</name><styleUrl>#highway</styleUrl><description>highway: residential
source: maxar</description>
<LineString><tessellate>1</tessellate><coordinates>82.2564599,17.0094429,0 82.2565749,17.0098034,0</coordinates></LineString>
</Placemark>
<Placemark><name>highway</name><styleUrl>#highway</styleUrl><description>highway: residential
source: maxar</description>
<LineString><tessellate>1</tessellate><coordinates>82.2568703,17.0092634,0 82.257215,17.0091356,0</coordinates></LineString>
</Placemark>
<Placemark><name>highway</name><styleUrl>#highway</styleUrl><description>highway: residential
source: maxar</description>
<LineString><tessellate>1</tessellate><coordinates>82.2587505,17.0096558,0 82.2585088,17.0090544,0</coordinates></LineString>
</Placemark>
<Placemark><name>highway</name><styleUrl>#highway</styleUrl><description>highway: residential
source: maxar</description>
<LineString><tessellate>1</tessellate><coordinates>82.2597536,17.0083092,0 82.2598698,17.0086111,0</coordinates></LineString>
</Placemark>
<Placemark><name>highway</name><styleUrl>#highway</styleUrl><description>highway: residential
source: maxar</description>
<LineString><tessellate>1</tessellate><coordinates>82.2615668,17.0079088,0 82.2613687,17.0074845,0</coordinates></LineString>
</Placemark>
<Placemark><name>highway</name><styleUrl>#highway</styleUrl><description>highway: residential
source: maxar</description>
<LineString><tessellate>1</tessellate><coordinates>82.2612396,17.009507,0 82.2611034,17.0091808,0</coordinates></LineString>
</Placemark>
<Placemark><name>highway</name><styleUrl>#highway</styleUrl><description>highway: residential
source: maxar</description>
<LineString><tessellate>1</tessellate><coordinates>82.2609606,17.0088043,0 82.2611034,17.0091808,0</coordinates></LineString>
</Placemark>
<Placemark><name>highway</name><styleUrl>#highway</styleUrl><description>highway: residential
source: maxar</description>
<LineString><tessellate>1</tessellate><coordinates>82.2577463,17.0102984,0 82.2579419,17.010854,0</coordinates></LineString>
</Placemark>
<Placemark><name>highway</name><styleUrl>#highway</styleUrl><description>highway: residential
source: maxar</description>
<LineString><tessellate>1</tessellate><coordinates>82.2602633,17.0118847,0 82.2604377,17.0123914,0</coordinates></LineString>
</Placemark>
<Placemark><name>highway</name><styleUrl>#highway</styleUrl><description>highway: residential
source: maxar</description>
<LineString><tessellate>1</tessellate><coordinates>82.260679,17.0116615,0 82.2608286,17.0122794,0</coordinates></LineString>
</Placemark>
<Placemark><name>highway</name><styleUrl>#highway</styleUrl><description>highway: residential
source: maxar</description>
<LineString><tessellate>1</tessellate><coordinates>82.2553683,17.0133418,0 82.2551892,17.0129231,0</coordinates></LineString>
</Placemark>
<Placemark><name>highway</name><styleUrl>#highway</styleUrl><description>highway: residential</description>
<LineString><tessellate>1</tessellate><coordinates>82.253805,17.0053525,0 82.2537797,17.0052954,0</coordinates></LineString>
</Placemark>
<Placemark><name>highway</name><styleUrl>#highway</styleUrl><description>highway: secondary
oneway: yes
ref: MDR024</description>
<LineString><tessellate>1</tessellate><coordinates>82.2492702,16.9941954,0 82.2491356,16.9941888,0 82.2489811,16.9942236,0 82.2485836,16.9943172,0 82.2482416,16.9943839,0 82.2475858,16.9944993,0 82.2474825,16.9945096,0 82.2472814,16.9945468,0 82.2470896,16.9945891,0 82.2466913,16.9946712,0 82.246584,16.9947007,0 82.2462367,16.9947943,0 82.2460167,16.9948649,0 82.2458182,16.9949277,0 82.2455648,16.9950034,0 82.245487,16.9950265,0 82.2453783,16.9950572,0 82.245255,16.9950636,0 82.2451302,16.9950431,0 82.2449304,16.9949616,0 82.2446541,16.9948379,0 82.2444521,16.9947652,0 82.2443546,16.9947399,0 82.2441511,16.9947234,0 82.2440423,16.9947299,0 82.2436742,16.9947556,0 82.2435463,16.9947584,0 82.2428157,16.9948028,0</coordinates></LineString>
</Placemark>
<Placemark><name>highway</name><styleUrl>#highway</styleUrl><description>highway: secondary_link
source: maxar</description>
<LineString><tessellate>1</tessellate><coordinates>82.2449304,16.9949616,0 82.2448942,16.995029,0</coordinates></LineString>
</Placemark>
<Placemark><name>vakalapudi rd</name><styleUrl>#highway</styleUrl><description>highway: secondary
name: vakalapudi rd
oneway: yes
ref: MDR024
source: maxar</description>
<LineString><tessellate>1</tessellate><coordinates>82.2428414,16.9948644,0 82.243191,16.9948443,0 82.2435464,16.9948271,0 82.2437194,16.9948187,0 82.2439179,16.9948097,0 82.2440869,16.994802,0 82.2441526,16.9948013,0 82.2442129,16.9948007,0 82.2443673,16.9948176,0 82.2445777,16.9948828,0 82.2448942,16.995029,0 82.2450592,16.9950996,0 82.245122,16.9951303,0 82.2452348,16.9951419,0 82.2453435,16.9951393,0 82.2455668,16.9950983,0 82.2460561,16.994944,0 82.2462753,16.9948769,0 82.2466191,16.9947716,0 82.2471253,16.9946573,0 82.2475038,16.9945845,0 82.2476122,16.9945636,0 82.2482751,16.994454,0 82.2490535,16.9942877,0 82.2491509,16.9942633,0 82.2492702,16.9941954,0</coordinates></LineString>
</Placemark>
<Placemark><name>highway</name><styleUrl>#highway</styleUrl><description>highway: residential
source: maxar</description>
<LineString><tessellate>1</tessellate><coordinates>82.2478154,17.0266839,0 82.2476274,17.0262639,0</coordinates></LineString>
</Placemark>
<Placemark><name>highway</name><styleUrl>#highway</styleUrl><description>highway: residential
source: maxar</description>
<LineString><tessellate>1</tessellate><coordinates>82.2565671,17.0231709,0 82.2566792,17.0230716,0 82.2566885,17.0230523,0 82.2566899,17.0230312,0 82.2566778,17.0230055,0 82.2565189,17.0227798,0 82.2565129,17.0227567,0 82.2565196,17.0227375,0 82.2565397,17.0227131,0 82.2575408,17.0220591,0</coordinates></LineString>
</Placemark>
<Placemark><name>highway</name><styleUrl>#highway</styleUrl><description>highway: service
source: maxar</description>
<LineString><tessellate>1</tessellate><coordinates>82.2570953,17.0209805,0 82.2576481,17.0207255,0</coordinates></LineString>
</Placemark>
<Placemark><name>highway</name><styleUrl>#highway</styleUrl><description>highway: residential
source: maxar</description>
<LineString><tessellate>1</tessellate><coordinates>82.2601837,17.0210384,0 82.2603771,17.021534,0</coordinates></LineString>
</Placemark>
<Placemark><name>highway</name><styleUrl>#highway</styleUrl><description>highway: service
source: maxar</description>
<LineString><tessellate>1</tessellate><coordinates>82.2433881,17.0279309,0 82.2437114,17.0276873,0 82.2438066,17.0275911,0 82.2439729,17.0274116,0 82.244119,17.0271859,0 82.2442572,17.0270102,0 82.2443685,17.0269115,0 82.2444852,17.0268461,0 82.2446944,17.026764,0 82.2449505,17.0266627,0 82.2450927,17.0265973,0 82.2453421,17.0264537,0 82.2457699,17.0262062,0 82.245896,17.0261165,0 82.246014,17.0259908,0 82.2461012,17.025842,0 82.2461709,17.025624,0</coordinates></LineString>
</Placemark>
<Placemark><name>Kakinada - Rajanagaram (ADB) Road</name><styleUrl>#highway</styleUrl><description>highway: primary
name: Kakinada - Rajanagaram (ADB) Road
network: IN:SH:AP
oneway: yes
ref: SH15</description>
<LineString><tessellate>1</tessellate><coordinates>82.2725277,17.0156229,0 82.2723573,17.0156011,0 82.2715914,17.0155936,0 82.2711155,17.015655,0 82.2708932,17.0156992,0</coordinates></LineString>
</Placemark>
<Placemark><name>Kakinada - Rajanagaram (ADB) Road</name><styleUrl>#highway</styleUrl><description>highway: primary
name: Kakinada - Rajanagaram (ADB) Road
network: IN:SH:AP
ref: SH15</description>
<LineString><tessellate>1</tessellate><coordinates>82.2725277,17.0156229,0 82.2745488,17.0156501,0 82.2748037,17.0156549,0 82.2756405,17.0156709,0 82.2786405,17.0157282,0 82.2796067,17.0157654,0 82.2806178,17.0157519,0 82.2808179,17.0157378,0 82.2811935,17.0157113,0 82.2817795,17.01567,0 82.2818071,17.0156672,0 82.2828638,17.0155592,0 82.2829963,17.015528,0 82.2831291,17.0154729,0 82.2832605,17.0154177,0 82.2834268,17.0153151,0 82.2836253,17.0151343,0 82.2838127,17.0149414,0 82.2838485,17.0148936,0</coordinates></LineString>
</Placemark>
<Placemark><name>Kakinada - Rajanagaram (ADB) Road</name><styleUrl>#highway</styleUrl><description>highway: primary
name: Kakinada - Rajanagaram (ADB) Road
network: IN:SH:AP
oneway: yes
ref: SH15
source: maxar</description>
<LineString><tessellate>1</tessellate><coordinates>82.2708932,17.0156992,0 82.2711182,17.0157204,0 82.2715982,17.0156921,0 82.2719523,17.0156832,0 82.2722112,17.0156768,0 82.2723547,17.0156626,0 82.2725277,17.0156229,0</coordinates></LineString>
</Placemark>
<Placemark><name>Kakinada - Rajanagaram (ADB) Road</name><styleUrl>#highway</styleUrl><description>highway: primary
name: Kakinada - Rajanagaram (ADB) Road
network: IN:SH:AP
oneway: yes
ref: SH15</description>
<LineString><tessellate>1</tessellate><coordinates>82.2839487,17.0133912,0 82.2839499,17.0135249,0 82.2839643,17.0136156,0 82.2839731,17.0136714,0 82.2840303,17.0139981,0 82.284041,17.0141315,0 82.2840317,17.0142379,0 82.2839941,17.0144957,0 82.2839606,17.0146239,0 82.283919,17.0147188,0 82.2838485,17.0148936,0</coordinates></LineString>
</Placemark>
<Placemark><name>Kakinada - Rajanagaram (ADB) Road</name><styleUrl>#highway</styleUrl><description>highway: primary
name: Kakinada - Rajanagaram (ADB) Road
network: IN:SH:AP
oneway: yes
ref: SH15
source: maxar</description>
<LineString><tessellate>1</tessellate><coordinates>82.2838485,17.0148936,0 82.2839592,17.0147804,0 82.2839975,17.0147169,0 82.2840397,17.0146277,0 82.2840746,17.0144854,0 82.2840987,17.0143366,0 82.2841255,17.0141404,0 82.2841195,17.0140164,0 82.284084,17.0137878,0 82.284033,17.0135659,0 82.2839487,17.0133912,0</coordinates></LineString>
</Placemark>
<Placemark><name>Kakinada - Rajanagaram (ADB) Road</name><styleUrl>#highway</styleUrl><description>highway: trunk
name: Kakinada - Rajanagaram (ADB) Road
network: IN:SH:AP
ref: NH516F
ref:old: SH15</description>
<LineString><tessellate>1</tessellate><coordinates>82.2839487,17.0133912,0 82.2839054,17.0131014,0 82.2838894,17.0129975,0 82.2838712,17.0128798,0 82.2838281,17.0126156,0 82.2837037,17.0118934,0 82.283426,17.0101689,0 82.2833779,17.0098795,0 82.2832919,17.0094374,0 82.2826957,17.0066134,0 82.2825716,17.0062168,0 82.282434,17.0059692,0 82.2822454,17.0057373,0 82.2816578,17.0050699,0</coordinates></LineString>
</Placemark>
<Placemark><name>highway</name><styleUrl>#highway</styleUrl><description>highway: residential
source: maxar</description>
<LineString><tessellate>1</tessellate><coordinates>82.2551107,17.0060085,0 82.2551608,17.0061811,0 82.2551799,17.0062468,0</coordinates></LineString>
</Placemark>
<Placemark><name>highway</name><styleUrl>#highway</styleUrl><description>highway: residential
source: maxar</description>
<LineString><tessellate>1</tessellate><coordinates>82.2537146,17.0258074,0 82.2545546,17.0253672,0 82.255163,17.0250175,0 82.2552133,17.0250021,0 82.2552435,17.0250072,0 82.2552703,17.0250316,0 82.2555757,17.0256953,0</coordinates></LineString>
</Placemark>
<Placemark><name>highway</name><styleUrl>#highway</styleUrl><description>highway: residential
source: maxar</description>
<LineString><tessellate>1</tessellate><coordinates>82.2433023,17.0058687,0 82.2434987,17.0061438,0</coordinates></LineString>
</Placemark>
<Placemark><name>highway</name><styleUrl>#highway</styleUrl><description>highway: residential
source: maxar</description>
<LineString><tessellate>1</tessellate><coordinates>82.2456077,17.0078065,0 82.2454771,17.0075712,0</coordinates></LineString>
</Placemark>
<Placemark><name>highway</name><styleUrl>#highway</styleUrl><description>highway: residential
source: maxar</description>
<LineString><tessellate>1</tessellate><coordinates>82.246429,17.0064622,0 82.2460687,17.0060318,0</coordinates></LineString>
</Placemark>
<Placemark><name>highway</name><styleUrl>#highway</styleUrl><description>bridge: yes
highway: residential
layer: 1</description>
<LineString><tessellate>1</tessellate><coordinates>82.2439098,17.0096417,0 82.2440882,17.0095506,0</coordinates></LineString>
</Placemark>
<Placemark><name>highway</name><styleUrl>#highway</styleUrl><description>highway: residential</description>
<LineString><tessellate>1</tessellate><coordinates>82.2437907,17.0096813,0 82.2439098,17.0096417,0</coordinates></LineString>
</Placemark>
<Placemark><name>highway</name><styleUrl>#highway</styleUrl><description>highway: residential
source: maxar</description>
<LineString><tessellate>1</tessellate><coordinates>82.2628784,17.0106971,0 82.2626702,17.0102495,0</coordinates></LineString>
</Placemark>
<Placemark><name>highway</name><styleUrl>#highway</styleUrl><description>highway: residential
source: maxar</description>
<LineString><tessellate>1</tessellate><coordinates>82.2624868,17.0108921,0 82.2622562,17.0104323,0</coordinates></LineString>
</Placemark>
<Placemark><name>highway</name><styleUrl>#highway</styleUrl><description>highway: residential
source: maxar</description>
<LineString><tessellate>1</tessellate><coordinates>82.2490337,17.0135673,0 82.2491447,17.0139837,0</coordinates></LineString>
</Placemark>
<Placemark><name>highway</name><styleUrl>#highway</styleUrl><description>highway: service
source: maxar</description>
<LineString><tessellate>1</tessellate><coordinates>82.2485974,17.0157512,0 82.2491321,17.0155485,0 82.2494647,17.0154228,0 82.2496337,17.0153703,0 82.2500347,17.0153433,0 82.250215,17.0153491,0 82.2502486,17.0153587,0 82.2502687,17.0153741,0 82.2502834,17.0154023,0 82.2503297,17.0165375,0</coordinates></LineString>
</Placemark>
<Placemark><name>highway</name><styleUrl>#highway</styleUrl><description>highway: service
source: maxar</description>
<LineString><tessellate>1</tessellate><coordinates>82.2485705,17.0167437,0 82.2486415,17.0167406,0 82.2497638,17.01667,0 82.2497919,17.0166789,0 82.2498134,17.0166956,0 82.2498241,17.0167283,0 82.249851,17.0170914,0</coordinates></LineString>
</Placemark>
<Placemark><name>highway</name><styleUrl>#highway</styleUrl><description>bridge: yes
highway: residential
layer: 1</description>
<LineString><tessellate>1</tessellate><coordinates>82.2461602,17.0112204,0 82.2462273,17.0111357,0</coordinates></LineString>
</Placemark>
<Placemark><name>highway</name><styleUrl>#highway</styleUrl><description>highway: residential</description>
<LineString><tessellate>1</tessellate><coordinates>82.2459924,17.011302,0 82.2461602,17.0112204,0</coordinates></LineString>
</Placemark>
<Placemark><name>highway</name><styleUrl>#highway</styleUrl><description>highway: residential</description>
<LineString><tessellate>1</tessellate><coordinates>82.2473404,17.0126695,0 82.2479243,17.0124683,0 82.248392,17.0123588,0</coordinates></LineString>
</Placemark>
<Placemark><name>highway</name><styleUrl>#highway</styleUrl><description>bridge: yes
highway: residential
layer: 1</description>
<LineString><tessellate>1</tessellate><coordinates>82.2472277,17.0126926,0 82.2473404,17.0126695,0</coordinates></LineString>
</Placemark>
<Placemark><name>Kakinada - Rajanagaram (ADB) Road</name><styleUrl>#highway</styleUrl><description>bridge: yes
highway: primary
layer: 1
name: Kakinada - Rajanagaram (ADB) Road
network: IN:SH:AP
ref: SH15</description>
<LineString><tessellate>1</tessellate><coordinates>82.2513703,17.0216786,0 82.2515434,17.0216257,0</coordinates></LineString>
</Placemark>
<Placemark><name>Kakinada - Rajanagaram (ADB) Road</name><styleUrl>#highway</styleUrl><description>highway: primary
name: Kakinada - Rajanagaram (ADB) Road
network: IN:SH:AP
ref: SH15</description>
<LineString><tessellate>1</tessellate><coordinates>82.2493852,17.022409,0 82.2496951,17.0222741,0 82.2501902,17.0220921,0 82.2504315,17.0220085,0 82.250691,17.0219197,0 82.2511005,17.0217939,0 82.2513703,17.0216786,0</coordinates></LineString>
</Placemark>
<Placemark><name>highway</name><styleUrl>#highway</styleUrl><description>bridge: yes
highway: residential
layer: 1
source: maxar</description>
<LineString><tessellate>1</tessellate><coordinates>82.2509593,17.0224504,0 82.2510338,17.0224524,0</coordinates></LineString>
</Placemark>
<Placemark><name>highway</name><styleUrl>#highway</styleUrl><description>highway: residential
source: maxar</description>
<LineString><tessellate>1</tessellate><coordinates>82.2492796,17.0224968,0 82.2501846,17.0224715,0 82.2509593,17.0224504,0</coordinates></LineString>
</Placemark>
<Placemark><name>highway</name><styleUrl>#highway</styleUrl><description>highway: residential
source: maxar</description>
<LineString><tessellate>1</tessellate><coordinates>82.2432378,16.98789,0 82.242377,16.98827,0</coordinates></LineString>
</Placemark>
<Placemark><name>highway</name><styleUrl>#highway</styleUrl><description>highway: residential
source: maxar</description>
<LineString><tessellate>1</tessellate><coordinates>82.243633,16.9859424,0 82.243395,16.9853788,0</coordinates></LineString>
</Placemark>
<Placemark><name>highway</name><styleUrl>#highway</styleUrl><description>highway: service
source: maxar</description>
<LineString><tessellate>1</tessellate><coordinates>82.252761,16.985458,0 82.2528064,16.9856395,0</coordinates></LineString>
</Placemark>
<Placemark><name>highway</name><styleUrl>#highway</styleUrl><description>highway: service
source: maxar</description>
<LineString><tessellate>1</tessellate><coordinates>82.2534601,16.9855271,0 82.2528064,16.9856395,0 82.2527541,16.9856574,0 82.2527227,16.9856848,0 82.2527077,16.9857227,0 82.25269,16.9858492,0 82.2526736,16.9859118,0 82.2526259,16.9859914,0</coordinates></LineString>
</Placemark>
<Placemark><name>highway</name><styleUrl>#highway</styleUrl><description>highway: residential
source: maxar</description>
<LineString><tessellate>1</tessellate><coordinates>82.2555429,16.9876704,0 82.2553141,16.9876951,0 82.2551016,16.9877121,0 82.2546977,16.9877276,0 82.2546506,16.9877168,0 82.2546214,16.987692,0 82.2546036,16.9876485,0 82.2545513,16.9873727,0</coordinates></LineString>
</Placemark>
<Placemark><name>highway</name><styleUrl>#highway</styleUrl><description>highway: residential
source: maxar</description>
<LineString><tessellate>1</tessellate><coordinates>82.2542275,16.9886474,0 82.254171,16.9881147,0</coordinates></LineString>
</Placemark>
<Placemark><name>highway</name><styleUrl>#highway</styleUrl><description>highway: residential
source: maxar</description>
<LineString><tessellate>1</tessellate><coordinates>82.2524295,16.9894451,0 82.2518052,16.9895018,0</coordinates></LineString>
</Placemark>
<Placemark><name>highway</name><styleUrl>#highway</styleUrl><description>highway: service
source: maxar</description>
<LineString><tessellate>1</tessellate><coordinates>82.259347,16.9840144,0 82.260251,16.9841156,0</coordinates></LineString>
</Placemark>
<Placemark><name>highway</name><styleUrl>#highway</styleUrl><description>highway: service
source: maxar</description>
<LineString><tessellate>1</tessellate><coordinates>82.2614643,16.9869128,0 82.2605915,16.9869873,0 82.2602509,16.9869997,0 82.2600205,16.9869904,0 82.2597922,16.9869705,0 82.2597105,16.9869633,0 82.2590557,16.9869198,0</coordinates></LineString>
</Placemark>
<Placemark><name>highway</name><styleUrl>#highway</styleUrl><description>highway: service
source: maxar</description>
<LineString><tessellate>1</tessellate><coordinates>82.2597922,16.9869705,0 82.2598246,16.9867052,0</coordinates></LineString>
</Placemark>
<Placemark><name>highway</name><styleUrl>#highway</styleUrl><description>covered: yes
highway: service
source: maxar</description>
<LineString><tessellate>1</tessellate><coordinates>82.2598246,16.9867052,0 82.2598303,16.9866587,0</coordinates></LineString>
</Placemark>
<Placemark><name>highway</name><styleUrl>#highway</styleUrl><description>highway: service
source: maxar</description>
<LineString><tessellate>1</tessellate><coordinates>82.2598303,16.9866587,0 82.2598408,16.9865718,0 82.2598398,16.9865485,0 82.2598313,16.9865273,0 82.2598063,16.9865156,0 82.2590927,16.9864599,0</coordinates></LineString>
</Placemark>
<Placemark><name>highway</name><styleUrl>#highway</styleUrl><description>highway: service
source: maxar</description>
<LineString><tessellate>1</tessellate><coordinates>82.2591786,16.9854816,0 82.2601745,16.9855627,0 82.2602132,16.9855787,0 82.2602271,16.9856076,0 82.2602296,16.9856413,0 82.260217,16.9859193,0</coordinates></LineString>
</Placemark>
<Placemark><name>highway</name><styleUrl>#highway</styleUrl><description>highway: residential
source: maxar</description>
<LineString><tessellate>1</tessellate><coordinates>82.2574451,16.9873066,0 82.2567706,16.9874283,0 82.2564515,16.9874945,0</coordinates></LineString>
</Placemark>
<Placemark><name>highway</name><styleUrl>#highway</styleUrl><description>highway: residential
source: maxar</description>
<LineString><tessellate>1</tessellate><coordinates>82.2567706,16.9874283,0 82.2567344,16.9870686,0</coordinates></LineString>
</Placemark>
<Placemark><name>highway</name><styleUrl>#highway</styleUrl><description>highway: service
source: maxar</description>
<LineString><tessellate>1</tessellate><coordinates>82.2588957,16.9880244,0 82.2597842,16.9880487,0 82.2599214,16.988072,0 82.2600231,16.9881321,0 82.2600919,16.988238,0 82.2601219,16.9884469,0</coordinates></LineString>
</Placemark>
<Placemark><name>highway</name><styleUrl>#highway</styleUrl><description>highway: residential
source: maxar</description>
<LineString><tessellate>1</tessellate><coordinates>82.2432167,16.9907834,0 82.2436511,16.9906044,0 82.2437915,16.9905651,0 82.2438761,16.9905531,0 82.2439678,16.9905401,0 82.2441229,16.9905045,0 82.2443942,16.9904315,0 82.2450079,16.9902001,0</coordinates></LineString>
</Placemark>
<Placemark><name>highway</name><styleUrl>#highway</styleUrl><description>highway: residential
source: maxar</description>
<LineString><tessellate>1</tessellate><coordinates>82.2449134,16.9899858,0 82.2450079,16.9902001,0 82.2450919,16.9903907,0</coordinates></LineString>
</Placemark>
<Placemark><name>highway</name><styleUrl>#highway</styleUrl><description>highway: residential
source: maxar</description>
<LineString><tessellate>1</tessellate><coordinates>82.2454235,16.9875027,0 82.2455222,16.987746,0 82.2456262,16.9880093,0 82.2457081,16.9882757,0 82.2458123,16.9885712,0</coordinates></LineString>
</Placemark>
<Placemark><name>highway</name><styleUrl>#highway</styleUrl><description>highway: residential
source: maxar</description>
<LineString><tessellate>1</tessellate><coordinates>82.2471871,16.989648,0 82.247015,16.9892177,0</coordinates></LineString>
</Placemark>
<Placemark><name>highway</name><styleUrl>#highway</styleUrl><description>highway: residential
source: maxar</description>
<LineString><tessellate>1</tessellate><coordinates>82.2462552,16.9895755,0 82.246334,16.9898649,0</coordinates></LineString>
</Placemark>
<Placemark><name>highway</name><styleUrl>#highway</styleUrl><description>highway: residential
source: maxar</description>
<LineString><tessellate>1</tessellate><coordinates>82.2487888,16.9910714,0 82.248669,16.9906085,0</coordinates></LineString>
</Placemark>
<Placemark><name>highway</name><styleUrl>#highway</styleUrl><description>highway: residential
source: maxar</description>
<LineString><tessellate>1</tessellate><coordinates>82.2481687,16.9916743,0 82.248753,16.9915083,0</coordinates></LineString>
</Placemark>
<Placemark><name>highway</name><styleUrl>#highway</styleUrl><description>highway: residential
source: maxar</description>
<LineString><tessellate>1</tessellate><coordinates>82.2495464,16.9935867,0 82.2489707,16.9937433,0</coordinates></LineString>
</Placemark>
<Placemark><name>highway</name><styleUrl>#highway</styleUrl><description>highway: residential
source: maxar</description>
<LineString><tessellate>1</tessellate><coordinates>82.2473268,16.994114,0 82.2476769,16.9939717,0 82.2478158,16.9939153,0</coordinates></LineString>
</Placemark>
<Placemark><name>highway</name><styleUrl>#highway</styleUrl><description>highway: residential
source: maxar</description>
<LineString><tessellate>1</tessellate><coordinates>82.248456,16.9949702,0 82.2492577,16.9947276,0</coordinates></LineString>
</Placemark>
<Placemark><name>highway</name><styleUrl>#highway</styleUrl><description>highway: residential
source: maxar</description>
<LineString><tessellate>1</tessellate><coordinates>82.2455923,16.9955598,0 82.2458006,16.9955188,0 82.2460324,16.9954255,0 82.2462388,16.9953106,0</coordinates></LineString>
</Placemark>
<Placemark><name>highway</name><styleUrl>#highway</styleUrl><description>highway: service
source: maxar</description>
<LineString><tessellate>1</tessellate><coordinates>82.2484204,16.9963799,0 82.2489685,16.9962538,0 82.2493252,16.9961615,0 82.2502301,16.9958472,0</coordinates></LineString>
</Placemark>
<Placemark><name>highway</name><styleUrl>#highway</styleUrl><description>highway: residential
source: maxar</description>
<LineString><tessellate>1</tessellate><coordinates>82.2496806,16.9956201,0 82.2494878,16.9952268,0</coordinates></LineString>
</Placemark>
<Placemark><name>highway</name><styleUrl>#highway</styleUrl><description>highway: residential
source: maxar</description>
<LineString><tessellate>1</tessellate><coordinates>82.2551227,16.996273,0 82.2546668,16.9963782,0</coordinates></LineString>
</Placemark>
<Placemark><name>highway</name><styleUrl>#highway</styleUrl><description>highway: residential
source: maxar</description>
<LineString><tessellate>1</tessellate><coordinates>82.2573091,16.995674,0 82.2576309,16.9956242,0</coordinates></LineString>
</Placemark>
<Placemark><name>highway</name><styleUrl>#highway</styleUrl><description>highway: residential
source: maxar</description>
<LineString><tessellate>1</tessellate><coordinates>82.2613218,16.9984098,0 82.2613088,16.997294,0</coordinates></LineString>
</Placemark>
<Placemark><name>highway</name><styleUrl>#highway</styleUrl><description>highway: residential
source: maxar</description>
<LineString><tessellate>1</tessellate><coordinates>82.2600027,16.9988572,0 82.2598989,16.9980576,0</coordinates></LineString>
</Placemark>
<Placemark><name>highway</name><styleUrl>#highway</styleUrl><description>highway: residential
source: maxar</description>
<LineString><tessellate>1</tessellate><coordinates>82.259772,16.9971898,0 82.2593174,16.9972182,0 82.2590431,16.9972419,0 82.2587458,16.9972822,0</coordinates></LineString>
</Placemark>
<Placemark><name>highway</name><styleUrl>#highway</styleUrl><description>highway: residential
source: maxar</description>
<LineString><tessellate>1</tessellate><coordinates>82.2586823,16.996893,0 82.2589865,16.9968285,0 82.2595497,16.996709,0</coordinates></LineString>
</Placemark>
<Placemark><name>highway</name><styleUrl>#highway</styleUrl><description>highway: residential
source: maxar</description>
<LineString><tessellate>1</tessellate><coordinates>82.2601255,17.0011695,0 82.2600029,17.0005772,0</coordinates></LineString>
</Placemark>
<Placemark><name>highway</name><styleUrl>#highway</styleUrl><description>highway: residential
source: maxar</description>
<LineString><tessellate>1</tessellate><coordinates>82.2554362,16.9987639,0 82.2550187,16.9988323,0</coordinates></LineString>
</Placemark>
<Placemark><name>highway</name><styleUrl>#highway</styleUrl><description>highway: residential
source: maxar</description>
<LineString><tessellate>1</tessellate><coordinates>82.2543188,16.9984756,0 82.2548802,16.9982943,0</coordinates></LineString>
</Placemark>
<Placemark><name>highway</name><styleUrl>#highway</styleUrl><description>highway: residential
source: maxar</description>
<LineString><tessellate>1</tessellate><coordinates>82.2526173,16.9988459,0 82.2523209,16.9989489,0</coordinates></LineString>
</Placemark>
<Placemark><name>highway</name><styleUrl>#highway</styleUrl><description>highway: service
source: maxar</description>
<LineString><tessellate>1</tessellate><coordinates>82.2492178,17.0030039,0 82.2481085,17.0033636,0 82.2474521,17.003565,0 82.2468021,17.0037782,0 82.2463662,17.0039284,0</coordinates></LineString>
</Placemark>
<Placemark><name>highway</name><styleUrl>#highway</styleUrl><description>highway: service
source: maxar</description>
<LineString><tessellate>1</tessellate><coordinates>82.2468021,17.0037782,0 82.2469783,17.0043567,0 82.2470132,17.0043862,0 82.2470695,17.0043952,0 82.2476,17.0042487,0 82.2476292,17.0042276,0 82.2476398,17.0042039,0 82.2476394,17.0041742,0 82.2474521,17.003565,0 82.247257,17.0029455,0</coordinates></LineString>
</Placemark>
<Placemark><name>highway</name><styleUrl>#highway</styleUrl><description>highway: service
source: maxar</description>
<LineString><tessellate>1</tessellate><coordinates>82.2483095,17.0039881,0 82.2481085,17.0033636,0 82.2479341,17.0027676,0</coordinates></LineString>
</Placemark>
<Placemark><name>highway</name><styleUrl>#highway</styleUrl><description>highway: residential
source: maxar</description>
<LineString><tessellate>1</tessellate><coordinates>82.2520041,17.0031559,0 82.2520264,17.0032271,0 82.2520157,17.0032822,0 82.2519632,17.003323,0 82.2517342,17.0033954,0</coordinates></LineString>
</Placemark>
<Placemark><name>highway</name><styleUrl>#highway</styleUrl><description>highway: residential
source: maxar</description>
<LineString><tessellate>1</tessellate><coordinates>82.2531833,17.0018156,0 82.2532372,17.0018571,0 82.2533043,17.00187,0 82.2535666,17.001815,0</coordinates></LineString>
</Placemark>
<Placemark><name>highway</name><styleUrl>#highway</styleUrl><description>highway: residential
source: maxar</description>
<LineString><tessellate>1</tessellate><coordinates>82.258666,16.9928373,0 82.2585665,16.9928674,0 82.2584817,16.9928835,0 82.2583637,16.9928838,0 82.2582199,16.9928563,0 82.2581128,16.9928466,0 82.2579606,16.9928403,0 82.2577257,16.9928493,0 82.2574842,16.9928427,0</coordinates></LineString>
</Placemark>
<Placemark><name>highway</name><styleUrl>#highway</styleUrl><description>highway: residential
source: maxar</description>
<LineString><tessellate>1</tessellate><coordinates>82.258888,16.9936533,0 82.2583393,16.9937785,0</coordinates></LineString>
</Placemark>
<Placemark><name>highway</name><styleUrl>#highway</styleUrl><description>highway: residential
source: maxar</description>
<LineString><tessellate>1</tessellate><coordinates>82.2495587,17.0016709,0 82.2496051,17.0017082,0 82.2496236,17.001748,0 82.2497715,17.0022606,0</coordinates></LineString>
</Placemark>
<Placemark><name>highway</name><styleUrl>#highway</styleUrl><description>highway: service
source: maxar</description>
<LineString><tessellate>1</tessellate><coordinates>82.2494864,17.001178,0 82.2494788,17.0013296,0 82.2494582,17.0013881,0 82.2494238,17.0014293,0 82.2493703,17.0014606,0 82.2490782,17.0015417,0 82.2490258,17.0015815,0 82.2489926,17.001634,0 82.2489411,17.0018452,0</coordinates></LineString>
</Placemark>
<Placemark><name>highway</name><styleUrl>#highway</styleUrl><description>highway: residential
source: maxar</description>
<LineString><tessellate>1</tessellate><coordinates>82.2496028,17.0011414,0 82.2496176,17.0013082,0 82.2496136,17.0014057,0 82.2495948,17.0015339,0 82.2495587,17.0016709,0 82.2494696,17.002009,0 82.2494067,17.0021942,0 82.2493335,17.0023711,0</coordinates></LineString>
</Placemark>
<Placemark><name>highway</name><styleUrl>#highway</styleUrl><description>highway: service
source: maxar</description>
<LineString><tessellate>1</tessellate><coordinates>82.2488802,17.0024955,0 82.2485313,17.0025945,0 82.2479341,17.0027676,0 82.247809,17.0028027,0 82.247257,17.0029455,0 82.246706,17.0031024,0 82.2466511,17.0031332,0 82.2466202,17.0031948,0 82.2466189,17.0032666,0 82.2468021,17.0037782,0</coordinates></LineString>
</Placemark>
<Placemark><name>highway</name><styleUrl>#highway</styleUrl><description>highway: residential
source: maxar</description>
<LineString><tessellate>1</tessellate><coordinates>82.2456117,17.0034821,0 82.2453991,17.0030024,0</coordinates></LineString>
</Placemark>
<Placemark><name>highway</name><styleUrl>#highway</styleUrl><description>highway: service
source: maxar</description>
<LineString><tessellate>1</tessellate><coordinates>82.24325,16.9997016,0 82.2431433,16.9995891,0 82.243099,16.999513,0 82.2430566,16.9994165,0 82.2429097,16.9991136,0</coordinates></LineString>
</Placemark>
<Placemark><name>highway</name><styleUrl>#highway</styleUrl><description>highway: residential
source: maxar</description>
<LineString><tessellate>1</tessellate><coordinates>82.2432958,16.9962997,0 82.243044,16.9963781,0 82.2428314,16.9964355,0 82.2425063,16.9965063,0</coordinates></LineString>
</Placemark>
<Placemark><name>highway</name><styleUrl>#highway</styleUrl><description>highway: service
source: maxar</description>
<LineString><tessellate>1</tessellate><coordinates>82.2448693,17.0003331,0 82.2439608,17.0005644,0</coordinates></LineString>
</Placemark>
<Placemark><name>highway</name><styleUrl>#highway</styleUrl><description>highway: service
source: maxar</description>
<LineString><tessellate>1</tessellate><coordinates>82.2451899,17.0021663,0 82.2449903,17.0016045,0 82.2448049,17.0011426,0</coordinates></LineString>
</Placemark>
<Placemark><name>highway</name><styleUrl>#highway</styleUrl><description>highway: service
source: maxar</description>
<LineString><tessellate>1</tessellate><coordinates>82.2453268,17.0014955,0 82.2449903,17.0016045,0</coordinates></LineString>
</Placemark>
<Placemark><name>highway</name><styleUrl>#highway</styleUrl><description>highway: residential
source: maxar</description>
<LineString><tessellate>1</tessellate><coordinates>82.2453072,17.0035917,0 82.2451324,17.0030986,0</coordinates></LineString>
</Placemark>
<Placemark><name>highway</name><styleUrl>#highway</styleUrl><description>highway: service
source: maxar</description>
<LineString><tessellate>1</tessellate><coordinates>82.2426283,17.0021938,0 82.2434715,17.0019701,0 82.243499,17.0019481,0 82.243506,17.0019227,0 82.243441,17.001677,0 82.24342,17.0016536,0 82.2433838,17.001648,0 82.2425876,17.0018456,0 82.2424498,17.0018921,0</coordinates></LineString>
</Placemark>
<Placemark><name>highway</name><styleUrl>#highway</styleUrl><description>highway: service
source: maxar</description>
<LineString><tessellate>1</tessellate><coordinates>82.2590366,16.9944418,0 82.2584943,16.9944762,0</coordinates></LineString>
</Placemark>
<Placemark><name>highway</name><styleUrl>#highway</styleUrl><description>highway: residential
source: maxar</description>
<LineString><tessellate>1</tessellate><coordinates>82.2605818,17.0010444,0 82.2604543,17.0005049,0</coordinates></LineString>
</Placemark>
<Placemark><name>highway</name><styleUrl>#highway</styleUrl><description>highway: tertiary
oneway: yes</description>
<LineString><tessellate>1</tessellate><coordinates>82.2528011,16.9994048,0 82.2527672,16.9993357,0 82.2527363,16.999321,0 82.2526981,16.9993249,0 82.2524987,16.9993948,0</coordinates></LineString>
</Placemark>
<Placemark><name>highway</name><styleUrl>#highway</styleUrl><description>highway: tertiary
oneway: yes
source: maxar</description>
<LineString><tessellate>1</tessellate><coordinates>82.2455027,17.0019296,0 82.2455772,17.0018981,0 82.2457359,17.0018291,0 82.2460947,17.0016842,0 82.2463447,17.0015929,0 82.2467101,17.0014713,0 82.246848,17.0014237,0 82.2471727,17.0013181,0 82.2472879,17.0012814,0 82.2479029,17.0010633,0 82.2482418,17.0009427,0 82.2490108,17.0006762,0 82.2495988,17.0004803,0 82.2500549,17.0003309,0 82.2504917,17.0001842,0 82.2512635,16.9999253,0 82.2520294,16.9996581,0 82.2525334,16.9994867,0 82.2528011,16.9994048,0</coordinates></LineString>
</Placemark>
<Placemark><name>highway</name><styleUrl>#highway</styleUrl><description>highway: residential</description>
<LineString><tessellate>1</tessellate><coordinates>82.2524987,16.9993948,0 82.2523209,16.9989489,0 82.2521743,16.9985658,0 82.2520448,16.998235,0 82.25201,16.9981461,0 82.2518402,16.9977122,0 82.2516834,16.9973115,0 82.2516431,16.9972085,0 82.2514406,16.9966912,0 82.2502405,16.9970997,0 82.2502039,16.9971122,0 82.249416,16.9973804,0 82.2489282,16.9975465,0 82.2488485,16.9973515,0 82.2488168,16.9972741,0</coordinates></LineString>
</Placemark>
<Placemark><name>highway</name><styleUrl>#highway</styleUrl><description>highway: service
source: maxar</description>
<LineString><tessellate>1</tessellate><coordinates>82.2465243,17.0021579,0 82.2463447,17.0015929,0</coordinates></LineString>
</Placemark>
<Placemark><name>highway</name><styleUrl>#highway</styleUrl><description>highway: service
source: maxar</description>
<LineString><tessellate>1</tessellate><coordinates>82.2488118,17.0002578,0 82.2491197,17.0001318,0 82.2491548,17.0000961,0 82.2491653,17.0000537,0 82.2491571,16.9999242,0</coordinates></LineString>
</Placemark>
<Placemark><name>highway</name><styleUrl>#highway</styleUrl><description>highway: service
source: maxar</description>
<LineString><tessellate>1</tessellate><coordinates>82.2468864,16.9994672,0 82.2466681,16.9988591,0</coordinates></LineString>
</Placemark>
<Placemark><name>highway</name><styleUrl>#highway</styleUrl><description>highway: service
source: maxar</description>
<LineString><tessellate>1</tessellate><coordinates>82.2465223,16.999597,0 82.2468864,16.9994672,0 82.2472477,16.9993383,0</coordinates></LineString>
</Placemark>
<Placemark><name>highway</name><styleUrl>#highway</styleUrl><description>highway: residential
source: maxar</description>
<LineString><tessellate>1</tessellate><coordinates>82.2467748,17.001014,0 82.2465113,17.0003075,0</coordinates></LineString>
</Placemark>
<Placemark><name>highway</name><styleUrl>#highway</styleUrl><description>highway: residential
source: maxar</description>
<LineString><tessellate>1</tessellate><coordinates>82.2462911,17.0003784,0 82.2463869,17.0006372,0 82.246562,17.0010906,0 82.2466606,17.0013404,0</coordinates></LineString>
</Placemark>
<Placemark><name>highway</name><styleUrl>#highway</styleUrl><description>highway: residential
source: maxar</description>
<LineString><tessellate>1</tessellate><coordinates>82.2460333,17.0007565,0 82.2463869,17.0006372,0</coordinates></LineString>
</Placemark>
<Placemark><name>highway</name><styleUrl>#highway</styleUrl><description>highway: residential
source: maxar</description>
<LineString><tessellate>1</tessellate><coordinates>82.2467984,17.0012927,0 82.2466969,17.0010417,0</coordinates></LineString>
</Placemark>
<Placemark><name>highway</name><styleUrl>#highway</styleUrl><description>highway: residential
source: maxar</description>
<LineString><tessellate>1</tessellate><coordinates>82.2457359,17.0018291,0 82.2456928,17.001707,0 82.2452945,17.0007072,0 82.245014,17.0000212,0 82.2448561,16.9996265,0</coordinates></LineString>
</Placemark>
<Placemark><name>highway</name><styleUrl>#highway</styleUrl><description>highway: residential
source: maxar</description>
<LineString><tessellate>1</tessellate><coordinates>82.245929,17.0004973,0 82.2462911,17.0003784,0 82.2465113,17.0003075,0 82.2467658,17.0002257,0</coordinates></LineString>
</Placemark>
<Placemark><name>highway</name><styleUrl>#highway</styleUrl><description>highway: service
source: maxar</description>
<LineString><tessellate>1</tessellate><coordinates>82.2473254,16.9995256,0 82.2467767,16.9997208,0</coordinates></LineString>
</Placemark>
<Placemark><name>highway</name><styleUrl>#highway</styleUrl><description>highway: service
source: maxar</description>
<LineString><tessellate>1</tessellate><coordinates>82.2480287,16.9978839,0 82.248258,16.998805,0 82.2482577,16.9988753,0 82.2482443,16.9989369,0 82.2482403,16.9989805,0 82.248259,16.9990408,0 82.2483996,16.9993943,0</coordinates></LineString>
</Placemark>
<Placemark><name>highway</name><styleUrl>#highway</styleUrl><description>highway: service
source: maxar</description>
<LineString><tessellate>1</tessellate><coordinates>82.2487868,16.9985087,0 82.2490732,16.998391,0 82.2491794,16.998369,0 82.2493245,16.9983656,0 82.2494714,16.9983994,0 82.2496271,16.9984282,0 82.2498266,16.9984411,0</coordinates></LineString>
</Placemark>
<Placemark><name>highway</name><styleUrl>#highway</styleUrl><description>highway: service
source: maxar</description>
<LineString><tessellate>1</tessellate><coordinates>82.2444997,16.9991798,0 82.2454364,16.9990373,0</coordinates></LineString>
</Placemark>
<Placemark><name>highway</name><styleUrl>#highway</styleUrl><description>highway: residential
source: maxar</description>
<LineString><tessellate>1</tessellate><coordinates>82.2446753,16.9982257,0 82.2445227,16.9978929,0</coordinates></LineString>
</Placemark>
<Placemark><name>highway</name><styleUrl>#highway</styleUrl><description>highway: service
source: maxar</description>
<LineString><tessellate>1</tessellate><coordinates>82.2438589,16.9975577,0 82.2443295,16.9974845,0 82.2443573,16.9974631,0 82.244365,16.9974285,0 82.2443175,16.9970657,0</coordinates></LineString>
</Placemark>
<Placemark><name>highway</name><styleUrl>#highway</styleUrl><description>highway: residential
source: maxar</description>
<LineString><tessellate>1</tessellate><coordinates>82.2449371,16.9963881,0 82.2447524,16.9961438,0 82.2446923,16.9960967,0 82.2445968,16.9960599,0</coordinates></LineString>
</Placemark>
<Placemark><name>highway</name><styleUrl>#highway</styleUrl><description>highway: residential
source: maxar</description>
<LineString><tessellate>1</tessellate><coordinates>82.245014,16.9961139,0 82.2455268,16.9960744,0</coordinates></LineString>
</Placemark>
<Placemark><name>highway</name><styleUrl>#highway</styleUrl><description>highway: residential
source: maxar</description>
<LineString><tessellate>1</tessellate><coordinates>82.2451791,16.9963616,0 82.245014,16.9961139,0 82.2447462,16.995717,0 82.2447375,16.9951728,0</coordinates></LineString>
</Placemark>
<Placemark><name>highway</name><styleUrl>#highway</styleUrl><description>highway: residential
source: maxar</description>
<LineString><tessellate>1</tessellate><coordinates>82.2445117,16.9956948,0 82.2444234,16.9951594,0</coordinates></LineString>
</Placemark>
<Placemark><name>highway</name><styleUrl>#highway</styleUrl><description>highway: residential
source: maxar</description>
<LineString><tessellate>1</tessellate><coordinates>82.2509135,17.0036631,0 82.2507413,17.003243,0</coordinates></LineString>
</Placemark>
<Placemark><name>highway</name><styleUrl>#highway</styleUrl><description>highway: residential
source: maxar</description>
<LineString><tessellate>1</tessellate><coordinates>82.2518465,17.0044148,0 82.2516497,17.003915,0</coordinates></LineString>
</Placemark>
<Placemark><name>highway</name><styleUrl>#highway</styleUrl><description>highway: residential
source: maxar</description>
<LineString><tessellate>1</tessellate><coordinates>82.2438761,16.9905531,0 82.243736,16.9902031,0</coordinates></LineString>
</Placemark>
<Placemark><name>highway</name><styleUrl>#highway</styleUrl><description>highway: residential
source: maxar</description>
<LineString><tessellate>1</tessellate><coordinates>82.245122,16.9951303,0 82.2451376,16.9956786,0</coordinates></LineString>
</Placemark>
<Placemark><name>highway</name><styleUrl>#highway</styleUrl><description>highway: residential
source: maxar</description>
<LineString><tessellate>1</tessellate><coordinates>82.2524717,17.0025844,0 82.252754,17.0024609,0 82.2530229,17.0023746,0 82.2537032,17.0021796,0</coordinates></LineString>
</Placemark>
<Placemark><name>highway</name><styleUrl>#highway</styleUrl><description>highway: residential
source: maxar</description>
<LineString><tessellate>1</tessellate><coordinates>82.2546826,16.9996087,0 82.2547135,16.9997105,0 82.2547396,16.9997385,0 82.2547828,16.9997577,0 82.2548398,16.9997636,0 82.2550581,16.9997511,0</coordinates></LineString>
</Placemark>
<Placemark><name>highway</name><styleUrl>#highway</styleUrl><description>highway: residential
source: maxar</description>
<LineString><tessellate>1</tessellate><coordinates>82.2589865,16.9968285,0 82.2589138,16.9965262,0</coordinates></LineString>
</Placemark>
<Placemark><name>highway</name><styleUrl>#highway</styleUrl><description>highway: service
source: maxar</description>
<LineString><tessellate>1</tessellate><coordinates>82.2533109,16.9939569,0 82.2534089,16.9941595,0 82.2534719,16.9943146,0 82.2535108,16.9944557,0 82.2535644,16.9946815,0</coordinates></LineString>
</Placemark>
<Placemark><name>highway</name><styleUrl>#highway</styleUrl><description>highway: residential
source: maxar</description>
<LineString><tessellate>1</tessellate><coordinates>82.2542396,16.9960185,0 82.2543919,16.9961102,0 82.2544979,16.9961871,0 82.2545756,16.9962679,0 82.2546668,16.9963782,0 82.2548707,16.9967435,0</coordinates></LineString>
</Placemark>
<Placemark><name>highway</name><styleUrl>#highway</styleUrl><description>highway: residential
source: maxar</description>
<LineString><tessellate>1</tessellate><coordinates>82.2550081,16.9953992,0 82.2554171,16.9953206,0</coordinates></LineString>
</Placemark>
<Placemark><name>highway</name><styleUrl>#highway</styleUrl><description>highway: residential
source: maxar</description>
<LineString><tessellate>1</tessellate><coordinates>82.2563413,16.9938066,0 82.2563948,16.9942776,0 82.2564371,16.9946173,0</coordinates></LineString>
</Placemark>
<Placemark><name>highway</name><styleUrl>#highway</styleUrl><description>highway: residential
source: maxar</description>
<LineString><tessellate>1</tessellate><coordinates>82.256136,16.9943058,0 82.2563948,16.9942776,0</coordinates></LineString>
</Placemark>
<Placemark><name>highway</name><styleUrl>#highway</styleUrl><description>highway: residential
source: maxar</description>
<LineString><tessellate>1</tessellate><coordinates>82.2566171,16.9943199,0 82.256771,16.9943082,0 82.2568126,16.9943121,0 82.2568555,16.9943403,0 82.2568957,16.9943493,0 82.2570409,16.9943628,0</coordinates></LineString>
</Placemark>
<Placemark><name>highway</name><styleUrl>#highway</styleUrl><description>highway: service
source: maxar
surface: concrete</description>
<LineString><tessellate>1</tessellate><coordinates>82.2570824,16.9939396,0 82.2570556,16.9942635,0 82.2570409,16.9943628,0 82.2570028,16.9945799,0</coordinates></LineString>
</Placemark>
<Placemark><name>highway</name><styleUrl>#highway</styleUrl><description>highway: residential
source: maxar</description>
<LineString><tessellate>1</tessellate><coordinates>82.2575888,16.9950125,0 82.2574505,16.9944022,0 82.2574462,16.994366,0 82.2574584,16.9943388,0 82.2574858,16.9943242,0 82.2575254,16.9943145,0 82.2575651,16.9942951,0 82.2575834,16.9942591,0 82.2576075,16.9941224,0</coordinates></LineString>
</Placemark>
<Placemark><name>highway</name><styleUrl>#highway</styleUrl><description>highway: residential
source: maxar</description>
<LineString><tessellate>1</tessellate><coordinates>82.2583081,16.994897,0 82.2590796,16.9948325,0</coordinates></LineString>
</Placemark>
<Placemark><name>highway</name><styleUrl>#highway</styleUrl><description>highway: residential</description>
<LineString><tessellate>1</tessellate><coordinates>82.2578328,16.9945727,0 82.2577633,16.9945747,0</coordinates></LineString>
</Placemark>
<Placemark><name>highway</name><styleUrl>#highway</styleUrl><description>highway: service
source: maxar</description>
<LineString><tessellate>1</tessellate><coordinates>82.2609228,16.9933422,0 82.2602534,16.9938684,0</coordinates></LineString>
</Placemark>
<Placemark><name>highway</name><styleUrl>#highway</styleUrl><description>bridge: yes
highway: service
layer: 1
source: maxar</description>
<LineString><tessellate>1</tessellate><coordinates>82.2627597,16.9922947,0 82.2627622,16.9923993,0</coordinates></LineString>
</Placemark>
<Placemark><name>highway</name><styleUrl>#highway</styleUrl><description>highway: service
source: maxar</description>
<LineString><tessellate>1</tessellate><coordinates>82.2623969,16.9919526,0 82.2623928,16.9918894,0 82.2623806,16.9918398,0 82.2623539,16.991812,0 82.2623054,16.9918029,0 82.2621052,16.9918126,0</coordinates></LineString>
</Placemark>
<Placemark><name>highway</name><styleUrl>#highway</styleUrl><description>highway: residential
source: maxar</description>
<LineString><tessellate>1</tessellate><coordinates>82.2583547,16.9908551,0 82.2584308,16.9907704,0 82.2584875,16.9906757,0 82.2585547,16.9905944,0 82.2586184,16.9905437,0 82.258692,16.9905017,0</coordinates></LineString>
</Placemark>
<Placemark><name>highway</name><styleUrl>#highway</styleUrl><description>highway: residential
source: maxar</description>
<LineString><tessellate>1</tessellate><coordinates>82.2589685,16.9892747,0 82.2597392,16.9893093,0</coordinates></LineString>
</Placemark>
<Placemark><name>highway</name><styleUrl>#highway</styleUrl><description>highway: residential
source: maxar</description>
<LineString><tessellate>1</tessellate><coordinates>82.2540231,16.9938838,0 82.2540068,16.9937304,0 82.2540108,16.9937138,0 82.2540312,16.9936992,0 82.2541491,16.9936808,0 82.2541663,16.9936643,0 82.2541674,16.9936409,0 82.2540586,16.9930088,0</coordinates></LineString>
</Placemark>
<Placemark><name>highway</name><styleUrl>#highway</styleUrl><description>highway: residential
source: maxar</description>
<LineString><tessellate>1</tessellate><coordinates>82.2534094,16.9939499,0 82.2531982,16.9931661,0</coordinates></LineString>
</Placemark>
<Placemark><name>highway</name><styleUrl>#highway</styleUrl><description>highway: residential
source: maxar</description>
<LineString><tessellate>1</tessellate><coordinates>82.2531982,16.9931661,0 82.2530846,16.9931928,0 82.2530519,16.9931861,0 82.2530215,16.9931548,0 82.2529328,16.9929974,0 82.2528487,16.9928143,0 82.2526969,16.9924011,0</coordinates></LineString>
</Placemark>
<Placemark><name>highway</name><styleUrl>#highway</styleUrl><description>highway: residential
source: maxar</description>
<LineString><tessellate>1</tessellate><coordinates>82.2521452,16.993634,0 82.2519329,16.9936956,0 82.2518975,16.993694,0 82.2518816,16.9936745,0 82.2518674,16.9936381,0 82.2516366,16.992805,0 82.2516298,16.9927618,0 82.2516392,16.992735,0 82.2516707,16.9927194,0 82.2518451,16.9926691,0</coordinates></LineString>
</Placemark>
<Placemark><name>highway</name><styleUrl>#highway</styleUrl><description>highway: tertiary
oneway: yes
source: maxar</description>
<LineString><tessellate>1</tessellate><coordinates>82.2460032,16.9905822,0 82.2465193,16.9904453,0 82.2468837,16.9903641,0 82.2472772,16.9902804,0 82.2476969,16.990185,0 82.24785,16.9901476,0 82.2485029,16.9899694,0 82.2485807,16.9899446,0 82.2490119,16.9898504,0 82.2495364,16.9897358,0 82.2496935,16.9897,0 82.2500941,16.9895897,0 82.2504235,16.9895017,0 82.2505294,16.9894729,0 82.2514477,16.9892096,0</coordinates></LineString>
</Placemark>
<Placemark><name>highway</name><styleUrl>#highway</styleUrl><description>highway: residential
source: maxar</description>
<LineString><tessellate>1</tessellate><coordinates>82.2468837,16.9903641,0 82.2469727,16.9907366,0</coordinates></LineString>
</Placemark>
<Placemark><name>highway</name><styleUrl>#highway</styleUrl><description>highway: residential
source: maxar</description>
<LineString><tessellate>1</tessellate><coordinates>82.2486463,16.9853336,0 82.2488787,16.9852762,0 82.2489057,16.9852762,0 82.2489272,16.9852843,0 82.2489588,16.9853579,0 82.2489731,16.9853693,0 82.2489989,16.9853727,0 82.2491818,16.9853322,0</coordinates></LineString>
</Placemark>
<Placemark><name>highway</name><styleUrl>#highway</styleUrl><description>highway: residential
source: maxar</description>
<LineString><tessellate>1</tessellate><coordinates>82.2434358,16.986026,0 82.2431562,16.9854817,0</coordinates></LineString>
</Placemark>
<Placemark><name>highway</name><styleUrl>#highway</styleUrl><description>highway: residential
source: maxar</description>
<LineString><tessellate>1</tessellate><coordinates>82.2423701,16.9876531,0 82.2425553,16.987957,0 82.2425875,16.9879749,0 82.2426251,16.9879736,0 82.242745,16.9879197,0 82.2431551,16.9877355,0</coordinates></LineString>
</Placemark>
<Placemark><name>highway</name><styleUrl>#highway</styleUrl><description>highway: residential</description>
<LineString><tessellate>1</tessellate><coordinates>82.2466546,16.9933817,0 82.2467144,16.9935968,0</coordinates></LineString>
</Placemark>
<Placemark><name>highway</name><styleUrl>#highway</styleUrl><description>highway: service
source: maxar</description>
<LineString><tessellate>1</tessellate><coordinates>82.2570425,16.9985461,0 82.2579203,16.9984549,0</coordinates></LineString>
</Placemark>
<Placemark><name>highway</name><styleUrl>#highway</styleUrl><description>highway: service
source: maxar</description>
<LineString><tessellate>1</tessellate><coordinates>82.2627622,16.9923993,0 82.2627017,16.993629,0</coordinates></LineString>
</Placemark>
<Placemark><name>highway</name><styleUrl>#highway</styleUrl><description>highway: service
source: maxar</description>
<LineString><tessellate>1</tessellate><coordinates>82.2627636,16.9921399,0 82.2627597,16.9922947,0</coordinates></LineString>
</Placemark>
<Placemark><name>highway</name><styleUrl>#highway</styleUrl><description>bridge: yes
highway: service
layer: 1
source: maxar</description>
<LineString><tessellate>1</tessellate><coordinates>82.2623938,16.9920692,0 82.2623969,16.9919526,0</coordinates></LineString>
</Placemark>
<Placemark><name>highway</name><styleUrl>#highway</styleUrl><description>highway: service
source: maxar</description>
<LineString><tessellate>1</tessellate><coordinates>82.262395,16.9921188,0 82.2623938,16.9920692,0</coordinates></LineString>
</Placemark>
<Placemark><name>highway</name><styleUrl>#highway</styleUrl><description>highway: residential
source: maxar</description>
<LineString><tessellate>1</tessellate><coordinates>82.2489929,16.9897771,0 82.2490119,16.9898504,0</coordinates></LineString>
</Placemark>
<Placemark><name>highway</name><styleUrl>#highway</styleUrl><description>highway: residential
source: maxar</description>
<LineString><tessellate>1</tessellate><coordinates>82.2465784,16.994187,0 82.2464283,16.9936716,0</coordinates></LineString>
</Placemark>
<Placemark><name>highway</name><styleUrl>#highway</styleUrl><description>highway: residential
source: maxar</description>
<LineString><tessellate>1</tessellate><coordinates>82.2431317,16.9876916,0 82.2434166,16.9875593,0</coordinates></LineString>
</Placemark>
<Placemark><name>highway</name><styleUrl>#highway</styleUrl><description>highway: residential
source: maxar</description>
<LineString><tessellate>1</tessellate><coordinates>82.2433325,16.9880811,0 82.2434244,16.9879583,0 82.2434646,16.987871,0 82.2434767,16.9877966,0 82.2434726,16.9877325,0 82.2434458,16.9876415,0 82.2434166,16.9875593,0 82.2433425,16.9873516,0</coordinates></LineString>
</Placemark>
<Placemark><name>highway</name><styleUrl>#highway</styleUrl><description>highway: residential
source: maxar</description>
<LineString><tessellate>1</tessellate><coordinates>82.2546077,16.9905074,0 82.2548069,16.9900824,0</coordinates></LineString>
</Placemark>
<Placemark><name>highway</name><styleUrl>#highway</styleUrl><description>highway: residential
source: maxar</description>
<LineString><tessellate>1</tessellate><coordinates>82.2571018,16.9908562,0 82.2572199,16.9913882,0</coordinates></LineString>
</Placemark>
<Placemark><name>highway</name><styleUrl>#highway</styleUrl><description>highway: residential</description>
<LineString><tessellate>1</tessellate><coordinates>82.2386219,17.0021338,0 82.238654,17.0021232,0 82.238705,17.0021277,0 82.2387452,17.002147,0 82.2389276,17.0022765,0 82.2393782,17.0026907,0 82.2394466,17.002751,0 82.2395137,17.0027639,0 82.2395767,17.002742,0 82.2402683,17.0021152,0 82.240806,17.0014084,0 82.2415331,17.0004525,0 82.2428433,16.9998157,0 82.24325,16.9997016,0 82.244484,16.9993552,0</coordinates></LineString>
</Placemark>
<Placemark><name>highway</name><styleUrl>#highway</styleUrl><description>highway: residential
source: maxar</description>
<LineString><tessellate>1</tessellate><coordinates>82.2476739,17.0276385,0 82.2478634,17.0274875,0 82.2480485,17.0273449,0 82.248844,17.0272771,0</coordinates></LineString>
</Placemark>
<Placemark><name>highway</name><styleUrl>#highway</styleUrl><description>highway: residential
source: maxar</description>
<LineString><tessellate>1</tessellate><coordinates>82.2601954,17.0138648,0 82.261747,17.0132338,0</coordinates></LineString>
</Placemark>
<Placemark><name>highway</name><styleUrl>#highway</styleUrl><description>highway: residential
source: maxar</description>
<LineString><tessellate>1</tessellate><coordinates>82.2619525,17.0084268,0 82.2616177,17.0085397,0</coordinates></LineString>
</Placemark>
<Placemark><name>highway</name><styleUrl>#highway</styleUrl><description>highway: residential
source: maxar</description>
<LineString><tessellate>1</tessellate><coordinates>82.2576034,17.0089343,0 82.257999,17.0088187,0</coordinates></LineString>
</Placemark>
<Placemark><name>highway</name><styleUrl>#highway</styleUrl><description>highway: residential
source: maxar</description>
<LineString><tessellate>1</tessellate><coordinates>82.2579171,16.9895201,0 82.2578735,16.9892268,0</coordinates></LineString>
</Placemark>
<Placemark><name>highway</name><styleUrl>#highway</styleUrl><description>highway: residential
source: maxar</description>
<LineString><tessellate>1</tessellate><coordinates>82.2555152,16.9903799,0 82.2558187,16.9903438,0</coordinates></LineString>
</Placemark>
<Placemark><name>highway</name><styleUrl>#highway</styleUrl><description>highway: residential
source: maxar</description>
<LineString><tessellate>1</tessellate><coordinates>82.2555762,16.9907202,0 82.2560172,16.9906773,0</coordinates></LineString>
</Placemark>
<Placemark><name>highway</name><styleUrl>#highway</styleUrl><description>highway: residential
source: maxar</description>
<LineString><tessellate>1</tessellate><coordinates>82.2550286,16.9931913,0 82.2553884,16.9931043,0</coordinates></LineString>
</Placemark>
<Placemark><name>highway</name><styleUrl>#highway</styleUrl><description>highway: residential
source: maxar</description>
<LineString><tessellate>1</tessellate><coordinates>82.2565548,16.998305,0 82.2566556,16.9985677,0 82.2566824,16.9987384,0</coordinates></LineString>
</Placemark>
<Placemark><name>highway</name><styleUrl>#highway</styleUrl><description>highway: residential
source: maxar</description>
<LineString><tessellate>1</tessellate><coordinates>82.2560744,16.9993196,0 82.2558294,16.9993469,0</coordinates></LineString>
</Placemark>
<Placemark><name>highway</name><styleUrl>#highway</styleUrl><description>highway: residential
source: maxar</description>
<LineString><tessellate>1</tessellate><coordinates>82.2580254,17.0020604,0 82.2582995,17.0019578,0</coordinates></LineString>
</Placemark>
<Placemark><name>highway</name><styleUrl>#highway</styleUrl><description>highway: residential
source: maxar</description>
<LineString><tessellate>1</tessellate><coordinates>82.2674567,17.0047124,0 82.2674542,17.004595,0 82.2673361,17.0043128,0</coordinates></LineString>
</Placemark>
<Placemark><name>highway</name><styleUrl>#highway</styleUrl><description>highway: residential
source: maxar</description>
<LineString><tessellate>1</tessellate><coordinates>82.269344,17.0071366,0 82.26908,17.0071436,0 82.268815,17.0072114,0 82.2685154,17.0073346,0</coordinates></LineString>
</Placemark>
<Placemark><name>highway</name><styleUrl>#highway</styleUrl><description>highway: residential
source: maxar</description>
<LineString><tessellate>1</tessellate><coordinates>82.2695599,17.0060197,0 82.269298,17.0060502,0 82.2690114,17.0060197,0 82.2687657,17.0060889,0</coordinates></LineString>
</Placemark>
<Placemark><name>highway</name><styleUrl>#highway</styleUrl><description>highway: residential
source: maxar</description>
<LineString><tessellate>1</tessellate><coordinates>82.2603524,17.0058868,0 82.2597776,17.0059409,0</coordinates></LineString>
</Placemark>
<Placemark><name>highway</name><styleUrl>#highway</styleUrl><description>highway: residential
source: maxar</description>
<LineString><tessellate>1</tessellate><coordinates>82.2611898,17.0045052,0 82.2611102,17.0043129,0</coordinates></LineString>
</Placemark>
<Placemark><name>highway</name><styleUrl>#highway</styleUrl><description>highway: residential
source: maxar</description>
<LineString><tessellate>1</tessellate><coordinates>82.2596184,17.0046602,0 82.2598935,17.0045854,0</coordinates></LineString>
</Placemark>
<Placemark><name>highway</name><styleUrl>#highway</styleUrl><description>highway: residential
source: maxar</description>
<LineString><tessellate>1</tessellate><coordinates>82.2595973,17.0042035,0 82.2593589,17.0042763,0</coordinates></LineString>
</Placemark>
<Placemark><name>highway</name><styleUrl>#highway</styleUrl><description>highway: residential
source: maxar</description>
<LineString><tessellate>1</tessellate><coordinates>82.2594749,17.0038274,0 82.2591733,17.0039326,0</coordinates></LineString>
</Placemark>
<Placemark><name>highway</name><styleUrl>#highway</styleUrl><description>highway: residential
source: maxar</description>
<LineString><tessellate>1</tessellate><coordinates>82.2505439,16.9814489,0 82.2505976,16.9816889,0 82.2506137,16.9817659,0 82.2506352,16.9819711,0 82.2498182,16.9821558,0 82.2494651,16.982243,0</coordinates></LineString>
</Placemark>
<Placemark><name>highway</name><styleUrl>#highway</styleUrl><description>highway: residential
source: maxar</description>
<LineString><tessellate>1</tessellate><coordinates>82.2489151,16.9842591,0 82.2478045,16.9846131,0 82.2474773,16.9847875,0 82.247268,16.9849517,0 82.2471203,16.9850008,0</coordinates></LineString>
</Placemark>
<Placemark><name>highway</name><styleUrl>#highway</styleUrl><description>highway: residential
source: maxar</description>
<LineString><tessellate>1</tessellate><coordinates>82.2489044,16.985198,0 82.2491424,16.9851775,0</coordinates></LineString>
</Placemark>
<Placemark><name>highway</name><styleUrl>#highway</styleUrl><description>highway: residential
source: maxar</description>
<LineString><tessellate>1</tessellate><coordinates>82.2502301,16.9958472,0 82.2505523,16.9957191,0</coordinates></LineString>
</Placemark>
<Placemark><name>highway</name><styleUrl>#highway</styleUrl><description>highway: residential
source: maxar</description>
<LineString><tessellate>1</tessellate><coordinates>82.2491194,16.9993154,0 82.2500336,16.9989731,0</coordinates></LineString>
</Placemark>
<Placemark><name>highway</name><styleUrl>#highway</styleUrl><description>highway: residential
source: maxar</description>
<LineString><tessellate>1</tessellate><coordinates>82.2509534,17.0029385,0 82.2510553,17.0031305,0</coordinates></LineString>
</Placemark>
<Placemark><name>highway</name><styleUrl>#highway</styleUrl><description>highway: residential
source: maxar</description>
<LineString><tessellate>1</tessellate><coordinates>82.2528418,17.0026461,0 82.2529335,17.0025201,0</coordinates></LineString>
</Placemark>
<Placemark><name>highway</name><styleUrl>#highway</styleUrl><description>highway: residential
source: maxar</description>
<LineString><tessellate>1</tessellate><coordinates>82.2530947,17.0040295,0 82.2532396,17.0039636,0</coordinates></LineString>
</Placemark>
<Placemark><name>highway</name><styleUrl>#highway</styleUrl><description>highway: residential
source: maxar</description>
<LineString><tessellate>1</tessellate><coordinates>82.2528915,17.0046299,0 82.2532968,17.0045233,0 82.2534509,17.0044846,0</coordinates></LineString>
</Placemark>
<Placemark><name>highway</name><styleUrl>#highway</styleUrl><description>highway: residential
source: maxar</description>
<LineString><tessellate>1</tessellate><coordinates>82.2551608,17.0061811,0 82.2545743,17.0063658,0</coordinates></LineString>
</Placemark>
<Placemark><name>highway</name><styleUrl>#highway</styleUrl><description>highway: residential
source: maxar</description>
<LineString><tessellate>1</tessellate><coordinates>82.2514027,17.0063099,0 82.2524984,17.0059231,0</coordinates></LineString>
</Placemark>
<Placemark><name>highway</name><styleUrl>#highway</styleUrl><description>highway: residential
source: maxar</description>
<LineString><tessellate>1</tessellate><coordinates>82.2554144,17.0047086,0 82.2555282,17.0045428,0</coordinates></LineString>
</Placemark>
<Placemark><name>highway</name><styleUrl>#highway</styleUrl><description>highway: residential
source: maxar</description>
<LineString><tessellate>1</tessellate><coordinates>82.2528706,17.0079614,0 82.2532566,17.0078145,0</coordinates></LineString>
</Placemark>
<Placemark><name>highway</name><styleUrl>#highway</styleUrl><description>highway: residential
source: maxar</description>
<LineString><tessellate>1</tessellate><coordinates>82.2529928,17.0082595,0 82.2533984,17.0081616,0</coordinates></LineString>
</Placemark>
<Placemark><name>highway</name><styleUrl>#highway</styleUrl><description>highway: residential
source: maxar</description>
<LineString><tessellate>1</tessellate><coordinates>82.2553882,17.0078065,0 82.2549284,17.0079774,0 82.2548821,17.0079924,0 82.2545978,17.0080847,0</coordinates></LineString>
</Placemark>
<Placemark><name>highway</name><styleUrl>#highway</styleUrl><description>highway: living_street
source: maxar</description>
<LineString><tessellate>1</tessellate><coordinates>82.2477687,17.0043663,0 82.2477117,17.0042021,0</coordinates></LineString>
</Placemark>
<Placemark><name>highway</name><styleUrl>#highway</styleUrl><description>highway: residential
source: maxar</description>
<LineString><tessellate>1</tessellate><coordinates>82.2456448,17.0069701,0 82.2459161,17.0072982,0</coordinates></LineString>
</Placemark>
<Placemark><name>highway</name><styleUrl>#highway</styleUrl><description>highway: residential
source: maxar</description>
<LineString><tessellate>1</tessellate><coordinates>82.2453834,17.0056958,0 82.245185,17.005902,0</coordinates></LineString>
</Placemark>
<Placemark><name>highway</name><styleUrl>#highway</styleUrl><description>highway: residential
source: maxar</description>
<LineString><tessellate>1</tessellate><coordinates>82.243455,17.0034478,0 82.24384,17.0032066,0</coordinates></LineString>
</Placemark>
<Placemark><name>highway</name><styleUrl>#highway</styleUrl><description>highway: residential</description>
<LineString><tessellate>1</tessellate><coordinates>82.2485377,17.0137129,0 82.2484466,17.0137461,0</coordinates></LineString>
</Placemark>
<Placemark><name>highway</name><styleUrl>#highway</styleUrl><description>highway: service</description>
<LineString><tessellate>1</tessellate><coordinates>82.2504315,17.0220085,0 82.2504458,17.0221183,0 82.250471,17.0223114,0 82.2505105,17.0223452,0 82.2505719,17.0223479,0 82.2506437,17.0223452,0 82.2506785,17.0223098,0 82.2506886,17.0222598,0 82.2506897,17.0221024,0 82.250691,17.0219197,0</coordinates></LineString>
</Placemark>
<Placemark><name>highway</name><styleUrl>#highway</styleUrl><description>highway: service</description>
<LineString><tessellate>1</tessellate><coordinates>82.2484515,17.0104985,0 82.2486492,17.0104788,0 82.2486407,17.0103106,0 82.2484495,17.0103164,0</coordinates></LineString>
</Placemark>
<Placemark><name>highway</name><styleUrl>#highway</styleUrl><description>highway: residential
source: maxar</description>
<LineString><tessellate>1</tessellate><coordinates>82.2793418,17.0189712,0 82.2800717,17.0190543,0 82.280461,17.0193144,0 82.2808606,17.0195679,0 82.280946,17.0196833,0</coordinates></LineString>
</Placemark>
<Placemark><name>highway</name><styleUrl>#highway</styleUrl><description>highway: residential</description>
<LineString><tessellate>1</tessellate><coordinates>82.2724858,17.0123065,0 82.2725048,17.0119984,0 82.2733376,17.0119183,0 82.2735865,17.0119183,0 82.2734781,17.0113152,0 82.2729533,17.0113246,0 82.2725418,17.0114047,0 82.2724309,17.0115696,0 82.2725048,17.0119984,0</coordinates></LineString>
</Placemark>
<Placemark><name>highway</name><styleUrl>#highway</styleUrl><description>highway: residential</description>
<LineString><tessellate>1</tessellate><coordinates>82.2536341,17.0114461,0 82.2534073,17.011558,0 82.2531421,17.0116683,0 82.2529595,17.0117444,0 82.2528538,17.0117885,0 82.2524437,17.0119597,0 82.2521398,17.0121816,0 82.2519314,17.0122859,0 82.2517484,17.0123732,0</coordinates></LineString>
</Placemark>
<Placemark><name>highway</name><styleUrl>#highway</styleUrl><description>highway: residential</description>
<LineString><tessellate>1</tessellate><coordinates>82.2659638,17.0098038,0 82.2655735,17.0098993,0 82.2655232,17.0099341,0 82.2655176,17.0099849,0 82.2655484,17.0101988,0 82.2655987,17.0103273,0</coordinates></LineString>
</Placemark>
<Placemark><name>highway</name><styleUrl>#highway</styleUrl><description>highway: service</description>
<LineString><tessellate>1</tessellate><coordinates>82.2705978,17.0046542,0 82.2703625,17.0046956,0 82.2686051,17.0050919,0 82.26838,17.0051314,0 82.2683012,17.0051063,0 82.2682224,17.0050202,0 82.2681662,17.0048803,0 82.2679823,17.0042991,0 82.2679152,17.0041457,0 82.2678561,17.003857,0</coordinates></LineString>
</Placemark>
<Placemark><name>highway</name><styleUrl>#highway</styleUrl><description>highway: service</description>
<LineString><tessellate>1</tessellate><coordinates>82.2681662,17.0048803,0 82.2682994,17.004851,0 82.2683513,17.004851,0 82.2684109,17.0048737,0 82.2686051,17.0050919,0</coordinates></LineString>
</Placemark>
<Placemark><name>highway</name><styleUrl>#highway</styleUrl><description>highway: service</description>
<LineString><tessellate>1</tessellate><coordinates>82.2730357,17.0065809,0 82.272829,17.0066148,0 82.2727644,17.0065969,0 82.2727261,17.0065584,0 82.2726929,17.0065501,0 82.272143,17.0065971,0 82.2720318,17.005889,0 82.2720203,17.0058297,0 82.2719986,17.0057965,0 82.2719741,17.0057855,0 82.2715757,17.0058145,0 82.2715165,17.0058545,0 82.2714949,17.0058959,0 82.2715595,17.0062847,0 82.271619,17.0066426,0 82.272143,17.0065971,0</coordinates></LineString>
</Placemark>
<Placemark><name>highway</name><styleUrl>#highway</styleUrl><description>highway: service</description>
<LineString><tessellate>1</tessellate><coordinates>82.2715595,17.0062847,0 82.2714612,17.0062837,0 82.2713527,17.0062652,0 82.2712211,17.0062115,0 82.2711514,17.0061467,0</coordinates></LineString>
</Placemark>
<Placemark><name>highway</name><styleUrl>#highway</styleUrl><description>highway: service</description>
<LineString><tessellate>1</tessellate><coordinates>82.271619,17.0066426,0 82.271039,17.0066911,0 82.2710119,17.0066763,0 82.2709422,17.0060633,0</coordinates></LineString>
</Placemark>
<Placemark><name>highway</name><styleUrl>#highway</styleUrl><description>highway: service</description>
<LineString><tessellate>1</tessellate><coordinates>82.2731003,17.0043221,0 82.2730061,17.004417,0 82.2729523,17.0044139,0 82.2726575,17.0045107,0 82.2726553,17.0045518,0 82.2726704,17.0045806,0 82.2727167,17.0045971,0 82.2727672,17.004594,0 82.2730061,17.0045199,0 82.2730179,17.004486,0 82.2730179,17.0044623,0 82.2730061,17.004417,0</coordinates></LineString>
</Placemark>
<Placemark><name>highway</name><styleUrl>#highway</styleUrl><description>highway: service</description>
<LineString><tessellate>1</tessellate><coordinates>82.2697538,17.0009074,0 82.2695531,17.0009559,0 82.2690566,17.0009191,0 82.2690415,17.0008903,0 82.2690399,17.0006393,0</coordinates></LineString>
</Placemark>
<Placemark><name>highway</name><styleUrl>#highway</styleUrl><description>highway: service</description>
<LineString><tessellate>1</tessellate><coordinates>82.2683244,17.0032745,0 82.2682058,17.0028424,0 82.2682282,17.002778,0 82.2682394,17.0027373,0 82.2681833,17.0025485,0</coordinates></LineString>
</Placemark>
<Placemark><name>highway</name><styleUrl>#highway</styleUrl><description>highway: service</description>
<LineString><tessellate>1</tessellate><coordinates>82.2700095,17.0029075,0 82.2697418,17.0020502,0</coordinates></LineString>
</Placemark>
<Placemark><name>highway</name><styleUrl>#highway</styleUrl><description>highway: service</description>
<LineString><tessellate>1</tessellate><coordinates>82.2686663,17.0032027,0 82.2684871,17.0025544,0</coordinates></LineString>
</Placemark>
<Placemark><name>highway</name><styleUrl>#highway</styleUrl><description>highway: service</description>
<LineString><tessellate>1</tessellate><coordinates>82.2691336,17.0031044,0 82.2690742,17.0029022,0</coordinates></LineString>
</Placemark>
<Placemark><name>highway</name><styleUrl>#highway</styleUrl><description>highway: service</description>
<LineString><tessellate>1</tessellate><coordinates>82.2731839,17.0078801,0 82.2716392,17.0080345,0</coordinates></LineString>
</Placemark>
<Placemark><name>highway</name><styleUrl>#highway</styleUrl><description>highway: service</description>
<LineString><tessellate>1</tessellate><coordinates>82.2752852,17.0048232,0 82.2753135,17.0051493,0 82.275464,17.0051408,0 82.275443,17.0048103,0</coordinates></LineString>
</Placemark>
<Placemark><name>highway</name><styleUrl>#highway</styleUrl><description>highway: service</description>
<LineString><tessellate>1</tessellate><coordinates>82.2753135,17.0051493,0 82.2753394,17.0054912,0 82.2753625,17.0057951,0 82.2755353,17.005788,0 82.2755076,17.005481,0 82.2754795,17.0051698,0 82.275464,17.0051408,0</coordinates></LineString>
</Placemark>
<Placemark><name>highway</name><styleUrl>#highway</styleUrl><description>highway: service</description>
<LineString><tessellate>1</tessellate><coordinates>82.2753394,17.0054912,0 82.2755076,17.005481,0</coordinates></LineString>
</Placemark>
<Placemark><name>highway</name><styleUrl>#highway</styleUrl><description>highway: service</description>
<LineString><tessellate>1</tessellate><coordinates>82.2753135,17.0051493,0 82.2742159,17.0052527,0</coordinates></LineString>
</Placemark>
<Placemark><name>highway</name><styleUrl>#highway</styleUrl><description>highway: service</description>
<LineString><tessellate>1</tessellate><coordinates>82.2755353,17.005788,0 82.2765159,17.005695,0 82.2766988,17.0056724,0 82.2765568,17.0055058,0 82.2763911,17.0055387,0 82.2762255,17.0055202,0 82.27612,17.0054811,0</coordinates></LineString>
</Placemark>
<Placemark><name>highway</name><styleUrl>#highway</styleUrl><description>highway: service</description>
<LineString><tessellate>1</tessellate><coordinates>82.2753625,17.0057951,0 82.2752701,17.0058128,0 82.2748936,17.0058597,0</coordinates></LineString>
</Placemark>
<Placemark><name>highway</name><styleUrl>#highway</styleUrl><description>highway: service</description>
<LineString><tessellate>1</tessellate><coordinates>82.2765568,17.0055058,0 82.2763317,17.0052765,0 82.2762257,17.0051905,0 82.2760038,17.0050834,0 82.2758898,17.0050433,0</coordinates></LineString>
</Placemark>
<Placemark><name>highway</name><styleUrl>#highway</styleUrl><description>highway: service</description>
<LineString><tessellate>1</tessellate><coordinates>82.2766988,17.0056724,0 82.277229,17.0062243,0 82.2769692,17.00624,0 82.2765504,17.0062653,0 82.2766336,17.0071246,0 82.277905,17.0070066,0 82.2782778,17.0069784,0 82.2783127,17.006945,0 82.2783019,17.0068989,0 82.278031,17.0061756,0 82.277229,17.0062243,0 82.277905,17.0070066,0</coordinates></LineString>
</Placemark>
<Placemark><name>highway</name><styleUrl>#highway</styleUrl><description>highway: service</description>
<LineString><tessellate>1</tessellate><coordinates>82.2765504,17.0062653,0 82.2765159,17.005695,0</coordinates></LineString>
</Placemark>
<Placemark><name>highway</name><styleUrl>#highway</styleUrl><description>highway: service</description>
<LineString><tessellate>1</tessellate><coordinates>82.278031,17.0061756,0 82.2777707,17.0056848,0 82.2777299,17.0056422,0 82.2776407,17.0056173,0 82.2766988,17.0056724,0</coordinates></LineString>
</Placemark>
<Placemark><name>highway</name><styleUrl>#highway</styleUrl><description>highway: service</description>
<LineString><tessellate>1</tessellate><coordinates>82.2765504,17.0062653,0 82.2742986,17.0064675,0 82.2742466,17.0060607,0 82.2742652,17.006018,0 82.2743079,17.0059843,0 82.2747779,17.0059328,0 82.2748392,17.0059061,0 82.2748936,17.0058597,0</coordinates></LineString>
</Placemark>
<Placemark><name>highway</name><styleUrl>#highway</styleUrl><description>highway: service</description>
<LineString><tessellate>1</tessellate><coordinates>82.2766336,17.0071246,0 82.2744971,17.0073102,0</coordinates></LineString>
</Placemark>
<Placemark><name>highway</name><styleUrl>#highway</styleUrl><description>highway: service</description>
<LineString><tessellate>1</tessellate><coordinates>82.2769692,17.00624,0 82.2769621,17.0061631,0 82.2769496,17.0061426,0 82.2769166,17.0061247,0</coordinates></LineString>
</Placemark>
<Placemark><name>highway</name><styleUrl>#highway</styleUrl><description>highway: service</description>
<LineString><tessellate>1</tessellate><coordinates>82.2729283,17.0038597,0 82.2728115,17.0038122,0 82.2727615,17.0038141,0 82.2725916,17.0038677,0 82.2721737,17.0040149,0 82.2721577,17.0040531,0 82.2722377,17.0043016,0 82.2722957,17.0043055,0 82.273014,17.0041045,0</coordinates></LineString>
</Placemark>
<Placemark><name>highway</name><styleUrl>#highway</styleUrl><description>highway: residential</description>
<LineString><tessellate>1</tessellate><coordinates>82.2598199,17.0049957,0 82.2597148,17.0050241,0 82.2596621,17.0050115,0 82.2596413,17.0050063,0 82.259582,17.0050105,0</coordinates></LineString>
</Placemark>
<Placemark><name>highway</name><styleUrl>#highway</styleUrl><description>highway: residential</description>
<LineString><tessellate>1</tessellate><coordinates>82.259472,16.993592,0 82.2592142,16.9935579,0 82.2588458,16.9935093,0</coordinates></LineString>
</Placemark>
<Placemark><name>highway</name><styleUrl>#highway</styleUrl><description>highway: residential</description>
<LineString><tessellate>1</tessellate><coordinates>82.2617608,16.9920884,0 82.2617775,16.9919072,0 82.2617738,16.9918752,0 82.2617608,16.9918645,0 82.2615602,16.9918361,0 82.2615249,16.9918184,0 82.2615119,16.9917917,0 82.2616271,16.9906441,0</coordinates></LineString>
</Placemark>
<Placemark><name>highway</name><styleUrl>#highway</styleUrl><description>highway: service</description>
<LineString><tessellate>1</tessellate><coordinates>82.2627017,16.993629,0 82.2627335,16.9936827,0 82.2631347,16.9936965,0 82.2631982,16.9936717,0 82.2632271,16.9936137,0 82.2633228,16.9921677,0</coordinates></LineString>
</Placemark>
<Placemark><name>highway</name><styleUrl>#highway</styleUrl><description>highway: service</description>
<LineString><tessellate>1</tessellate><coordinates>82.2753679,17.0110083,0 82.2739767,17.0109877,0</coordinates></LineString>
</Placemark>
<Placemark><name>highway</name><styleUrl>#highway</styleUrl><description>highway: service</description>
<LineString><tessellate>1</tessellate><coordinates>82.2753881,17.0098887,0 82.2752068,17.0098835,0 82.2738306,17.0098439,0</coordinates></LineString>
</Placemark>
<Placemark><name>highway</name><styleUrl>#highway</styleUrl><description>highway: service</description>
<LineString><tessellate>1</tessellate><coordinates>82.2753919,17.0096776,0 82.2752163,17.0096687,0 82.2752068,17.0098835,0</coordinates></LineString>
</Placemark>
<Placemark><name>highway</name><styleUrl>#highway</styleUrl><description>highway: service</description>
<LineString><tessellate>1</tessellate><coordinates>82.2753832,17.0101618,0 82.2752069,17.0101707,0 82.2752068,17.0098835,0</coordinates></LineString>
</Placemark>
<Placemark><name>highway</name><styleUrl>#highway</styleUrl><description>highway: service</description>
<LineString><tessellate>1</tessellate><coordinates>82.2571758,16.9858074,0 82.2571554,16.9860696,0 82.257133,16.9861146,0 82.2567922,16.9861151,0 82.2567899,16.9858305,0</coordinates></LineString>
</Placemark>
<Placemark><name>highway</name><styleUrl>#highway</styleUrl><description>highway: service</description>
<LineString><tessellate>1</tessellate><coordinates>82.2567922,16.9861151,0 82.2567898,16.9863742,0 82.2568077,16.986505,0</coordinates></LineString>
</Placemark>
<Placemark><name>highway</name><styleUrl>#highway</styleUrl><description>highway: service</description>
<LineString><tessellate>1</tessellate><coordinates>82.2567922,16.9861151,0 82.2565004,16.9861425,0</coordinates></LineString>
</Placemark>
<Placemark><name>highway</name><styleUrl>#highway</styleUrl><description>highway: residential</description>
<LineString><tessellate>1</tessellate><coordinates>82.255367,16.9900235,0 82.2553052,16.9898383,0 82.255272,16.9897762,0 82.255197,16.9896451,0 82.2550714,16.9895126,0</coordinates></LineString>
</Placemark>
<Placemark><name>highway</name><styleUrl>#highway</styleUrl><description>highway: residential</description>
<LineString><tessellate>1</tessellate><coordinates>82.255272,16.9897762,0 82.2552879,16.9897141,0 82.2552157,16.9892613,0</coordinates></LineString>
</Placemark>
<Placemark><name>highway</name><styleUrl>#highway</styleUrl><description>highway: residential</description>
<LineString><tessellate>1</tessellate><coordinates>82.2567295,16.9909307,0 82.2566937,16.9907688,0 82.2566862,16.9907521,0 82.2566127,16.9907581,0</coordinates></LineString>
</Placemark>
<Placemark><name>highway</name><styleUrl>#highway</styleUrl><description>highway: residential</description>
<LineString><tessellate>1</tessellate><coordinates>82.2574328,16.99079,0 82.2574792,16.9909942,0</coordinates></LineString>
</Placemark>
<Placemark><name>highway</name><styleUrl>#highway</styleUrl><description>highway: service</description>
<LineString><tessellate>1</tessellate><coordinates>82.2765415,16.9879178,0 82.276016,16.9880209,0 82.2759757,16.9880466,0 82.2760878,16.9884885,0 82.276658,16.9884241,0</coordinates></LineString>
</Placemark>
<Placemark><name>highway</name><styleUrl>#highway</styleUrl><description>highway: service</description>
<LineString><tessellate>1</tessellate><coordinates>82.2760878,16.9884885,0 82.2761755,16.9888122,0 82.2767238,16.9887102,0</coordinates></LineString>
</Placemark>
<Placemark><name>highway</name><styleUrl>#highway</styleUrl><description>highway: service</description>
<LineString><tessellate>1</tessellate><coordinates>82.276439,16.987472,0 82.2756538,16.9876419,0</coordinates></LineString>
</Placemark>
<Placemark><name>highway</name><styleUrl>#highway</styleUrl><description>highway: service</description>
<LineString><tessellate>1</tessellate><coordinates>82.2763379,16.9870326,0 82.2760422,16.9871546,0 82.2758434,16.9872883,0 82.2756942,16.9873269,0</coordinates></LineString>
</Placemark>
<Placemark><name>highway</name><styleUrl>#highway</styleUrl><description>highway: service</description>
<LineString><tessellate>1</tessellate><coordinates>82.2795575,17.0109686,0 82.2795539,17.0096877,0 82.2787191,17.0096739,0</coordinates></LineString>
</Placemark>
<Placemark><name>highway</name><styleUrl>#highway</styleUrl><description>highway: service</description>
<LineString><tessellate>1</tessellate><coordinates>82.2755748,17.017508,0 82.2750753,17.0174857,0 82.2750211,17.0174487,0 82.2749785,17.0174005,0 82.2745989,17.0173894,0 82.2745641,17.0173302,0 82.2745292,17.0172117,0 82.2745408,17.0170598,0</coordinates></LineString>
</Placemark>
<Placemark><name>highway</name><styleUrl>#highway</styleUrl><description>highway: service</description>
<LineString><tessellate>1</tessellate><coordinates>82.2745989,17.0173894,0 82.274595,17.0176376,0 82.2751024,17.0176413,0</coordinates></LineString>
</Placemark>
<Placemark><name>highway</name><styleUrl>#highway</styleUrl><description>highway: service</description>
<LineString><tessellate>1</tessellate><coordinates>82.274595,17.0176376,0 82.2743394,17.0176227,0</coordinates></LineString>
</Placemark>
<Placemark><name>highway</name><styleUrl>#highway</styleUrl><description>highway: secondary
ref: MDR024</description>
<LineString><tessellate>1</tessellate><coordinates>82.2680926,17.0058751,0 82.2689241,17.0056699,0 82.2696108,17.005493,0 82.2701982,17.005375,0 82.2705683,17.005298,0 82.2710535,17.0052304,0 82.2718444,17.0051203,0 82.2723342,17.0050727,0 82.2728149,17.005026,0 82.272858,17.0050225,0 82.2752852,17.0048232,0 82.275443,17.0048103,0 82.275606,17.0047969,0 82.2757317,17.0047866,0 82.2769325,17.004688,0 82.2810654,17.0043509,0</coordinates></LineString>
</Placemark>
<Placemark><name>highway</name><styleUrl>#highway</styleUrl><description>highway: service</description>
<LineString><tessellate>1</tessellate><coordinates>82.2504458,17.0221183,0 82.2506897,17.0221024,0</coordinates></LineString>
</Placemark>
<Placemark><name>highway</name><styleUrl>#highway</styleUrl><description>highway: residential
source: maxar</description>
<LineString><tessellate>1</tessellate><coordinates>82.2524642,17.0170395,0 82.2522335,17.0171937,0</coordinates></LineString>
</Placemark>
<Placemark><name>highway</name><styleUrl>#highway</styleUrl><description>highway: residential
surface: unpaved</description>
<LineString><tessellate>1</tessellate><coordinates>82.2535684,17.0176322,0 82.2539728,17.0181491,0</coordinates></LineString>
</Placemark>
<Placemark><name>highway</name><styleUrl>#highway</styleUrl><description>highway: services</description>
<Polygon><outerBoundaryIs><LinearRing><coordinates>82.2484808,17.0105988,0 82.248471,17.0102007,0 82.2489695,17.0101726,0 82.2490811,17.0104351,0 82.2484808,17.0105988,0</coordinates></LinearRing></outerBoundaryIs></Polygon>
</Placemark>
<Placemark><name>highway</name><styleUrl>#highway</styleUrl><description>highway: trunk
junction: roundabout
ref: NH216
source: maxar</description>
<LineString><tessellate>1</tessellate><coordinates>82.24883,17.0227046,0 82.2488661,17.0226699,0 82.2488824,17.0226234,0 82.2488754,17.0225749,0 82.2488467,17.0225343,0 82.2488022,17.0225102,0 82.2487592,17.0225063,0 82.2487178,17.0225183,0</coordinates></LineString>
</Placemark>
<Placemark><name>highway</name><styleUrl>#highway</styleUrl><description>highway: trunk
junction: roundabout
ref: NH216
source: maxar</description>
<LineString><tessellate>1</tessellate><coordinates>82.2487308,17.0227141,0 82.2487816,17.0227205,0 82.24883,17.0227046,0</coordinates></LineString>
</Placemark>
<Placemark><name>highway</name><styleUrl>#highway</styleUrl><description>highway: residential
lit: yes</description>
<LineString><tessellate>1</tessellate><coordinates>82.255923,16.9957096,0 82.2562009,16.997022,0</coordinates></LineString>
</Placemark>
<Placemark><name>Road</name><styleUrl>#highway</styleUrl><description>highway: residential
name: Road</description>
<LineString><tessellate>1</tessellate><coordinates>82.2436063,16.9871522,0 82.2437667,16.9876266,0 82.2437633,16.9877421,0 82.2436192,16.9878062,0 82.2436594,16.987912,0 82.2438505,16.9878383,0 82.2440349,16.9877132,0 82.2442832,16.9878782,0</coordinates></LineString>
</Placemark>
<Placemark><name>highway</name><styleUrl>#highway</styleUrl><description>highway: residential
source: maxar</description>
<LineString><tessellate>1</tessellate><coordinates>82.2528011,16.9994048,0 82.2536162,16.9991556,0</coordinates></LineString>
</Placemark>
<Placemark><name>highway</name><styleUrl>#highway</styleUrl><description>highway: footway
surface: concrete</description>
<LineString><tessellate>1</tessellate><coordinates>82.2482858,16.9876755,0 82.2483331,16.9876562,0 82.2483551,16.9876485,0 82.2485394,16.9875838,0 82.2487324,16.9875187,0</coordinates></LineString>
</Placemark>
<Placemark><name>highway</name><styleUrl>#highway</styleUrl><description>highway: living_street</description>
<LineString><tessellate>1</tessellate><coordinates>82.2478611,17.0226793,0 82.247857,17.0219816,0</coordinates></LineString>
</Placemark>
<Placemark><name>highway</name><styleUrl>#highway</styleUrl><description>highway: track</description>
<LineString><tessellate>1</tessellate><coordinates>82.2547621,16.9884418,0 82.2548116,16.9887675,0 82.2548357,16.9889625,0</coordinates></LineString>
</Placemark>
</Folder>
<Folder><name>landuse (18)</name>
<Placemark><name>landuse</name><styleUrl>#landuse</styleUrl><description>landuse: basin</description>
<Polygon><outerBoundaryIs><LinearRing><coordinates>82.2695872,16.9873388,0 82.2696148,16.9873616,0 82.2702697,16.9873967,0 82.2703022,16.9873777,0 82.2703113,16.9870713,0 82.2702672,16.9870341,0 82.2696718,16.9870092,0 82.2695888,16.987106,0 82.2695872,16.9873388,0</coordinates></LinearRing></outerBoundaryIs></Polygon>
</Placemark>
<Placemark><name>landuse</name><styleUrl>#landuse</styleUrl><description>landuse: industrial</description>
<Polygon><outerBoundaryIs><LinearRing><coordinates>82.2727189,17.0253731,0 82.2737048,17.0253538,0 82.2736786,17.0249574,0 82.2745812,17.0247617,0 82.2744867,17.0238034,0 82.2740879,17.0237582,0 82.2740827,17.0220522,0 82.2790784,17.0221475,0 82.2790787,17.0220027,0 82.2790837,17.0199497,0 82.2792568,17.0198042,0 82.2791781,17.0180028,0 82.2809676,17.0178221,0 82.2809488,17.0173433,0 82.2809156,17.0164991,0 82.2808951,17.015976,0 82.2808887,17.0158145,0 82.2808836,17.0156845,0 82.2828725,17.0154989,0 82.2837751,17.0148265,0 82.2835546,17.0137476,0 82.2818754,17.0140186,0 82.2818544,17.0137626,0 82.2829039,17.0127415,0 82.2810265,17.0110261,0 82.2799281,17.0110616,0 82.2798836,17.008961,0 82.2785181,17.0071797,0 82.2802472,17.0059094,0 82.2814198,17.0050223,0 82.2810413,17.004412,0 82.2791934,17.0044971,0 82.2784661,17.0025171,0 82.2770561,17.0007429,0 82.2746219,17.0006009,0 82.2746295,17.0001936,0 82.2747002,16.9966024,0 82.2733605,16.9965411,0 82.2731298,16.9962025,0 82.2731352,16.9957152,0 82.2721468,16.9956764,0 82.2721209,16.9965207,0 82.2701132,16.9964956,0 82.2701142,17.0001869,0 82.2668742,17.0000234,0 82.2667377,17.0027233,0 82.2679342,17.0057844,0 82.2706944,17.005403,0 82.2709778,17.0082433,0 82.2688788,17.0084942,0 82.2705667,17.0121314,0 82.2790121,17.0128127,0 82.2790121,17.0155803,0 82.2716502,17.0155519,0 82.2719916,17.0202639,0 82.2724072,17.0219528,0 82.2727337,17.0232585,0 82.2727189,17.0253731,0</coordinates></LinearRing></outerBoundaryIs></Polygon>
</Placemark>
<Placemark><name>landuse</name><styleUrl>#landuse</styleUrl><description>landuse: residential</description>
<Polygon><outerBoundaryIs><LinearRing><coordinates>82.2819105,17.0189583,0 82.2817799,17.0175069,0 82.2815524,17.017522,0 82.2815524,17.0173368,0 82.2809488,17.0173433,0 82.2809156,17.0164991,0 82.2815795,17.0164152,0 82.2814939,17.0159587,0 82.2808951,17.015976,0 82.2808887,17.0158145,0 82.2829104,17.0156098,0 82.2835319,17.0153277,0 82.2839553,17.0148109,0 82.2846826,17.0147549,0 82.285428,17.0158682,0 82.2844034,17.0161891,0 82.2845948,17.0178881,0 82.2844282,17.0179613,0 82.2844642,17.0182606,0 82.2840093,17.0195741,0 82.2832819,17.0197636,0 82.2831693,17.0205173,0 82.2819848,17.0207262,0 82.2818339,17.0196969,0 82.2809962,17.0197119,0 82.2810142,17.0190703,0 82.2819105,17.0189583,0</coordinates></LinearRing></outerBoundaryIs></Polygon>
</Placemark>
<Placemark><name>landuse</name><styleUrl>#landuse</styleUrl><description>landuse: industrial</description>
<Polygon><outerBoundaryIs><LinearRing><coordinates>82.2845,17.0212555,0 82.2855255,17.0210332,0 82.285293,17.0201471,0 82.2843185,17.0203419,0 82.2845,17.0212555,0</coordinates></LinearRing></outerBoundaryIs></Polygon>
</Placemark>
<Placemark><name>landuse</name><styleUrl>#landuse</styleUrl><description>landuse: residential</description>
<Polygon><outerBoundaryIs><LinearRing><coordinates>82.2835546,17.0137476,0 82.2838157,17.0136826,0 82.2837031,17.013439,0 82.2829039,17.0127415,0 82.2818544,17.0137626,0 82.2818754,17.0140186,0 82.2835546,17.0137476,0</coordinates></LinearRing></outerBoundaryIs></Polygon>
</Placemark>
<Placemark><name>Krishna Nagar Park</name><styleUrl>#landuse</styleUrl><description>addr:city: kakinada
addr:postcode: 533005
addr:street: Krishna nagar
landuse: grass
leisure: park
name: Krishna Nagar Park</description>
<Polygon><outerBoundaryIs><LinearRing><coordinates>82.2497462,16.9871634,0 82.2495627,16.9865575,0 82.250006,16.9864168,0 82.2501739,16.9870514,0 82.2497462,16.9871634,0</coordinates></LinearRing></outerBoundaryIs></Polygon>
</Placemark>
<Placemark><name>District Sports Authority</name><styleUrl>#landuse</styleUrl><description>addr:city: Kakinada, Andhra Pradesh
addr:postcode: 533005
addr:street: Krishna Nagar, Ramanayapeta,
landuse: greenfield
leisure: park
name: District Sports Authority</description>
<Polygon><outerBoundaryIs><LinearRing><coordinates>82.2452202,16.9832189,0 82.2457913,16.9829283,0 82.2460791,16.9827818,0 82.2472029,16.9823662,0 82.2483456,16.9819814,0 82.248367,16.9819686,0 82.2492575,16.9841362,0 82.2468811,16.9850366,0 82.2461742,16.985261,0 82.2452202,16.9832189,0</coordinates></LinearRing></outerBoundaryIs></Polygon>
</Placemark>
<Placemark><name>Gymnastics centre</name><styleUrl>#landuse</styleUrl><description>landuse: recreation_ground
name: Gymnastics centre</description>
<Polygon><outerBoundaryIs><LinearRing><coordinates>82.2461278,16.9847501,0 82.2463414,16.984665,0 82.2465505,16.9850608,0 82.2463147,16.9851629,0 82.2461278,16.9847501,0</coordinates></LinearRing></outerBoundaryIs></Polygon>
</Placemark>
<Placemark><name>Sports Authority complex</name><styleUrl>#landuse</styleUrl><description>landuse: recreation_ground
name: Sports Authority complex</description>
<Polygon><outerBoundaryIs><LinearRing><coordinates>82.2455316,16.983648,0 82.2456651,16.9835927,0 82.2455665,16.9834375,0 82.2455138,16.9833544,0 82.2454026,16.983414,0 82.2455316,16.983648,0</coordinates></LinearRing></outerBoundaryIs></Polygon>
</Placemark>
<Placemark><name>landuse</name><styleUrl>#landuse</styleUrl><description>landuse: industrial</description>
<Polygon><outerBoundaryIs><LinearRing><coordinates>82.2753453,16.9830638,0 82.2757637,16.9847877,0 82.2775716,16.9926187,0 82.2667079,16.9925697,0 82.2670936,16.9815895,0 82.2567105,16.98124,0 82.2576826,16.9753709,0 82.2600217,16.9670029,0 82.2629837,16.9671191,0 82.2635534,16.9609728,0 82.2604755,16.9594121,0 82.2591405,16.9580997,0 82.2587889,16.9569731,0 82.2682864,16.9572901,0 82.2683072,16.9580152,0 82.2683823,16.958754,0 82.2705495,16.9638646,0 82.2711611,16.9654039,0 82.2719979,16.9688108,0 82.2753453,16.9830638,0</coordinates></LinearRing></outerBoundaryIs></Polygon>
</Placemark>
<Placemark><name>landuse</name><styleUrl>#landuse</styleUrl><description>landuse: retail</description>
<Polygon><outerBoundaryIs><LinearRing><coordinates>82.2446729,16.9968132,0 82.2451836,16.9967721,0 82.245012,16.9964274,0 82.2445141,16.9965259,0 82.2446729,16.9968132,0</coordinates></LinearRing></outerBoundaryIs></Polygon>
</Placemark>
<Placemark><name>landuse</name><styleUrl>#landuse</styleUrl><description>landuse: religious
religion: muslim</description>
<Polygon><outerBoundaryIs><LinearRing><coordinates>82.2610469,17.0013685,0 82.2612038,17.0013225,0 82.2611521,17.0011611,0 82.2609951,17.001207,0 82.2610469,17.0013685,0</coordinates></LinearRing></outerBoundaryIs></Polygon>
</Placemark>
<Placemark><name>landuse</name><styleUrl>#landuse</styleUrl><description>landuse: residential</description>
<Polygon><outerBoundaryIs><LinearRing><coordinates>82.2499962,17.03564,0 82.2483413,17.0338792,0 82.2474672,17.0331165,0 82.2468307,17.0323862,0 82.246627,17.0320697,0 82.246279,17.03181,0 82.2455237,17.031031,0 82.2449636,17.0306172,0 82.2449381,17.0305766,0 82.2452267,17.0304225,0 82.2460838,17.0295542,0 82.2454983,17.0291241,0 82.2450739,17.0286535,0 82.2445478,17.0278258,0 82.2443441,17.0273795,0 82.2444714,17.027274,0 82.2457019,17.0267547,0 82.2458377,17.0270955,0 82.2460075,17.0273146,0 82.2463554,17.0271198,0 82.2467458,17.0270549,0 82.246644,17.0263976,0 82.2475351,17.0260893,0 82.2474078,17.0255943,0 82.2482395,17.025294,0 82.2487317,17.0260811,0 82.2489438,17.026211,0 82.2492154,17.0262597,0 82.2492494,17.0266411,0 82.2489438,17.026706,0 82.2489523,17.0269088,0 82.2489948,17.0271523,0 82.2491136,17.0272091,0 82.249156,17.0273551,0 82.249173,17.0274525,0 82.2489863,17.0275986,0 82.2493427,17.0288807,0 82.2495973,17.0288645,0 82.2496398,17.0285399,0 82.2497161,17.0284263,0 82.2505903,17.0284344,0 82.2506921,17.0287427,0 82.2504969,17.028832,0 82.2504375,17.0289213,0 82.250463,17.0294325,0 82.2509806,17.0292864,0 82.2512437,17.029684,0 82.2515323,17.0296678,0 82.2519821,17.0294812,0 82.2522961,17.0298463,0 82.2522197,17.0299762,0 82.2516341,17.0303007,0 82.2517614,17.0305036,0 82.2513965,17.0308606,0 82.2516087,17.0311284,0 82.2519481,17.0309337,0 82.2525761,17.0308201,0 82.2527119,17.0308038,0 82.2528647,17.030958,0 82.253323,17.0318587,0 82.252661,17.0322158,0 82.2522112,17.0326539,0 82.2528817,17.0340009,0 82.2534163,17.034009,0 82.2535266,17.0341145,0 82.2537897,17.0341145,0 82.2539001,17.0342687,0 82.2537133,17.0343904,0 82.2539934,17.0350882,0 82.2536539,17.03521,0 82.2519227,17.0363784,0 82.2513456,17.0366624,0 82.2510061,17.0367273,0 82.250412,17.0366624,0 82.250463,17.0360295,0 82.2499962,17.03564,0</coordinates></LinearRing></outerBoundaryIs></Polygon>
</Placemark>
<Placemark><name>landuse</name><styleUrl>#landuse</styleUrl><description>landuse: residential</description>
<Polygon><outerBoundaryIs><LinearRing><coordinates>82.2673313,17.0375175,0 82.2685974,17.0377568,0 82.2692599,17.0390659,0 82.2707616,17.0383621,0 82.2702168,17.0358987,0 82.270953,17.0353779,0 82.2703641,17.0319996,0 82.2695102,17.0307749,0 82.2687446,17.0279877,0 82.2665068,17.0278047,0 82.2654321,17.0282411,0 82.2622227,17.0254539,0 82.2585127,17.027298,0 82.2566135,17.0310424,0 82.2580857,17.0345193,0 82.2605002,17.0347445,0 82.2673313,17.0375175,0</coordinates></LinearRing></outerBoundaryIs></Polygon>
</Placemark>
<Placemark><name>landuse</name><styleUrl>#landuse</styleUrl><description>landuse: residential</description>
<Polygon><outerBoundaryIs><LinearRing><coordinates>82.2813481,17.0271954,0 82.2820989,17.0260693,0 82.2833797,17.0248024,0 82.2832325,17.0231131,0 82.28204,17.0214661,0 82.2808181,17.0218321,0 82.2798022,17.0254358,0 82.2813481,17.0271954,0</coordinates></LinearRing></outerBoundaryIs></Polygon>
</Placemark>
<Placemark><name>Kakinada Urban</name><styleUrl>#landuse</styleUrl><description>landuse: residential
name: Kakinada Urban</description>
<Polygon><outerBoundaryIs><LinearRing><coordinates>82.2062074,16.9944838,0 82.2077979,16.9934284,0 82.2085038,16.9942044,0 82.2093558,16.9937932,0 82.2097291,16.9929551,0 82.2105324,16.9935681,0 82.2097534,16.9947089,0 82.2104188,16.9945381,0 82.210995,16.9941734,0 82.216951,17.0003892,0 82.2181195,17.0012816,0 82.2189309,17.0015454,0 82.2190445,17.0022593,0 82.2186307,17.0023912,0 82.2185495,17.0029887,0 82.2190283,17.0032914,0 82.2193366,17.003819,0 82.2199939,17.0042691,0 82.2202211,17.0046726,0 82.2201968,17.0048123,0 82.2200913,17.0049364,0 82.2208459,17.0059529,0 82.2210894,17.0061237,0 82.2213166,17.006178,0 82.2217872,17.0064651,0 82.2228583,17.0075126,0 82.2231991,17.0077842,0 82.2246192,17.0069151,0 82.2248464,17.0071867,0 82.2251953,17.0074738,0 82.22539,17.0074738,0 82.2274024,17.0066358,0 82.2280353,17.0065582,0 82.2282788,17.0066668,0 82.2285141,17.0075049,0 82.2272807,17.0082731,0 82.2279055,17.0093439,0 82.2279948,17.0096543,0 82.2279461,17.0100034,0 82.2278163,17.0101897,0 82.2267289,17.0107484,0 82.226169,17.0111441,0 82.2262177,17.0112372,0 82.2264774,17.0117338,0 82.2268588,17.0122226,0 82.2272239,17.0124089,0 82.2277919,17.0128279,0 82.2281814,17.0129675,0 82.2284654,17.0131926,0 82.2288062,17.0137668,0 82.229001,17.0142866,0 82.2292038,17.0146125,0 82.2299098,17.0148065,0 82.2305914,17.0160092,0 82.2310052,17.0169481,0 82.2313461,17.0173515,0 82.2315651,17.0175222,0 82.23219,17.0176774,0 82.2327985,17.0181042,0 82.234389,17.0197491,0 82.2349651,17.0195086,0 82.2341942,17.0181818,0 82.2345026,17.0178714,0 82.2342591,17.0174679,0 82.2345918,17.0171265,0 82.2349002,17.0173981,0 82.2350381,17.0174214,0 82.2353303,17.017336,0 82.2358009,17.01708,0 82.23602,17.0168084,0 82.2354682,17.0161178,0 82.2351031,17.0158773,0 82.2344458,17.0164437,0 82.2340482,17.0161644,0 82.2332611,17.0152876,0 82.2328878,17.0147212,0 82.2326931,17.0143332,0 82.2328067,17.0141858,0 82.232409,17.0132081,0 82.2328716,17.012952,0 82.2334315,17.0134409,0 82.2339751,17.0137357,0 82.2346,17.0139452,0 82.2350625,17.0140073,0 82.235168,17.0144806,0 82.2355007,17.0152333,0 82.2359551,17.0152876,0 82.2362878,17.0152255,0 82.2362797,17.0145039,0 82.2372615,17.0147987,0 82.2373832,17.013984,0 82.2371804,17.0134641,0 82.2370668,17.0126106,0 82.2365555,17.0120054,0 82.2363283,17.0116174,0 82.2362147,17.0109889,0 82.2356143,17.0106397,0 82.2337804,17.0076445,0 82.2326363,17.0064728,0 82.2315976,17.0049364,0 82.230989,17.0042381,0 82.2306807,17.003594,0 82.2304697,17.0028956,0 82.2305103,17.002818,0 82.2307537,17.0027094,0 82.2307456,17.0026628,0 82.2306644,17.0025619,0 82.2302587,17.0024766,0 82.2298773,17.0019722,0 82.2296177,17.001429,0 82.2293012,17.0002107,0 82.230989,16.9995511,0 82.2309322,16.9989924,0 82.2315083,16.9986199,0 82.2319384,16.9984802,0 82.2338615,16.9976111,0 82.2348758,16.9977974,0 82.2358009,16.9984492,0 82.236166,16.9988062,0 82.2363446,16.9988139,0 82.236661,16.9986975,0 82.2368314,16.9989846,0 82.2371398,16.999101,0 82.2374481,16.9991166,0 82.2380567,16.999683,0 82.2384462,16.9998227,0 82.2385923,16.9999934,0 82.2387302,17.0004745,0 82.2388844,17.0007772,0 82.2391116,17.0006918,0 82.2394849,17.0012583,0 82.2395092,17.00146,0 82.2401989,17.001204,0 82.2418381,17.0002728,0 82.2432175,16.9998693,0 82.2442724,17.0021817,0 82.2438586,17.0023059,0 82.2432824,17.0014212,0 82.2420977,17.0019101,0 82.2418056,17.0021662,0 82.2419922,17.0026318,0 82.2413025,17.0030741,0 82.2405966,17.0036483,0 82.2404586,17.0038268,0 82.2404505,17.0038811,0 82.240702,17.0041217,0 82.2410104,17.004207,0 82.2414242,17.0039742,0 82.2419273,17.0034388,0 82.2425684,17.0032293,0 82.2428848,17.0035397,0 82.2433392,17.0042225,0 82.2426333,17.0048123,0 82.2416514,17.0053089,0 82.2407832,17.0053399,0 82.2402395,17.0055494,0 82.2402233,17.0061469,0 82.2404018,17.0067367,0 82.2408319,17.0075437,0 82.2411646,17.0080325,0 82.2412863,17.0084283,0 82.2417894,17.0093827,0 82.2413837,17.0097396,0 82.2412782,17.0097474,0 82.2409942,17.0092663,0 82.2408887,17.009243,0 82.2393956,17.0100655,0 82.2393632,17.0101043,0 82.2399474,17.0109268,0 82.2396228,17.0110355,0 82.2392009,17.011307,0 82.2394849,17.0117804,0 82.2391441,17.0119588,0 82.2388601,17.0117338,0 82.2386247,17.011858,0 82.2395985,17.0130063,0 82.2401016,17.0129753,0 82.2410104,17.0125951,0 82.2412295,17.0125563,0 82.2414486,17.0127348,0 82.2422762,17.0124166,0 82.2427225,17.0123701,0 82.2430065,17.0129831,0 82.2431688,17.0130684,0 82.2432906,17.0132857,0 82.2434447,17.0136659,0 82.2429254,17.0138444,0 82.2425197,17.0140694,0 82.2425765,17.014209,0 82.2429741,17.0146591,0 82.2440858,17.0145039,0 82.2452137,17.0139918,0 82.2452299,17.0145039,0 82.245806,17.0159316,0 82.2449378,17.016079,0 82.2442075,17.0162885,0 82.2432256,17.016692,0 82.243891,17.0176386,0 82.2420734,17.0185154,0 82.2417245,17.018787,0 82.2419598,17.0189965,0 82.2420977,17.0189965,0 82.2425684,17.0188103,0 82.243112,17.0187249,0 82.2438423,17.0184921,0 82.2438586,17.0194853,0 82.2455707,17.0192215,0 82.2459278,17.0210061,0 82.2460089,17.022876,0 82.2439478,17.0229846,0 82.2439965,17.0214328,0 82.2434853,17.020494,0 82.243323,17.0203155,0 82.24325,17.0203155,0 82.2421221,17.0208199,0 82.242471,17.0202302,0 82.242049,17.0201138,0 82.2413837,17.0194775,0 82.2405316,17.0206104,0 82.2402152,17.0211535,0 82.2414729,17.0220148,0 82.2417813,17.0222553,0 82.2418299,17.0223794,0 82.2412863,17.023101,0 82.2396877,17.0238381,0 82.2386004,17.024001,0 82.2395822,17.0254209,0 82.2404748,17.0260959,0 82.2405479,17.0262278,0 82.2421434,17.0257036,0 82.2436537,17.0247911,0 82.2442429,17.0244499,0 82.244774,17.0249419,0 82.2458362,17.0244499,0 82.2469399,17.0241405,0 82.2480187,17.023831,0 82.2488568,17.0244023,0 82.2497779,17.0242595,0 82.2504252,17.0236644,0 82.2509895,17.0231089,0 82.2516415,17.0271249,0 82.2553367,17.0313338,0 82.2574273,17.0302218,0 82.2639198,17.0260269,0 82.2713398,17.0236478,0 82.2711337,17.0201567,0 82.2708687,17.0173271,0 82.2717109,17.0136677,0 82.269529,17.0072613,0 82.2695879,17.0033193,0 82.2663784,16.9981242,0 82.2660793,16.997422,0 82.2630621,16.9973639,0 82.2640818,16.993112,0 82.2625212,16.9889725,0 82.2609754,16.9884234,0 82.2609754,16.9860721,0 82.2609165,16.9849598,0 82.2587081,16.9808765,0 82.2565217,16.9783262,0 82.2578248,16.9741178,0 82.2578607,16.973563,0 82.2553989,16.9756413,0 82.2543066,16.9754836,0 82.2540602,16.9734829,0 82.2544881,16.9718076,0 82.2547571,16.9711485,0 82.2521715,16.9694006,0 82.2531578,16.9626556,0 82.2529959,16.9599519,0 82.2575009,16.9601068,0 82.2587081,16.9559103,0 82.2548656,16.9522348,0 82.2544681,16.9514743,0 82.2535406,16.950911,0 82.2544976,16.9504463,0 82.2538286,16.9463234,0 82.2529517,16.9415318,0 82.2535848,16.9382362,0 82.2509053,16.9380391,0 82.2491387,16.9374335,0 82.2483905,16.9368402,0 82.2471953,16.9368842,0 82.2443245,16.9373349,0 82.2436326,16.93618,0 82.2414978,16.9361941,0 82.2434412,16.9310112,0 82.2443834,16.9278423,0 82.2443981,16.9263775,0 82.2432498,16.9241944,0 82.2444423,16.9237578,0 82.2447956,16.9226169,0 82.2437945,16.9213352,0 82.2443981,16.9204056,0 82.2445012,16.9195323,0 82.2437798,16.9157716,0 82.2395103,16.914842,0 82.2373462,16.9137292,0 82.2304709,16.9137855,0 82.2279239,16.9157152,0 82.2252886,16.9160674,0 82.2205922,16.9186027,0 82.218325,16.9228,0 82.2166908,16.9185745,0 82.2142175,16.918321,0 82.2117736,16.9210112,0 82.2105222,16.9234479,0 82.2073275,16.9235887,0 82.2094622,16.9330675,0 82.2190317,16.9342083,0 82.2151156,16.9390531,0 82.2087703,16.9417149,0 82.2079458,16.9489395,0 82.2213872,16.9439963,0 82.22919,16.9463623,0 82.2245672,16.9512772,0 82.2218142,16.9566285,0 82.2156161,16.9576565,0 82.2098744,16.9570932,0 82.205075,16.955347,0 82.203853,16.9539388,0 82.1988769,16.9521362,0 82.1974341,16.953291,0 82.1931941,16.948855,0 82.18891,16.9510941,0 82.1857741,16.9543894,0 82.1873347,16.9575861,0 82.1915305,16.9609799,0 82.1875261,16.9626415,0 82.1809158,16.9541078,0 82.1799147,16.9525024,0 82.1767494,16.9519391,0 82.1735997,16.9526504,0 82.1718763,16.9531361,0 82.170463,16.9540092,0 82.1696974,16.9576565,0 82.1724946,16.9597266,0 82.1753277,16.9576082,0 82.17549,16.9586969,0 82.1764027,16.9634988,0 82.1829541,16.9682865,0 82.1872972,16.9730037,0 82.1913016,16.9748201,0 82.1957467,16.9773717,0 82.1972225,16.978935,0 82.1984286,16.9796484,0 82.1993014,16.9796635,0 82.1996981,16.9794359,0 82.1997457,16.9792538,0 82.1994442,16.9786315,0 82.1997298,16.9781154,0 82.1989681,16.9774325,0 82.198127,16.97637,0 82.1975399,16.9749433,0 82.1965877,16.9745032,0 82.1959212,16.973638,0 82.1949056,16.9728033,0 82.1946358,16.9724238,0 82.1945882,16.9721506,0 82.1949056,16.9717712,0 82.1952865,16.9716194,0 82.1959212,16.9720899,0 82.1964608,16.9721203,0 82.1985714,16.9712855,0 82.1989364,16.9720899,0 82.1992696,16.972181,0 82.20019,16.9717863,0 82.1995077,16.9705417,0 82.2001266,16.9697373,0 82.2021419,16.9690239,0 82.2022371,16.9690239,0 82.2025387,16.9700257,0 82.2018245,16.9704507,0 82.201888,16.9706328,0 82.2020626,16.9708301,0 82.2026339,16.9706935,0 82.2027926,16.9707694,0 82.2033004,16.9715131,0 82.2039034,16.9729247,0 82.2052364,16.9727425,0 82.2062838,16.974063,0 82.2070137,16.974063,0 82.2076168,16.9749737,0 82.2058394,16.9757781,0 82.2052523,16.976279,0 82.2052681,16.9764763,0 82.2059188,16.9773566,0 82.2062362,16.9776146,0 82.2075215,16.9770227,0 82.2079341,16.9771896,0 82.2090767,16.9768861,0 82.2112508,16.9806501,0 82.2102986,16.9809233,0 82.2099019,16.9812572,0 82.2114095,16.9841712,0 82.2094417,16.9850514,0 82.2089656,16.9847175,0 82.2078865,16.984672,0 82.2053157,16.9852487,0 82.2047207,16.9846113,0 82.2029592,16.9868271,0 82.2027846,16.9873052,0 82.2032845,16.9887621,0 82.2031814,16.9890049,0 82.2026974,16.989225,0 82.2026815,16.9894299,0 82.2030385,16.9898397,0 82.2034591,16.9898397,0 82.2035146,16.9899914,0 82.2049428,16.9898321,0 82.2058553,16.9907578,0 82.2067281,16.991031,0 82.2069134,16.992893,0 82.2056962,16.9935992,0 82.2062074,16.9944838,0</coordinates></LinearRing></outerBoundaryIs></Polygon>
</Placemark>
<Placemark><name>Flat complex</name><styleUrl>#landuse</styleUrl><description>landuse: residential
name: Flat complex
residential: apartments</description>
<Polygon><outerBoundaryIs><LinearRing><coordinates>82.2477574,16.9899993,0 82.2480256,16.9899095,0 82.2479116,16.9895376,0 82.2476166,16.9896306,0 82.2477574,16.9899993,0</coordinates></LinearRing></outerBoundaryIs></Polygon>
</Placemark>
<Placemark><name>Flat complex</name><styleUrl>#landuse</styleUrl><description>landuse: residential
name: Flat complex
residential: apartments</description>
<Polygon><outerBoundaryIs><LinearRing><coordinates>82.2435119,16.9878062,0 82.2437432,16.987726,0 82.243703,16.9874727,0 82.2436125,16.9872002,0 82.2433208,16.9872964,0 82.2435119,16.9878062,0</coordinates></LinearRing></outerBoundaryIs></Polygon>
</Placemark>
</Folder>
<Folder><name>place (29)</name>
<Placemark><name>Eswar Nagar</name><styleUrl>#place</styleUrl><description>name: Eswar Nagar
place: neighbourhood</description>
<Point><coordinates>82.2483141,17.0048814,0</coordinates></Point>
</Placemark>
<Placemark><name>Suryaraopeta</name><styleUrl>#place</styleUrl><description>name: Suryaraopeta
place: village</description>
<Point><coordinates>82.2823805,17.0166438,0</coordinates></Point>
</Placemark>
<Placemark><name>Parakala</name><styleUrl>#place</styleUrl><description>name: Parakala
place: hamlet</description>
<Point><coordinates>82.2816043,17.0238451,0</coordinates></Point>
</Placemark>
<Placemark><name>Ranga Rao Nagar</name><styleUrl>#place</styleUrl><description>name: Ranga Rao Nagar
place: neighbourhood</description>
<Point><coordinates>82.2531492,16.9847364,0</coordinates></Point>
</Placemark>
<Placemark><name>place</name><styleUrl>#place</styleUrl><description>place: suburb</description>
<Point><coordinates>82.2536943,16.9909179,0</coordinates></Point>
</Placemark>
<Placemark><name>Sasikanth Nagar</name><styleUrl>#place</styleUrl><description>name: Sasikanth Nagar
place: neighbourhood</description>
<Point><coordinates>82.253725,16.9883045,0</coordinates></Point>
</Placemark>
<Placemark><name>Krishna Nagar</name><styleUrl>#place</styleUrl><description>name: Krishna Nagar
place: neighbourhood</description>
<Point><coordinates>82.2469175,16.989962,0</coordinates></Point>
</Placemark>
<Placemark><name>RTC Colony</name><styleUrl>#place</styleUrl><description>name: RTC Colony
place: neighbourhood</description>
<Point><coordinates>82.2501521,16.9931923,0</coordinates></Point>
</Placemark>
<Placemark><name>Muralidhar Nagar</name><styleUrl>#place</styleUrl><description>name: Muralidhar Nagar
place: neighbourhood</description>
<Point><coordinates>82.245006,16.9985955,0</coordinates></Point>
</Placemark>
<Placemark><name>Gaigalapadu</name><styleUrl>#place</styleUrl><description>name: Gaigalapadu
place: neighbourhood</description>
<Point><coordinates>82.2450508,17.0046359,0</coordinates></Point>
</Placemark>
<Placemark><name>APIIC Colony</name><styleUrl>#place</styleUrl><description>name: APIIC Colony
place: neighbourhood</description>
<Point><coordinates>82.2493361,16.998807,0</coordinates></Point>
</Placemark>
<Placemark><name>SBI Officers Colony</name><styleUrl>#place</styleUrl><description>name: SBI Officers Colony
place: neighbourhood</description>
<Point><coordinates>82.2540302,16.9983358,0</coordinates></Point>
</Placemark>
<Placemark><name>Valasapakala</name><styleUrl>#place</styleUrl><description>name: Valasapakala
place: neighbourhood</description>
<Point><coordinates>82.2563312,16.9963762,0</coordinates></Point>
</Placemark>
<Placemark><name>Santhosh Nagar</name><styleUrl>#place</styleUrl><description>name: Santhosh Nagar
place: neighbourhood</description>
<Point><coordinates>82.2555849,17.0053571,0</coordinates></Point>
</Placemark>
<Placemark><name>Suranna Nagar</name><styleUrl>#place</styleUrl><description>name: Suranna Nagar
place: neighbourhood</description>
<Point><coordinates>82.2605601,17.0045237,0</coordinates></Point>
</Placemark>
<Placemark><name>Rama Krishna Nagar</name><styleUrl>#place</styleUrl><description>name: Rama Krishna Nagar
place: neighbourhood</description>
<Point><coordinates>82.2619088,16.9994906,0</coordinates></Point>
</Placemark>
<Placemark><name>Ganganagar</name><styleUrl>#place</styleUrl><description>name: Ganganagar
place: neighbourhood</description>
<Point><coordinates>82.2627948,17.0060945,0</coordinates></Point>
</Placemark>
<Placemark><name>Srinivasa Nagar</name><styleUrl>#place</styleUrl><description>name: Srinivasa Nagar
place: suburb</description>
<Point><coordinates>82.2594772,17.0070859,0</coordinates></Point>
</Placemark>
<Placemark><name>FCI Colony</name><styleUrl>#place</styleUrl><description>name: FCI Colony
place: suburb</description>
<Point><coordinates>82.267046,17.0137047,0</coordinates></Point>
</Placemark>
<Placemark><name>SBI Employees Colony</name><styleUrl>#place</styleUrl><description>name: SBI Employees Colony
place: neighbourhood</description>
<Point><coordinates>82.2620101,17.0156904,0</coordinates></Point>
</Placemark>
<Placemark><name>Teacher's Colony</name><styleUrl>#place</styleUrl><description>name: Teacher's Colony
place: neighbourhood</description>
<Point><coordinates>82.2569224,17.0180981,0</coordinates></Point>
</Placemark>
<Placemark><name>Kakinada Industrial Area</name><styleUrl>#place</styleUrl><description>name: Kakinada Industrial Area
place: suburb</description>
<Point><coordinates>82.2751218,17.0139348,0</coordinates></Point>
</Placemark>
<Placemark><name>Agastya Nagar</name><styleUrl>#place</styleUrl><description>name: Agastya Nagar
place: neighbourhood</description>
<Point><coordinates>82.2699289,17.0194972,0</coordinates></Point>
</Placemark>
<Placemark><name>Bapnnadora Colony</name><styleUrl>#place</styleUrl><description>name: Bapnnadora Colony
place: neighbourhood</description>
<Point><coordinates>82.2472889,17.009188,0</coordinates></Point>
</Placemark>
<Placemark><name>Anjaneya Nagar</name><styleUrl>#place</styleUrl><description>name: Anjaneya Nagar
place: neighbourhood</description>
<Point><coordinates>82.2474064,17.0122333,0</coordinates></Point>
</Placemark>
<Placemark><name>Maruti Nagar</name><styleUrl>#place</styleUrl><description>name: Maruti Nagar
place: neighbourhood</description>
<Point><coordinates>82.2465698,17.0163665,0</coordinates></Point>
</Placemark>
<Placemark><name>Kanumuri Colony</name><styleUrl>#place</styleUrl><description>name: Kanumuri Colony
place: suburb</description>
<Point><coordinates>82.2444259,17.0244039,0</coordinates></Point>
</Placemark>
<Placemark><name>Kotturu</name><styleUrl>#place</styleUrl><description>name: Kotturu
place: neighbourhood</description>
<Point><coordinates>82.2568454,17.0202046,0</coordinates></Point>
</Placemark>
<Placemark><name>Barma colony</name><styleUrl>#place</styleUrl><description>name: Barma colony
place: neighbourhood</description>
<Point><coordinates>82.2607959,17.021447,0</coordinates></Point>
</Placemark>
</Folder>
<Folder><name>water (5)</name>
<Placemark><name>water</name><styleUrl>#water</styleUrl><description>natural: water</description>
<Polygon><outerBoundaryIs><LinearRing><coordinates>82.2596157,16.983822,0 82.2602079,16.9839222,0 82.26032,16.9838476,0 82.2604614,16.983181,0 82.2603712,16.9830295,0 82.2603688,16.9827288,0 82.2604492,16.9821484,0 82.260532,16.9818361,0 82.2607173,16.9817079,0 82.2607002,16.9814655,0 82.2608611,16.9810296,0 82.2600154,16.9809783,0 82.2598204,16.9815238,0 82.2593403,16.981631,0 82.25935,16.9821321,0 82.2594158,16.9828733,0 82.2595694,16.9832766,0 82.2596157,16.983822,0</coordinates></LinearRing></outerBoundaryIs></Polygon>
</Placemark>
<Placemark><name>water</name><styleUrl>#water</styleUrl><description>natural: water</description>
<Polygon><outerBoundaryIs><LinearRing><coordinates>82.2592696,16.9839712,0 82.2592233,16.9832486,0 82.2583605,16.983181,0 82.2574978,16.9832183,0 82.2576075,16.9837801,0 82.2582582,16.9839083,0 82.2590405,16.9839828,0 82.2592696,16.9839712,0</coordinates></LinearRing></outerBoundaryIs></Polygon>
</Placemark>
<Placemark><name>water</name><styleUrl>#water</styleUrl><description>natural: water</description>
<Polygon><outerBoundaryIs><LinearRing><coordinates>82.248821,16.9917887,0 82.2487539,16.9912848,0 82.2492584,16.9911016,0 82.2496512,16.9910314,0 82.2499641,16.9910558,0 82.2501301,16.9916452,0 82.249648,16.9917826,0 82.249169,16.9918314,0 82.248821,16.9917887,0</coordinates></LinearRing></outerBoundaryIs></Polygon>
</Placemark>
<Placemark><name>water</name><styleUrl>#water</styleUrl><description>natural: water
source: bing</description>
<Polygon><outerBoundaryIs><LinearRing><coordinates>82.2812703,16.9844426,0 82.280876,16.984485,0 82.2806089,16.9846779,0 82.2804522,16.9852135,0 82.2805193,16.9861011,0 82.2802377,16.9866192,0 82.2800526,16.9869168,0 82.2797817,16.9870348,0 82.2795939,16.9871374,0 82.2795081,16.987399,0 82.2796422,16.9876658,0 82.2797227,16.9878095,0 82.2797173,16.9879377,0 82.2794867,16.9884662,0 82.2788751,16.9893537,0 82.2786337,16.9897333,0 82.278505,16.9902002,0 82.2782743,16.9911904,0 82.2785904,16.9928848,0 82.2788,16.9938119,0 82.2791487,16.9948482,0 82.2794276,16.9953458,0 82.2795457,16.99571,0 82.2796476,16.9963,0 82.2797978,16.9971106,0 82.2800301,16.9975661,0 82.2806883,16.9987676,0 82.2808224,16.9990446,0 82.2812081,17.0000444,0 82.2814071,17.0003476,0 82.281788,17.0000501,0 82.2819918,16.9995961,0 82.2820196,16.9993936,0 82.2819918,16.9989292,0 82.2818953,16.9987086,0 82.2816807,16.9983264,0 82.281676,16.9982488,0 82.2817129,16.9982148,0 82.2817907,16.9982007,0 82.2822279,16.9986496,0 82.2821474,16.9988548,0 82.282083,16.9991985,0 82.2820803,16.999455,0 82.2822332,16.9998603,0 82.2824122,17.0007203,0 82.2828609,17.001666,0 82.2829145,17.0021226,0 82.2828716,17.0023945,0 82.2829306,17.0029075,0 82.2831666,17.0033538,0 82.2835117,17.0039245,0 82.283856,17.0043028,0 82.2841923,17.0046004,0 82.2843227,17.0048466,0 82.2843683,17.0051031,0 82.2842717,17.0054673,0 82.2843254,17.0058418,0 82.2844648,17.0061752,0 82.2847438,17.0069088,0 82.2850561,17.0074541,0 82.2855538,17.0081964,0 82.2856986,17.0091146,0 82.2857845,17.0094942,0 82.2861032,17.0101075,0 82.2864175,17.0108023,0 82.2866857,17.0113563,0 82.2868305,17.0119975,0 82.2869271,17.0126336,0 82.286959,17.0127861,0 82.2869861,17.0129157,0 82.2872114,17.0136493,0 82.2872275,17.0142392,0 82.287255,17.0148635,0 82.2872844,17.0149986,0 82.2872936,17.0150406,0 82.2873015,17.0150769,0 82.287318,17.0151529,0 82.2873858,17.0154642,0 82.2875708,17.0159679,0 82.2877,17.0165405,0 82.2876781,17.0169014,0 82.2877586,17.0173785,0 82.288118,17.0183787,0 82.288515,17.0192713,0 82.2889012,17.0201484,0 82.2891533,17.0209999,0 82.2893679,17.0217026,0 82.2894108,17.0220566,0 82.2894913,17.0223746,0 82.2896951,17.022154,0 82.2895585,17.0210711,0 82.2893465,17.0202613,0 82.2890675,17.0187173,0 82.2884801,17.0173811,0 82.2881502,17.016132,0 82.2879142,17.0153933,0 82.2877707,17.0148968,0 82.2877318,17.0147624,0 82.2877693,17.0146855,0 82.2879316,17.014656,0 82.2880161,17.0145931,0 82.2880214,17.0144059,0 82.2879946,17.0142135,0 82.2878712,17.0140186,0 82.2875655,17.0135672,0 82.2873938,17.012926,0 82.2873831,17.0123258,0 82.2873938,17.0118642,0 82.2872865,17.0116487,0 82.2871953,17.0109613,0 82.2870398,17.0104484,0 82.2866791,17.0099323,0 82.2863531,17.0094737,0 82.2862673,17.0090018,0 82.2858918,17.0073961,0 82.2854733,17.0066985,0 82.2851461,17.0062984,0 82.2850603,17.0056674,0 82.2850925,17.0052236,0 82.2850817,17.0048799,0 82.2850281,17.0045747,0 82.2848672,17.003877,0 82.2845373,17.0035744,0 82.2842932,17.0034795,0 82.2840464,17.0029075,0 82.2840893,17.0021431,0 82.2839043,17.0014963,0 82.2835422,17.0009222,0 82.2833115,17.0005118,0 82.2831666,17.0001989,0 82.2830594,16.9998859,0 82.2830666,16.9995688,0 82.2831452,16.9989677,0 82.2832444,16.9986214,0 82.2832713,16.9983828,0 82.2832283,16.9982135,0 82.2831345,16.9980596,0 82.283003,16.9979596,0 82.2825471,16.9975697,0 82.2821766,16.9972407,0 82.2821152,16.9970875,0 82.2820616,16.996613,0 82.2820777,16.9960897,0 82.2821313,16.9958229,0 82.2821689,16.9955048,0 82.2820777,16.9952689,0 82.2818899,16.9949354,0 82.2816431,16.9941146,0 82.2815144,16.9934066,0 82.2814071,16.9927705,0 82.281214,16.9910159,0 82.2809458,16.9898462,0 82.2805595,16.9891023,0 82.2803503,16.9886714,0 82.2803128,16.9882661,0 82.2804281,16.9879634,0 82.2805488,16.9878479,0 82.2807741,16.9877864,0 82.280986,16.9877376,0 82.2811416,16.9875017,0 82.2811295,16.9873477,0 82.2810853,16.9872528,0 82.2809431,16.9871554,0 82.2808975,16.9870784,0 82.280919,16.9869989,0 82.2811764,16.9869168,0 82.2813213,16.9868091,0 82.2814339,16.9865782,0 82.2814232,16.9863524,0 82.2812998,16.9861165,0 82.2810906,16.9860036,0 82.2810531,16.9859164,0 82.2810852,16.9855727,0 82.2812247,16.9852545,0 82.2814146,16.9849208,0 82.2812703,16.9844426,0</coordinates></LinearRing></outerBoundaryIs></Polygon>
</Placemark>
<Placemark><name>boat club pond</name><styleUrl>#water</styleUrl><description>area: yes
leisure: boating
name: boat club pond
natural: water
water: pond</description>
<Polygon><outerBoundaryIs><LinearRing><coordinates>82.2444854,16.9942014,0 82.2449262,16.993889,0 82.2439501,16.9921138,0 82.2436765,16.9922523,0 82.2435048,16.991924,0 82.2435665,16.9915726,0 82.2420833,16.9893729,0 82.241984,16.989396,0 82.2418338,16.9891818,0 82.2418942,16.9891036,0 82.2411163,16.9880096,0 82.24089,16.9880295,0 82.2406939,16.9880968,0 82.2406872,16.9882019,0 82.2407027,16.9884351,0 82.2409648,16.9893229,0 82.241343,16.9902207,0 82.2415012,16.9905003,0 82.2417158,16.9910954,0 82.2418231,16.9913237,0 82.2419438,16.9916085,0 82.2420216,16.9916521,0 82.2420913,16.9917367,0 82.2420924,16.9918636,0 82.2423917,16.9922805,0 82.2429925,16.9930218,0 82.2438616,16.9938145,0 82.2444854,16.9942014,0</coordinates></LinearRing></outerBoundaryIs></Polygon>
</Placemark>
</Folder>
<Folder><name>waterway (4)</name>
<Placemark><name>waterway</name><styleUrl>#waterway</styleUrl><description>waterway: canal</description>
<LineString><tessellate>1</tessellate><coordinates>82.2814382,17.0329495,0 82.2811209,17.0326211,0 82.2807062,17.032404,0 82.280726,17.0321869,0 82.2816737,17.0317055,0 82.2818712,17.0312618,0 82.2817626,17.0311297,0 82.2814565,17.0311297,0 82.2809629,17.0314978,0 82.2806865,17.0313656,0 82.2807062,17.0309503,0 82.2809049,17.030546,0 82.2805959,17.0300796,0 82.2805634,17.0297219,0 82.2818155,17.0292555,0 82.2821245,17.0278872,0 82.2822871,17.0263167,0 82.2826286,17.0258036,0 82.2833116,17.0258969,0 82.2838483,17.0270631,0 82.2843686,17.0273274,0 82.2856208,17.0268765,0 82.286873,17.027203,0 82.2876861,17.0269698,0 82.28793,17.0265189,0 82.287621,17.0257103,0 82.2880438,17.0248862,0 82.2884341,17.0245597,0 82.2888244,17.0239532,0 82.2887919,17.0230358,0 82.2891334,17.0225071,0 82.2894913,17.0223746,0</coordinates></LineString>
</Placemark>
<Placemark><name>waterway</name><styleUrl>#waterway</styleUrl><description>layer: -1
tunnel: culvert
waterway: drain</description>
<LineString><tessellate>1</tessellate><coordinates>82.2599031,17.0065094,0 82.2600715,17.0070815,0</coordinates></LineString>
</Placemark>
<Placemark><name>waterway</name><styleUrl>#waterway</styleUrl><description>layer: -1
tunnel: culvert
waterway: drain</description>
<LineString><tessellate>1</tessellate><coordinates>82.2600715,17.0070815,0 82.260162,17.0070681,0</coordinates></LineString>
</Placemark>
<Placemark><name>waterway</name><styleUrl>#waterway</styleUrl><description>waterway: drain</description>
<LineString><tessellate>1</tessellate><coordinates>82.260162,17.0070681,0 82.2608519,17.0069527,0</coordinates></LineString>
</Placemark>
</Folder>
</Document></kml>